word,group,confidence,method,source_count
me,0,0.75,cluster_phonetic,2946
me,0,0.75,cluster_phonetic,2946
me,0,0.75,cluster_phonetic,2946
me,0,0.75,cluster_phonetic,2946
yeah,1,0.75,cluster_phonetic,1899
yeah,1,0.75,cluster_phonetic,1899
yeah,1,0.75,cluster_phonetic,1899
yeah,1,0.75,cluster_phonetic,1899
yeah,1,0.75,cluster_phonetic,1899
you,2,0.75,cluster_phonetic,1802
you,2,0.75,cluster_phonetic,1802
you,2,0.75,cluster_phonetic,1802
you,2,0.75,cluster_phonetic,4
up,3,0.75,cluster_phonetic,1333
up,3,0.75,cluster_phonetic,1333
up,3,0.75,cluster_phonetic,1333
up,3,0.75,cluster_phonetic,1333
it,4,0.75,cluster_phonetic,1205
it,4,0.75,cluster_phonetic,1205
it,4,0.75,cluster_phonetic,1205
it,4,0.75,cluster_phonetic,1205
bewitch,5,0.75,cluster_phonetic,4
bewitch,5,0.75,cluster_phonetic,4
bitch,5,0.75,cluster_phonetic,759
bitch,5,0.75,cluster_phonetic,759
bitch,5,0.75,cluster_phonetic,759
bitch,5,0.75,cluster_phonetic,759
bitch,5,0.75,cluster_phonetic,4
ditch,5,0.75,cluster_phonetic,7
ditch,5,0.75,cluster_phonetic,7
ditch,5,0.75,cluster_phonetic,7
ditch,5,0.75,cluster_phonetic,7
ditch,5,0.75,cluster_phonetic,4
fitch,5,0.75,cluster_phonetic,4
hitch,5,0.75,cluster_phonetic,4
itch,5,0.75,cluster_phonetic,8
itch,5,0.75,cluster_phonetic,8
itch,5,0.75,cluster_phonetic,8
itch,5,0.75,cluster_phonetic,8
itch,5,0.75,cluster_phonetic,4
pitch,5,0.75,cluster_phonetic,11
pitch,5,0.75,cluster_phonetic,11
pitch,5,0.75,cluster_phonetic,11
pitch,5,0.75,cluster_phonetic,11
pitch,5,0.75,cluster_phonetic,4
snitch,5,0.75,cluster_phonetic,10
snitch,5,0.75,cluster_phonetic,10
snitch,5,0.75,cluster_phonetic,10
snitch,5,0.75,cluster_phonetic,10
snitch,5,0.75,cluster_phonetic,10
stitch,5,0.75,cluster_phonetic,4
switch,5,0.75,cluster_phonetic,12
switch,5,0.75,cluster_phonetic,12
switch,5,0.75,cluster_phonetic,12
switch,5,0.75,cluster_phonetic,12
switch,5,0.75,cluster_phonetic,4
twitch,5,0.75,cluster_phonetic,4
witch,5,0.75,cluster_phonetic,4
baby,6,0.75,cluster_phonetic,651
baby,6,0.75,cluster_phonetic,651
baby,6,0.75,cluster_phonetic,651
baby,6,0.75,cluster_phonetic,651
baby,6,0.75,cluster_phonetic,651
bigga,7,0.75,cluster_phonetic,5
bigga,7,0.75,cluster_phonetic,5
bigga,7,0.75,cluster_phonetic,5
bigga,7,0.75,cluster_phonetic,5
bigga,7,0.75,cluster_phonetic,5
nigga,7,0.75,cluster_phonetic,585
nigga,7,0.75,cluster_phonetic,585
nigga,7,0.75,cluster_phonetic,585
nigga,7,0.75,cluster_phonetic,585
nigga,7,0.75,cluster_phonetic,585
now,8,0.75,cluster_phonetic,536
now,8,0.75,cluster_phonetic,536
now,8,0.75,cluster_phonetic,536
now,8,0.75,cluster_phonetic,536
now,8,0.75,cluster_phonetic,536
that,9,0.75,cluster_phonetic,486
that,9,0.75,cluster_phonetic,486
that,9,0.75,cluster_phonetic,486
that,9,0.75,cluster_phonetic,4
ayy,10,0.75,cluster_phonetic,479
ayy,10,0.75,cluster_phonetic,479
ayy,10,0.75,cluster_phonetic,479
ayy,10,0.75,cluster_phonetic,479
ayy,10,0.75,cluster_phonetic,479
know,11,0.75,cluster_phonetic,451
know,11,0.75,cluster_phonetic,451
know,11,0.75,cluster_phonetic,451
know,11,0.75,cluster_phonetic,451
know,11,0.75,cluster_phonetic,4
go,12,0.75,cluster_phonetic,436
go,12,0.75,cluster_phonetic,436
go,12,0.75,cluster_phonetic,436
go,12,0.75,cluster_phonetic,436
time,13,0.75,cluster_phonetic,423
time,13,0.75,cluster_phonetic,423
time,13,0.75,cluster_phonetic,423
time,13,0.75,cluster_phonetic,423
time,13,0.75,cluster_phonetic,4
down,14,0.75,cluster_phonetic,410
down,14,0.75,cluster_phonetic,403
down,14,0.75,cluster_phonetic,403
down,14,0.75,cluster_phonetic,403
down,14,0.75,cluster_phonetic,403
shit,15,0.75,cluster_phonetic,392
shit,15,0.75,cluster_phonetic,392
shit,15,0.75,cluster_phonetic,392
shit,15,0.75,cluster_phonetic,392
shit,15,0.75,cluster_phonetic,392
life,16,0.75,cluster_phonetic,373
life,16,0.75,cluster_phonetic,373
life,16,0.75,cluster_phonetic,373
life,16,0.75,cluster_phonetic,373
life,16,0.75,cluster_phonetic,373
way,17,0.75,cluster_phonetic,368
way,17,0.75,cluster_phonetic,368
way,17,0.75,cluster_phonetic,368
way,17,0.75,cluster_phonetic,368
way,17,0.75,cluster_phonetic,4
oh,18,0.75,cluster_phonetic,350
oh,18,0.75,cluster_phonetic,350
oh,18,0.75,cluster_phonetic,350
oh,18,0.75,cluster_phonetic,350
back,19,0.75,cluster_phonetic,309
back,19,0.75,cluster_phonetic,309
back,19,0.75,cluster_phonetic,309
back,19,0.75,cluster_phonetic,309
back,19,0.75,cluster_phonetic,4
out,20,0.75,cluster_phonetic,304
out,20,0.75,cluster_phonetic,304
out,20,0.75,cluster_phonetic,304
out,20,0.75,cluster_phonetic,304
alight,21,0.75,cluster_phonetic,4
alight,21,0.75,cluster_phonetic,4
alright,21,0.75,cluster_phonetic,106
alright,21,0.75,cluster_phonetic,106
alright,21,0.75,cluster_phonetic,106
alright,21,0.75,cluster_phonetic,106
alright,21,0.75,cluster_phonetic,106
benight,21,0.75,cluster_phonetic,4
benight,21,0.75,cluster_phonetic,4
blight,21,0.75,cluster_phonetic,4
blight,21,0.75,cluster_phonetic,4
bright,21,0.75,cluster_phonetic,32
bright,21,0.75,cluster_phonetic,32
bright,21,0.75,cluster_phonetic,32
bright,21,0.75,cluster_phonetic,32
bright,21,0.75,cluster_phonetic,4
delight,21,0.75,cluster_phonetic,4
delight,21,0.75,cluster_phonetic,4
fight,21,0.75,cluster_phonetic,62
fight,21,0.75,cluster_phonetic,62
fight,21,0.75,cluster_phonetic,62
fight,21,0.75,cluster_phonetic,62
fight,21,0.75,cluster_phonetic,4
flight,21,0.75,cluster_phonetic,11
flight,21,0.75,cluster_phonetic,11
flight,21,0.75,cluster_phonetic,11
flight,21,0.75,cluster_phonetic,11
flight,21,0.75,cluster_phonetic,4
fright,21,0.75,cluster_phonetic,6
fright,21,0.75,cluster_phonetic,6
fright,21,0.75,cluster_phonetic,6
fright,21,0.75,cluster_phonetic,6
fright,21,0.75,cluster_phonetic,4
height,21,0.75,cluster_phonetic,13
height,21,0.75,cluster_phonetic,13
height,21,0.75,cluster_phonetic,13
height,21,0.75,cluster_phonetic,13
height,21,0.75,cluster_phonetic,4
knight,21,0.75,cluster_phonetic,4
light,21,0.75,cluster_phonetic,69
light,21,0.75,cluster_phonetic,69
light,21,0.75,cluster_phonetic,69
light,21,0.75,cluster_phonetic,69
light,21,0.75,cluster_phonetic,4
might,21,0.75,cluster_phonetic,30
might,21,0.75,cluster_phonetic,30
might,21,0.75,cluster_phonetic,30
might,21,0.75,cluster_phonetic,30
might,21,0.75,cluster_phonetic,30
night,21,0.75,cluster_phonetic,201
night,21,0.75,cluster_phonetic,201
night,21,0.75,cluster_phonetic,201
night,21,0.75,cluster_phonetic,201
night,21,0.75,cluster_phonetic,4
overnight,21,0.75,cluster_phonetic,4
overnight,21,0.75,cluster_phonetic,4
overnight,21,0.75,cluster_phonetic,4
overnight,21,0.75,cluster_phonetic,4
overnight,21,0.75,cluster_phonetic,4
plight,21,0.75,cluster_phonetic,4
right,21,0.75,cluster_phonetic,297
right,21,0.75,cluster_phonetic,297
right,21,0.75,cluster_phonetic,297
right,21,0.75,cluster_phonetic,297
right,21,0.75,cluster_phonetic,4
sight,21,0.75,cluster_phonetic,54
sight,21,0.75,cluster_phonetic,54
sight,21,0.75,cluster_phonetic,54
sight,21,0.75,cluster_phonetic,54
sight,21,0.75,cluster_phonetic,4
sleight,21,0.75,cluster_phonetic,4
slight,21,0.75,cluster_phonetic,4
tight,21,0.75,cluster_phonetic,28
tight,21,0.75,cluster_phonetic,28
tight,21,0.75,cluster_phonetic,28
tight,21,0.75,cluster_phonetic,28
tight,21,0.75,cluster_phonetic,4
tonight,21,0.75,cluster_phonetic,131
tonight,21,0.75,cluster_phonetic,131
tonight,21,0.75,cluster_phonetic,131
tonight,21,0.75,cluster_phonetic,131
tonight,21,0.75,cluster_phonetic,131
upright,21,0.75,cluster_phonetic,4
wight,21,0.75,cluster_phonetic,4
do,22,0.75,cluster_phonetic,284
do,22,0.75,cluster_phonetic,284
do,22,0.75,cluster_phonetic,284
do,22,0.75,cluster_phonetic,284
honey,23,0.75,cluster_phonetic,7
honey,23,0.75,cluster_phonetic,7
honey,23,0.75,cluster_phonetic,7
honey,23,0.75,cluster_phonetic,7
honey,23,0.75,cluster_phonetic,4
money,23,0.75,cluster_phonetic,281
money,23,0.75,cluster_phonetic,281
money,23,0.75,cluster_phonetic,281
money,23,0.75,cluster_phonetic,281
money,23,0.75,cluster_phonetic,281
no,24,0.75,cluster_phonetic,263
no,24,0.75,cluster_phonetic,263
no,24,0.75,cluster_phonetic,263
no,24,0.75,cluster_phonetic,263
x,25,0.75,cluster_phonetic,254
x,25,0.75,cluster_phonetic,254
x,25,0.75,cluster_phonetic,254
x,25,0.75,cluster_phonetic,254
adhere,26,0.75,cluster_phonetic,4
cohere,26,0.75,cluster_phonetic,4
here,26,0.75,cluster_phonetic,249
here,26,0.75,cluster_phonetic,249
here,26,0.75,cluster_phonetic,249
here,26,0.75,cluster_phonetic,249
here,26,0.75,cluster_phonetic,4
sphere,26,0.75,cluster_phonetic,4
ooh,27,0.75,cluster_phonetic,245
ooh,27,0.75,cluster_phonetic,245
ooh,27,0.75,cluster_phonetic,245
ooh,27,0.75,cluster_phonetic,245
ooh,27,0.75,cluster_phonetic,245
aye,28,0.75,cluster_phonetic,244
aye,28,0.75,cluster_phonetic,244
aye,28,0.75,cluster_phonetic,244
aye,28,0.75,cluster_phonetic,244
aye,28,0.75,cluster_phonetic,244
girl,29,0.75,cluster_phonetic,239
girl,29,0.75,cluster_phonetic,239
girl,29,0.75,cluster_phonetic,239
girl,29,0.75,cluster_phonetic,239
girl,29,0.75,cluster_phonetic,4
day,30,0.75,cluster_phonetic,232
day,30,0.75,cluster_phonetic,232
day,30,0.75,cluster_phonetic,232
day,30,0.75,cluster_phonetic,232
day,30,0.75,cluster_phonetic,4
to,31,0.75,cluster_phonetic,231
to,31,0.75,cluster_phonetic,231
to,31,0.75,cluster_phonetic,231
to,31,0.75,cluster_phonetic,231
boy,32,0.75,cluster_phonetic,221
boy,32,0.75,cluster_phonetic,221
boy,32,0.75,cluster_phonetic,221
boy,32,0.75,cluster_phonetic,221
boy,32,0.75,cluster_phonetic,221
away,33,0.75,cluster_phonetic,216
away,33,0.75,cluster_phonetic,216
away,33,0.75,cluster_phonetic,216
away,33,0.75,cluster_phonetic,216
away,33,0.75,cluster_phonetic,4
ay,34,0.75,cluster_phonetic,207
ay,34,0.75,cluster_phonetic,207
ay,34,0.75,cluster_phonetic,207
ay,34,0.75,cluster_phonetic,4
on,35,0.75,cluster_phonetic,205
on,35,0.75,cluster_phonetic,205
on,35,0.75,cluster_phonetic,205
on,35,0.75,cluster_phonetic,4
like,36,0.75,cluster_phonetic,200
like,36,0.75,cluster_phonetic,200
like,36,0.75,cluster_phonetic,200
like,36,0.75,cluster_phonetic,200
like,36,0.75,cluster_phonetic,200
crazy,37,0.75,cluster_phonetic,200
crazy,37,0.75,cluster_phonetic,200
crazy,37,0.75,cluster_phonetic,200
crazy,37,0.75,cluster_phonetic,200
crazy,37,0.75,cluster_phonetic,4
us,38,0.75,cluster_phonetic,190
us,38,0.75,cluster_phonetic,190
us,38,0.75,cluster_phonetic,190
us,38,0.75,cluster_phonetic,4
deface,39,0.75,cluster_phonetic,4
deface,39,0.75,cluster_phonetic,4
efface,39,0.75,cluster_phonetic,4
face,39,0.75,cluster_phonetic,189
face,39,0.75,cluster_phonetic,189
face,39,0.75,cluster_phonetic,189
face,39,0.75,cluster_phonetic,189
face,39,0.75,cluster_phonetic,4
yuh,40,0.75,cluster_phonetic,183
yuh,40,0.75,cluster_phonetic,183
yuh,40,0.75,cluster_phonetic,183
yuh,40,0.75,cluster_phonetic,183
yuh,40,0.75,cluster_phonetic,183
be,41,0.75,cluster_phonetic,180
be,41,0.75,cluster_phonetic,180
be,41,0.75,cluster_phonetic,180
be,41,0.75,cluster_phonetic,180
real,42,0.75,cluster_phonetic,178
real,42,0.75,cluster_phonetic,176
real,42,0.75,cluster_phonetic,176
real,42,0.75,cluster_phonetic,176
real,42,0.75,cluster_phonetic,176
surreal,42,0.75,cluster_phonetic,12
surreal,42,0.75,cluster_phonetic,12
surreal,42,0.75,cluster_phonetic,12
surreal,42,0.75,cluster_phonetic,12
surreal,42,0.75,cluster_phonetic,12
hai,43,0.75,cluster_phonetic,175
hai,43,0.75,cluster_phonetic,175
hai,43,0.75,cluster_phonetic,175
hai,43,0.75,cluster_phonetic,175
hai,43,0.75,cluster_phonetic,175
mind,44,0.75,cluster_phonetic,174
mind,44,0.75,cluster_phonetic,174
mind,44,0.75,cluster_phonetic,174
mind,44,0.75,cluster_phonetic,174
mind,44,0.75,cluster_phonetic,4
remind,44,0.75,cluster_phonetic,4
man,45,0.75,cluster_phonetic,173
man,45,0.75,cluster_phonetic,173
man,45,0.75,cluster_phonetic,173
man,45,0.75,cluster_phonetic,173
man,45,0.75,cluster_phonetic,4
say,46,0.75,cluster_phonetic,172
say,46,0.75,cluster_phonetic,172
say,46,0.75,cluster_phonetic,172
say,46,0.75,cluster_phonetic,172
say,46,0.75,cluster_phonetic,4
huh,47,0.75,cluster_phonetic,171
huh,47,0.75,cluster_phonetic,171
huh,47,0.75,cluster_phonetic,171
huh,47,0.75,cluster_phonetic,171
huh,47,0.75,cluster_phonetic,171
die,48,0.75,cluster_phonetic,171
die,48,0.75,cluster_phonetic,171
die,48,0.75,cluster_phonetic,171
die,48,0.75,cluster_phonetic,171
die,48,0.75,cluster_phonetic,4
ya,49,0.75,cluster_phonetic,170
ya,49,0.75,cluster_phonetic,170
ya,49,0.75,cluster_phonetic,170
ya,49,0.75,cluster_phonetic,170
bag,50,0.75,cluster_phonetic,163
bag,50,0.75,cluster_phonetic,163
bag,50,0.75,cluster_phonetic,163
bag,50,0.75,cluster_phonetic,163
bag,50,0.75,cluster_phonetic,163
hey,51,0.75,cluster_phonetic,147
hey,51,0.75,cluster_phonetic,147
hey,51,0.75,cluster_phonetic,147
hey,51,0.75,cluster_phonetic,147
hey,51,0.75,cluster_phonetic,147
mine,52,0.75,cluster_phonetic,142
mine,52,0.75,cluster_phonetic,142
mine,52,0.75,cluster_phonetic,142
mine,52,0.75,cluster_phonetic,142
mine,52,0.75,cluster_phonetic,142
this,53,0.75,cluster_phonetic,142
this,53,0.75,cluster_phonetic,142
this,53,0.75,cluster_phonetic,142
this,53,0.75,cluster_phonetic,4
stay,54,0.75,cluster_phonetic,140
stay,54,0.75,cluster_phonetic,140
stay,54,0.75,cluster_phonetic,140
stay,54,0.75,cluster_phonetic,140
stay,54,0.75,cluster_phonetic,140
bounce,55,0.75,cluster_phonetic,140
bounce,55,0.75,cluster_phonetic,140
bounce,55,0.75,cluster_phonetic,140
bounce,55,0.75,cluster_phonetic,140
bounce,55,0.75,cluster_phonetic,4
flounce,55,0.75,cluster_phonetic,4
pounce,55,0.75,cluster_phonetic,4
too,56,0.75,cluster_phonetic,139
too,56,0.75,cluster_phonetic,139
too,56,0.75,cluster_phonetic,139
too,56,0.75,cluster_phonetic,139
too,56,0.75,cluster_phonetic,4
stop,57,0.75,cluster_phonetic,137
stop,57,0.75,cluster_phonetic,137
stop,57,0.75,cluster_phonetic,137
stop,57,0.75,cluster_phonetic,137
stop,57,0.75,cluster_phonetic,137
low,58,0.75,cluster_phonetic,137
low,58,0.75,cluster_phonetic,137
low,58,0.75,cluster_phonetic,137
low,58,0.75,cluster_phonetic,137
low,58,0.75,cluster_phonetic,4
see,59,0.75,cluster_phonetic,133
see,59,0.75,cluster_phonetic,133
see,59,0.75,cluster_phonetic,133
see,59,0.75,cluster_phonetic,133
see,59,0.75,cluster_phonetic,4
name,60,0.75,cluster_phonetic,129
name,60,0.75,cluster_phonetic,129
name,60,0.75,cluster_phonetic,129
name,60,0.75,cluster_phonetic,129
name,60,0.75,cluster_phonetic,4
woah,61,0.75,cluster_phonetic,125
woah,61,0.75,cluster_phonetic,125
woah,61,0.75,cluster_phonetic,125
woah,61,0.75,cluster_phonetic,125
woah,61,0.75,cluster_phonetic,125
okay,62,0.75,cluster_phonetic,122
okay,62,0.75,cluster_phonetic,122
okay,62,0.75,cluster_phonetic,122
okay,62,0.75,cluster_phonetic,122
okay,62,0.75,cluster_phonetic,122
himself,63,0.75,cluster_phonetic,4
myself,63,0.75,cluster_phonetic,122
myself,63,0.75,cluster_phonetic,120
myself,63,0.75,cluster_phonetic,120
myself,63,0.75,cluster_phonetic,120
myself,63,0.75,cluster_phonetic,120
self,63,0.75,cluster_phonetic,10
self,63,0.75,cluster_phonetic,10
self,63,0.75,cluster_phonetic,10
self,63,0.75,cluster_phonetic,10
self,63,0.75,cluster_phonetic,4
yourself,63,0.75,cluster_phonetic,25
yourself,63,0.75,cluster_phonetic,25
yourself,63,0.75,cluster_phonetic,25
yourself,63,0.75,cluster_phonetic,25
yourself,63,0.75,cluster_phonetic,25
high,64,0.75,cluster_phonetic,121
high,64,0.75,cluster_phonetic,121
high,64,0.75,cluster_phonetic,121
high,64,0.75,cluster_phonetic,121
high,64,0.75,cluster_phonetic,4
thigh,64,0.75,cluster_phonetic,4
lie,65,0.75,cluster_phonetic,120
lie,65,0.75,cluster_phonetic,120
lie,65,0.75,cluster_phonetic,120
lie,65,0.75,cluster_phonetic,120
lie,65,0.75,cluster_phonetic,4
pain,66,0.75,cluster_phonetic,119
pain,66,0.75,cluster_phonetic,119
pain,66,0.75,cluster_phonetic,119
pain,66,0.75,cluster_phonetic,119
pain,66,0.75,cluster_phonetic,4
today,67,0.75,cluster_phonetic,118
today,67,0.75,cluster_phonetic,118
today,67,0.75,cluster_phonetic,118
today,67,0.75,cluster_phonetic,118
today,67,0.75,cluster_phonetic,118
ass,68,0.75,cluster_phonetic,117
ass,68,0.75,cluster_phonetic,117
ass,68,0.75,cluster_phonetic,117
ass,68,0.75,cluster_phonetic,117
ass,68,0.75,cluster_phonetic,4
yo,69,0.75,cluster_phonetic,116
yo,69,0.75,cluster_phonetic,116
yo,69,0.75,cluster_phonetic,116
yo,69,0.75,cluster_phonetic,116
house,70,0.75,cluster_phonetic,115
house,70,0.75,cluster_phonetic,115
house,70,0.75,cluster_phonetic,115
house,70,0.75,cluster_phonetic,115
house,70,0.75,cluster_phonetic,4
uh,71,0.75,cluster_phonetic,111
uh,71,0.75,cluster_phonetic,111
uh,71,0.75,cluster_phonetic,111
uh,71,0.75,cluster_phonetic,111
all,72,0.75,cluster_phonetic,110
all,72,0.75,cluster_phonetic,110
all,72,0.75,cluster_phonetic,110
all,72,0.75,cluster_phonetic,110
all,72,0.75,cluster_phonetic,4
top,73,0.75,cluster_phonetic,109
top,73,0.75,cluster_phonetic,109
top,73,0.75,cluster_phonetic,109
top,73,0.75,cluster_phonetic,109
top,73,0.75,cluster_phonetic,109
them,74,0.75,cluster_phonetic,108
them,74,0.75,cluster_phonetic,108
them,74,0.75,cluster_phonetic,108
them,74,0.75,cluster_phonetic,4
fuck,75,0.75,cluster_phonetic,105
fuck,75,0.75,cluster_phonetic,105
fuck,75,0.75,cluster_phonetic,105
fuck,75,0.75,cluster_phonetic,105
fuck,75,0.75,cluster_phonetic,105
niggas,76,0.75,cluster_phonetic,105
niggas,76,0.75,cluster_phonetic,105
niggas,76,0.75,cluster_phonetic,105
niggas,76,0.75,cluster_phonetic,105
niggas,76,0.75,cluster_phonetic,105
o,77,0.75,cluster_phonetic,104
o,77,0.75,cluster_phonetic,104
o,77,0.75,cluster_phonetic,104
o,77,0.75,cluster_phonetic,104
feel,78,0.75,cluster_phonetic,104
feel,78,0.75,cluster_phonetic,104
feel,78,0.75,cluster_phonetic,104
feel,78,0.75,cluster_phonetic,104
feel,78,0.75,cluster_phonetic,4
i,79,0.75,cluster_phonetic,100
i,79,0.75,cluster_phonetic,100
i,79,0.75,cluster_phonetic,100
i,79,0.75,cluster_phonetic,100
asleep,80,0.75,cluster_phonetic,32
asleep,80,0.75,cluster_phonetic,32
asleep,80,0.75,cluster_phonetic,32
asleep,80,0.75,cluster_phonetic,32
asleep,80,0.75,cluster_phonetic,4
bleep,80,0.75,cluster_phonetic,4
sleep,80,0.75,cluster_phonetic,98
sleep,80,0.75,cluster_phonetic,98
sleep,80,0.75,cluster_phonetic,98
sleep,80,0.75,cluster_phonetic,98
sleep,80,0.75,cluster_phonetic,4
game,81,0.75,cluster_phonetic,98
game,81,0.75,cluster_phonetic,98
game,81,0.75,cluster_phonetic,98
game,81,0.75,cluster_phonetic,98
game,81,0.75,cluster_phonetic,4
fake,82,0.75,cluster_phonetic,97
fake,82,0.75,cluster_phonetic,97
fake,82,0.75,cluster_phonetic,97
fake,82,0.75,cluster_phonetic,97
fake,82,0.75,cluster_phonetic,4
one,83,0.75,cluster_phonetic,95
one,83,0.75,cluster_phonetic,95
one,83,0.75,cluster_phonetic,95
one,83,0.75,cluster_phonetic,95
one,83,0.75,cluster_phonetic,95
anymore,84,0.75,cluster_phonetic,15
anymore,84,0.75,cluster_phonetic,15
anymore,84,0.75,cluster_phonetic,15
anymore,84,0.75,cluster_phonetic,15
anymore,84,0.75,cluster_phonetic,15
more,84,0.75,cluster_phonetic,95
more,84,0.75,cluster_phonetic,95
more,84,0.75,cluster_phonetic,95
more,84,0.75,cluster_phonetic,95
more,84,0.75,cluster_phonetic,95
cough,85,0.75,cluster_phonetic,4
enough,85,0.75,cluster_phonetic,95
enough,85,0.75,cluster_phonetic,95
enough,85,0.75,cluster_phonetic,95
enough,85,0.75,cluster_phonetic,95
enough,85,0.75,cluster_phonetic,4
hough,85,0.75,cluster_phonetic,4
rough,85,0.75,cluster_phonetic,7
rough,85,0.75,cluster_phonetic,7
rough,85,0.75,cluster_phonetic,7
rough,85,0.75,cluster_phonetic,7
rough,85,0.75,cluster_phonetic,4
slough,85,0.75,cluster_phonetic,4
tough,85,0.75,cluster_phonetic,7
tough,85,0.75,cluster_phonetic,7
tough,85,0.75,cluster_phonetic,7
tough,85,0.75,cluster_phonetic,7
tough,85,0.75,cluster_phonetic,4
trough,85,0.75,cluster_phonetic,4
ahead,86,0.75,cluster_phonetic,6
ahead,86,0.75,cluster_phonetic,6
ahead,86,0.75,cluster_phonetic,6
ahead,86,0.75,cluster_phonetic,6
ahead,86,0.75,cluster_phonetic,6
behead,86,0.75,cluster_phonetic,4
head,86,0.75,cluster_phonetic,94
head,86,0.75,cluster_phonetic,94
head,86,0.75,cluster_phonetic,94
head,86,0.75,cluster_phonetic,94
head,86,0.75,cluster_phonetic,4
love,87,0.75,cluster_phonetic,93
love,87,0.75,cluster_phonetic,93
love,87,0.75,cluster_phonetic,93
love,87,0.75,cluster_phonetic,93
love,87,0.75,cluster_phonetic,93
in,88,0.75,cluster_phonetic,92
in,88,0.75,cluster_phonetic,92
in,88,0.75,cluster_phonetic,92
in,88,0.75,cluster_phonetic,92
again,89,0.75,cluster_phonetic,92
again,89,0.75,cluster_phonetic,92
again,89,0.75,cluster_phonetic,92
again,89,0.75,cluster_phonetic,92
again,89,0.75,cluster_phonetic,92
gain,89,0.75,cluster_phonetic,4
gain,89,0.75,cluster_phonetic,4
regain,89,0.75,cluster_phonetic,4
off,90,0.75,cluster_phonetic,91
off,90,0.75,cluster_phonetic,91
off,90,0.75,cluster_phonetic,91
off,90,0.75,cluster_phonetic,91
off,90,0.75,cluster_phonetic,91
alone,91,0.75,cluster_phonetic,90
alone,91,0.75,cluster_phonetic,90
alone,91,0.75,cluster_phonetic,90
alone,91,0.75,cluster_phonetic,90
alone,91,0.75,cluster_phonetic,4
cyclone,91,0.75,cluster_phonetic,4
lone,91,0.75,cluster_phonetic,4
block,92,0.75,cluster_phonetic,90
block,92,0.75,cluster_phonetic,90
block,92,0.75,cluster_phonetic,90
block,92,0.75,cluster_phonetic,90
block,92,0.75,cluster_phonetic,4
clock,92,0.75,cluster_phonetic,8
clock,92,0.75,cluster_phonetic,8
clock,92,0.75,cluster_phonetic,8
clock,92,0.75,cluster_phonetic,8
clock,92,0.75,cluster_phonetic,4
flock,92,0.75,cluster_phonetic,4
flock,92,0.75,cluster_phonetic,4
flock,92,0.75,cluster_phonetic,4
flock,92,0.75,cluster_phonetic,4
flock,92,0.75,cluster_phonetic,4
glock,92,0.75,cluster_phonetic,23
glock,92,0.75,cluster_phonetic,23
glock,92,0.75,cluster_phonetic,23
glock,92,0.75,cluster_phonetic,23
glock,92,0.75,cluster_phonetic,23
lock,92,0.75,cluster_phonetic,7
lock,92,0.75,cluster_phonetic,7
lock,92,0.75,cluster_phonetic,7
lock,92,0.75,cluster_phonetic,7
lock,92,0.75,cluster_phonetic,4
unlock,92,0.75,cluster_phonetic,4
dough,93,0.75,cluster_phonetic,30
dough,93,0.75,cluster_phonetic,30
dough,93,0.75,cluster_phonetic,30
dough,93,0.75,cluster_phonetic,30
dough,93,0.75,cluster_phonetic,4
though,93,0.75,cluster_phonetic,81
though,93,0.75,cluster_phonetic,81
though,93,0.75,cluster_phonetic,81
though,93,0.75,cluster_phonetic,81
though,93,0.75,cluster_phonetic,4
through,93,0.75,cluster_phonetic,87
through,93,0.75,cluster_phonetic,87
through,93,0.75,cluster_phonetic,87
through,93,0.75,cluster_phonetic,87
through,93,0.75,cluster_phonetic,4
cool,94,0.75,cluster_phonetic,84
cool,94,0.75,cluster_phonetic,84
cool,94,0.75,cluster_phonetic,84
cool,94,0.75,cluster_phonetic,84
cool,94,0.75,cluster_phonetic,84
white,95,0.75,cluster_phonetic,82
white,95,0.75,cluster_phonetic,82
white,95,0.75,cluster_phonetic,82
white,95,0.75,cluster_phonetic,82
white,95,0.75,cluster_phonetic,4
at,96,0.75,cluster_phonetic,81
at,96,0.75,cluster_phonetic,81
at,96,0.75,cluster_phonetic,81
at,96,0.75,cluster_phonetic,81
bands,97,0.75,cluster_phonetic,80
bands,97,0.75,cluster_phonetic,80
bands,97,0.75,cluster_phonetic,80
bands,97,0.75,cluster_phonetic,80
bands,97,0.75,cluster_phonetic,80
hands,97,0.75,cluster_phonetic,30
hands,97,0.75,cluster_phonetic,30
hands,97,0.75,cluster_phonetic,30
hands,97,0.75,cluster_phonetic,30
hands,97,0.75,cluster_phonetic,30
stands,97,0.75,cluster_phonetic,4
work,98,0.75,cluster_phonetic,80
work,98,0.75,cluster_phonetic,80
work,98,0.75,cluster_phonetic,80
work,98,0.75,cluster_phonetic,80
work,98,0.75,cluster_phonetic,4
her,99,0.75,cluster_phonetic,79
her,99,0.75,cluster_phonetic,79
her,99,0.75,cluster_phonetic,79
her,99,0.75,cluster_phonetic,4
babe,100,0.75,cluster_phonetic,79
babe,100,0.75,cluster_phonetic,79
babe,100,0.75,cluster_phonetic,79
babe,100,0.75,cluster_phonetic,79
babe,100,0.75,cluster_phonetic,4
him,101,0.75,cluster_phonetic,79
him,101,0.75,cluster_phonetic,79
him,101,0.75,cluster_phonetic,79
him,101,0.75,cluster_phonetic,4
ho,102,0.75,cluster_phonetic,78
ho,102,0.75,cluster_phonetic,78
ho,102,0.75,cluster_phonetic,78
ho,102,0.75,cluster_phonetic,78
hoe,103,0.75,cluster_phonetic,78
hoe,103,0.75,cluster_phonetic,78
hoe,103,0.75,cluster_phonetic,78
hoe,103,0.75,cluster_phonetic,78
hoe,103,0.75,cluster_phonetic,78
hard,104,0.75,cluster_phonetic,78
hard,104,0.75,cluster_phonetic,78
hard,104,0.75,cluster_phonetic,78
hard,104,0.75,cluster_phonetic,78
hard,104,0.75,cluster_phonetic,4
shard,104,0.75,cluster_phonetic,4
shard,104,0.75,cluster_phonetic,4
gang,105,0.75,cluster_phonetic,78
gang,105,0.75,cluster_phonetic,78
gang,105,0.75,cluster_phonetic,78
gang,105,0.75,cluster_phonetic,78
gang,105,0.75,cluster_phonetic,4
'em,106,0.75,cluster_phonetic,77
'em,106,0.75,cluster_phonetic,77
'em,106,0.75,cluster_phonetic,77
'em,106,0.75,cluster_phonetic,77
yea,107,0.75,cluster_phonetic,77
yea,107,0.75,cluster_phonetic,77
yea,107,0.75,cluster_phonetic,77
yea,107,0.75,cluster_phonetic,77
yea,107,0.75,cluster_phonetic,77
demean,108,0.75,cluster_phonetic,4
mean,108,0.75,cluster_phonetic,77
mean,108,0.75,cluster_phonetic,77
mean,108,0.75,cluster_phonetic,77
mean,108,0.75,cluster_phonetic,77
mean,108,0.75,cluster_phonetic,4
hearty,109,0.75,cluster_phonetic,4
party,109,0.75,cluster_phonetic,74
party,109,0.75,cluster_phonetic,74
party,109,0.75,cluster_phonetic,74
party,109,0.75,cluster_phonetic,74
party,109,0.75,cluster_phonetic,4
g,110,0.75,cluster_phonetic,73
g,110,0.75,cluster_phonetic,73
g,110,0.75,cluster_phonetic,73
g,110,0.75,cluster_phonetic,73
true,111,0.75,cluster_phonetic,73
true,111,0.75,cluster_phonetic,73
true,111,0.75,cluster_phonetic,73
true,111,0.75,cluster_phonetic,73
true,111,0.75,cluster_phonetic,4
ni,112,0.75,cluster_phonetic,72
ni,112,0.75,cluster_phonetic,72
ni,112,0.75,cluster_phonetic,72
ni,112,0.75,cluster_phonetic,72
home,113,0.75,cluster_phonetic,72
home,113,0.75,cluster_phonetic,72
home,113,0.75,cluster_phonetic,72
home,113,0.75,cluster_phonetic,72
home,113,0.75,cluster_phonetic,4
anything,114,0.75,cluster_phonetic,43
anything,114,0.75,cluster_phonetic,43
anything,114,0.75,cluster_phonetic,43
anything,114,0.75,cluster_phonetic,43
anything,114,0.75,cluster_phonetic,43
everything,114,0.75,cluster_phonetic,71
everything,114,0.75,cluster_phonetic,71
everything,114,0.75,cluster_phonetic,71
everything,114,0.75,cluster_phonetic,71
everything,114,0.75,cluster_phonetic,71
free,115,0.75,cluster_phonetic,70
free,115,0.75,cluster_phonetic,70
free,115,0.75,cluster_phonetic,70
free,115,0.75,cluster_phonetic,70
free,115,0.75,cluster_phonetic,70
same,116,0.75,cluster_phonetic,70
same,116,0.75,cluster_phonetic,70
same,116,0.75,cluster_phonetic,70
same,116,0.75,cluster_phonetic,70
same,116,0.75,cluster_phonetic,4
everyday,117,0.75,cluster_phonetic,68
everyday,117,0.75,cluster_phonetic,68
everyday,117,0.75,cluster_phonetic,68
everyday,117,0.75,cluster_phonetic,68
everyday,117,0.75,cluster_phonetic,68
move,118,0.75,cluster_phonetic,68
move,118,0.75,cluster_phonetic,68
move,118,0.75,cluster_phonetic,68
move,118,0.75,cluster_phonetic,68
move,118,0.75,cluster_phonetic,4
sky,119,0.75,cluster_phonetic,68
sky,119,0.75,cluster_phonetic,54
sky,119,0.75,cluster_phonetic,54
sky,119,0.75,cluster_phonetic,54
sky,119,0.75,cluster_phonetic,4
hoes,120,0.75,cluster_phonetic,67
hoes,120,0.75,cluster_phonetic,67
hoes,120,0.75,cluster_phonetic,67
hoes,120,0.75,cluster_phonetic,67
hoes,120,0.75,cluster_phonetic,67
shoes,120,0.75,cluster_phonetic,19
shoes,120,0.75,cluster_phonetic,19
shoes,120,0.75,cluster_phonetic,19
shoes,120,0.75,cluster_phonetic,19
shoes,120,0.75,cluster_phonetic,4
display,121,0.75,cluster_phonetic,4
play,121,0.75,cluster_phonetic,67
play,121,0.75,cluster_phonetic,67
play,121,0.75,cluster_phonetic,67
play,121,0.75,cluster_phonetic,67
play,121,0.75,cluster_phonetic,4
replay,121,0.75,cluster_phonetic,22
replay,121,0.75,cluster_phonetic,22
replay,121,0.75,cluster_phonetic,22
replay,121,0.75,cluster_phonetic,22
replay,121,0.75,cluster_phonetic,22
flow,122,0.75,cluster_phonetic,67
flow,122,0.75,cluster_phonetic,67
flow,122,0.75,cluster_phonetic,67
flow,122,0.75,cluster_phonetic,67
flow,122,0.75,cluster_phonetic,4
before,123,0.75,cluster_phonetic,66
before,123,0.75,cluster_phonetic,66
before,123,0.75,cluster_phonetic,66
before,123,0.75,cluster_phonetic,66
before,123,0.75,cluster_phonetic,66
fore,123,0.75,cluster_phonetic,4
along,124,0.75,cluster_phonetic,18
along,124,0.75,cluster_phonetic,18
along,124,0.75,cluster_phonetic,18
along,124,0.75,cluster_phonetic,18
along,124,0.75,cluster_phonetic,4
belong,124,0.75,cluster_phonetic,5
belong,124,0.75,cluster_phonetic,5
belong,124,0.75,cluster_phonetic,5
belong,124,0.75,cluster_phonetic,5
belong,124,0.75,cluster_phonetic,4
long,124,0.75,cluster_phonetic,66
long,124,0.75,cluster_phonetic,66
long,124,0.75,cluster_phonetic,66
long,124,0.75,cluster_phonetic,66
long,124,0.75,cluster_phonetic,4
prolong,124,0.75,cluster_phonetic,4
pikachu,125,0.75,cluster_phonetic,65
pikachu,125,0.75,cluster_phonetic,65
pikachu,125,0.75,cluster_phonetic,65
pikachu,125,0.75,cluster_phonetic,65
pikachu,125,0.75,cluster_phonetic,65
yah,126,0.75,cluster_phonetic,65
yah,126,0.75,cluster_phonetic,64
yah,126,0.75,cluster_phonetic,64
yah,126,0.75,cluster_phonetic,64
yah,126,0.75,cluster_phonetic,64
dick,127,0.75,cluster_phonetic,64
dick,127,0.75,cluster_phonetic,64
dick,127,0.75,cluster_phonetic,64
dick,127,0.75,cluster_phonetic,64
dick,127,0.75,cluster_phonetic,64
se,128,0.75,cluster_phonetic,64
se,128,0.75,cluster_phonetic,64
se,128,0.75,cluster_phonetic,64
se,128,0.75,cluster_phonetic,64
hone,129,0.75,cluster_phonetic,4
phone,129,0.75,cluster_phonetic,63
phone,129,0.75,cluster_phonetic,63
phone,129,0.75,cluster_phonetic,63
phone,129,0.75,cluster_phonetic,63
phone,129,0.75,cluster_phonetic,63
boiblaze,130,0.75,cluster_phonetic,20
boiblaze,130,0.75,cluster_phonetic,20
boiblaze,130,0.75,cluster_phonetic,20
boiblaze,130,0.75,cluster_phonetic,20
boiblaze,130,0.75,cluster_phonetic,20
yaboiblaze,130,0.75,cluster_phonetic,63
yaboiblaze,130,0.75,cluster_phonetic,63
yaboiblaze,130,0.75,cluster_phonetic,63
yaboiblaze,130,0.75,cluster_phonetic,63
yaboiblaze,130,0.75,cluster_phonetic,63
enrich,131,0.75,cluster_phonetic,4
rich,131,0.75,cluster_phonetic,63
rich,131,0.75,cluster_phonetic,63
rich,131,0.75,cluster_phonetic,63
rich,131,0.75,cluster_phonetic,63
rich,131,0.75,cluster_phonetic,4
dumb,132,0.75,cluster_phonetic,63
dumb,132,0.75,cluster_phonetic,63
dumb,132,0.75,cluster_phonetic,63
dumb,132,0.75,cluster_phonetic,63
dumb,132,0.75,cluster_phonetic,4
'round,133,0.75,cluster_phonetic,9
'round,133,0.75,cluster_phonetic,9
'round,133,0.75,cluster_phonetic,9
'round,133,0.75,cluster_phonetic,9
around,133,0.75,cluster_phonetic,62
around,133,0.75,cluster_phonetic,62
around,133,0.75,cluster_phonetic,62
around,133,0.75,cluster_phonetic,62
around,133,0.75,cluster_phonetic,62
found,133,0.75,cluster_phonetic,6
found,133,0.75,cluster_phonetic,6
found,133,0.75,cluster_phonetic,6
found,133,0.75,cluster_phonetic,6
found,133,0.75,cluster_phonetic,6
ground,133,0.75,cluster_phonetic,12
ground,133,0.75,cluster_phonetic,12
ground,133,0.75,cluster_phonetic,12
ground,133,0.75,cluster_phonetic,12
ground,133,0.75,cluster_phonetic,12
pound,133,0.75,cluster_phonetic,7
pound,133,0.75,cluster_phonetic,7
pound,133,0.75,cluster_phonetic,7
pound,133,0.75,cluster_phonetic,7
pound,133,0.75,cluster_phonetic,7
round,133,0.75,cluster_phonetic,25
round,133,0.75,cluster_phonetic,16
round,133,0.75,cluster_phonetic,16
round,133,0.75,cluster_phonetic,16
round,133,0.75,cluster_phonetic,16
sound,133,0.75,cluster_phonetic,18
sound,133,0.75,cluster_phonetic,18
sound,133,0.75,cluster_phonetic,18
sound,133,0.75,cluster_phonetic,18
sound,133,0.75,cluster_phonetic,18
unwound,133,0.75,cluster_phonetic,4
god,134,0.75,cluster_phonetic,62
god,134,0.75,cluster_phonetic,62
god,134,0.75,cluster_phonetic,62
god,134,0.75,cluster_phonetic,62
god,134,0.75,cluster_phonetic,62
there,135,0.75,cluster_phonetic,62
there,135,0.75,cluster_phonetic,62
there,135,0.75,cluster_phonetic,62
there,135,0.75,cluster_phonetic,4
where,135,0.75,cluster_phonetic,4
still,136,0.75,cluster_phonetic,62
still,136,0.75,cluster_phonetic,62
still,136,0.75,cluster_phonetic,62
still,136,0.75,cluster_phonetic,62
still,136,0.75,cluster_phonetic,4
till,136,0.75,cluster_phonetic,4
damn,137,0.75,cluster_phonetic,61
damn,137,0.75,cluster_phonetic,61
damn,137,0.75,cluster_phonetic,61
damn,137,0.75,cluster_phonetic,61
damn,137,0.75,cluster_phonetic,4
pow,138,0.75,cluster_phonetic,60
pow,138,0.75,cluster_phonetic,60
pow,138,0.75,cluster_phonetic,60
pow,138,0.75,cluster_phonetic,60
pow,138,0.75,cluster_phonetic,60
show,139,0.75,cluster_phonetic,60
show,139,0.75,cluster_phonetic,60
show,139,0.75,cluster_phonetic,60
show,139,0.75,cluster_phonetic,60
show,139,0.75,cluster_phonetic,60
for,140,0.75,cluster_phonetic,60
for,140,0.75,cluster_phonetic,60
for,140,0.75,cluster_phonetic,60
for,140,0.75,cluster_phonetic,60
swag,141,0.75,cluster_phonetic,60
swag,141,0.75,cluster_phonetic,60
swag,141,0.75,cluster_phonetic,60
swag,141,0.75,cluster_phonetic,60
swag,141,0.75,cluster_phonetic,4
displace,142,0.75,cluster_phonetic,4
displace,142,0.75,cluster_phonetic,4
interlace,142,0.75,cluster_phonetic,4
lace,142,0.75,cluster_phonetic,4
lace,142,0.75,cluster_phonetic,4
lace,142,0.75,cluster_phonetic,4
lace,142,0.75,cluster_phonetic,4
lace,142,0.75,cluster_phonetic,4
misplace,142,0.75,cluster_phonetic,4
place,142,0.75,cluster_phonetic,60
place,142,0.75,cluster_phonetic,60
place,142,0.75,cluster_phonetic,60
place,142,0.75,cluster_phonetic,60
place,142,0.75,cluster_phonetic,4
replace,142,0.75,cluster_phonetic,4
replace,142,0.75,cluster_phonetic,4
mi,143,0.75,cluster_phonetic,59
mi,143,0.75,cluster_phonetic,59
mi,143,0.75,cluster_phonetic,59
mi,143,0.75,cluster_phonetic,59
mad,144,0.75,cluster_phonetic,59
mad,144,0.75,cluster_phonetic,59
mad,144,0.75,cluster_phonetic,59
mad,144,0.75,cluster_phonetic,59
mad,144,0.75,cluster_phonetic,59
bends,145,0.75,cluster_phonetic,4
ends,145,0.75,cluster_phonetic,14
ends,145,0.75,cluster_phonetic,14
ends,145,0.75,cluster_phonetic,14
ends,145,0.75,cluster_phonetic,14
ends,145,0.75,cluster_phonetic,14
friends,145,0.75,cluster_phonetic,59
friends,145,0.75,cluster_phonetic,59
friends,145,0.75,cluster_phonetic,59
friends,145,0.75,cluster_phonetic,59
friends,145,0.75,cluster_phonetic,59
hell,146,0.75,cluster_phonetic,59
hell,146,0.75,cluster_phonetic,59
hell,146,0.75,cluster_phonetic,59
hell,146,0.75,cluster_phonetic,59
hell,146,0.75,cluster_phonetic,4
shell,146,0.75,cluster_phonetic,4
end,147,0.75,cluster_phonetic,58
end,147,0.75,cluster_phonetic,58
end,147,0.75,cluster_phonetic,58
end,147,0.75,cluster_phonetic,58
end,147,0.75,cluster_phonetic,58
stvar,148,0.75,cluster_phonetic,58
stvar,148,0.75,cluster_phonetic,58
stvar,148,0.75,cluster_phonetic,58
stvar,148,0.75,cluster_phonetic,58
stvar,148,0.75,cluster_phonetic,58
alive,149,0.75,cluster_phonetic,58
alive,149,0.75,cluster_phonetic,58
alive,149,0.75,cluster_phonetic,58
alive,149,0.75,cluster_phonetic,58
alive,149,0.75,cluster_phonetic,4
live,149,0.75,cluster_phonetic,51
live,149,0.75,cluster_phonetic,51
live,149,0.75,cluster_phonetic,51
live,149,0.75,cluster_phonetic,51
live,149,0.75,cluster_phonetic,4
bad,150,0.75,cluster_phonetic,58
bad,150,0.75,cluster_phonetic,58
bad,150,0.75,cluster_phonetic,58
bad,150,0.75,cluster_phonetic,58
bad,150,0.75,cluster_phonetic,4
am,151,0.75,cluster_phonetic,57
am,151,0.75,cluster_phonetic,57
am,151,0.75,cluster_phonetic,57
am,151,0.75,cluster_phonetic,57
mama,152,0.75,cluster_phonetic,57
mama,152,0.75,cluster_phonetic,57
mama,152,0.75,cluster_phonetic,57
mama,152,0.75,cluster_phonetic,57
mama,152,0.75,cluster_phonetic,57
bitches,153,0.75,cluster_phonetic,57
bitches,153,0.75,cluster_phonetic,57
bitches,153,0.75,cluster_phonetic,57
bitches,153,0.75,cluster_phonetic,57
bitches,153,0.75,cluster_phonetic,57
breeches,153,0.75,cluster_phonetic,4
so,154,0.75,cluster_phonetic,57
so,154,0.75,cluster_phonetic,57
so,154,0.75,cluster_phonetic,57
so,154,0.75,cluster_phonetic,57
y'all,155,0.75,cluster_phonetic,57
y'all,155,0.75,cluster_phonetic,57
y'all,155,0.75,cluster_phonetic,57
y'all,155,0.75,cluster_phonetic,57
y'all,155,0.75,cluster_phonetic,57
cry,156,0.75,cluster_phonetic,57
cry,156,0.75,cluster_phonetic,57
cry,156,0.75,cluster_phonetic,57
cry,156,0.75,cluster_phonetic,57
cry,156,0.75,cluster_phonetic,4
confine,157,0.75,cluster_phonetic,4
define,157,0.75,cluster_phonetic,4
fine,157,0.75,cluster_phonetic,57
fine,157,0.75,cluster_phonetic,57
fine,157,0.75,cluster_phonetic,57
fine,157,0.75,cluster_phonetic,57
fine,157,0.75,cluster_phonetic,4
refine,157,0.75,cluster_phonetic,4
decline,158,0.75,cluster_phonetic,4
incline,158,0.75,cluster_phonetic,4
line,158,0.75,cluster_phonetic,56
line,158,0.75,cluster_phonetic,56
line,158,0.75,cluster_phonetic,56
line,158,0.75,cluster_phonetic,56
line,158,0.75,cluster_phonetic,56
recline,158,0.75,cluster_phonetic,4
world,159,0.75,cluster_phonetic,56
world,159,0.75,cluster_phonetic,56
world,159,0.75,cluster_phonetic,56
world,159,0.75,cluster_phonetic,56
world,159,0.75,cluster_phonetic,56
song,160,0.75,cluster_phonetic,56
song,160,0.75,cluster_phonetic,56
song,160,0.75,cluster_phonetic,56
song,160,0.75,cluster_phonetic,56
song,160,0.75,cluster_phonetic,4
whip,161,0.75,cluster_phonetic,56
whip,161,0.75,cluster_phonetic,56
whip,161,0.75,cluster_phonetic,56
whip,161,0.75,cluster_phonetic,56
whip,161,0.75,cluster_phonetic,4
jump,162,0.75,cluster_phonetic,55
jump,162,0.75,cluster_phonetic,55
jump,162,0.75,cluster_phonetic,55
jump,162,0.75,cluster_phonetic,55
jump,162,0.75,cluster_phonetic,55
drop,163,0.75,cluster_phonetic,55
drop,163,0.75,cluster_phonetic,55
drop,163,0.75,cluster_phonetic,55
drop,163,0.75,cluster_phonetic,55
drop,163,0.75,cluster_phonetic,55
ma,164,0.75,cluster_phonetic,55
ma,164,0.75,cluster_phonetic,55
ma,164,0.75,cluster_phonetic,55
ma,164,0.75,cluster_phonetic,55
apace,165,0.75,cluster_phonetic,4
pace,165,0.75,cluster_phonetic,11
pace,165,0.75,cluster_phonetic,11
pace,165,0.75,cluster_phonetic,11
pace,165,0.75,cluster_phonetic,11
pace,165,0.75,cluster_phonetic,4
space,165,0.75,cluster_phonetic,55
space,165,0.75,cluster_phonetic,55
space,165,0.75,cluster_phonetic,55
space,165,0.75,cluster_phonetic,55
space,165,0.75,cluster_phonetic,4
not,166,0.75,cluster_phonetic,55
not,166,0.75,cluster_phonetic,55
not,166,0.75,cluster_phonetic,55
not,166,0.75,cluster_phonetic,55
not,166,0.75,cluster_phonetic,4
dwell,167,0.75,cluster_phonetic,4
swell,167,0.75,cluster_phonetic,4
well,167,0.75,cluster_phonetic,55
well,167,0.75,cluster_phonetic,55
well,167,0.75,cluster_phonetic,55
well,167,0.75,cluster_phonetic,55
well,167,0.75,cluster_phonetic,4
why,168,0.75,cluster_phonetic,55
why,168,0.75,cluster_phonetic,55
why,168,0.75,cluster_phonetic,55
why,168,0.75,cluster_phonetic,55
why,168,0.75,cluster_phonetic,4
what,169,0.75,cluster_phonetic,54
what,169,0.75,cluster_phonetic,54
what,169,0.75,cluster_phonetic,54
what,169,0.75,cluster_phonetic,54
what,169,0.75,cluster_phonetic,54
is,170,0.75,cluster_phonetic,54
is,170,0.75,cluster_phonetic,54
is,170,0.75,cluster_phonetic,54
is,170,0.75,cluster_phonetic,54
bro,171,0.75,cluster_phonetic,54
bro,171,0.75,cluster_phonetic,54
bro,171,0.75,cluster_phonetic,54
bro,171,0.75,cluster_phonetic,54
bro,171,0.75,cluster_phonetic,54
jywy,172,0.75,cluster_phonetic,54
jywy,172,0.75,cluster_phonetic,54
jywy,172,0.75,cluster_phonetic,54
jywy,172,0.75,cluster_phonetic,54
jywy,172,0.75,cluster_phonetic,54
prong,173,0.75,cluster_phonetic,4
strong,173,0.75,cluster_phonetic,24
strong,173,0.75,cluster_phonetic,24
strong,173,0.75,cluster_phonetic,24
strong,173,0.75,cluster_phonetic,24
strong,173,0.75,cluster_phonetic,4
throng,173,0.75,cluster_phonetic,4
wrong,173,0.75,cluster_phonetic,54
wrong,173,0.75,cluster_phonetic,54
wrong,173,0.75,cluster_phonetic,54
wrong,173,0.75,cluster_phonetic,54
wrong,173,0.75,cluster_phonetic,4
want,174,0.75,cluster_phonetic,54
want,174,0.75,cluster_phonetic,54
want,174,0.75,cluster_phonetic,54
want,174,0.75,cluster_phonetic,54
want,174,0.75,cluster_phonetic,4
sorry,175,0.75,cluster_phonetic,54
sorry,175,0.75,cluster_phonetic,54
sorry,175,0.75,cluster_phonetic,54
sorry,175,0.75,cluster_phonetic,54
sorry,175,0.75,cluster_phonetic,4
worry,175,0.75,cluster_phonetic,13
worry,175,0.75,cluster_phonetic,13
worry,175,0.75,cluster_phonetic,13
worry,175,0.75,cluster_phonetic,13
worry,175,0.75,cluster_phonetic,13
brazy,176,0.75,cluster_phonetic,53
brazy,176,0.75,cluster_phonetic,53
brazy,176,0.75,cluster_phonetic,53
brazy,176,0.75,cluster_phonetic,53
brazy,176,0.75,cluster_phonetic,53
stalk,177,0.75,cluster_phonetic,4
talk,177,0.75,cluster_phonetic,53
talk,177,0.75,cluster_phonetic,50
talk,177,0.75,cluster_phonetic,50
talk,177,0.75,cluster_phonetic,50
talk,177,0.75,cluster_phonetic,4
thing,178,0.75,cluster_phonetic,52
thing,178,0.75,cluster_phonetic,52
thing,178,0.75,cluster_phonetic,52
thing,178,0.75,cluster_phonetic,52
thing,178,0.75,cluster_phonetic,4
shot,179,0.75,cluster_phonetic,52
shot,179,0.75,cluster_phonetic,52
shot,179,0.75,cluster_phonetic,52
shot,179,0.75,cluster_phonetic,52
shot,179,0.75,cluster_phonetic,4
boo,180,0.75,cluster_phonetic,51
boo,180,0.75,cluster_phonetic,51
boo,180,0.75,cluster_phonetic,51
boo,180,0.75,cluster_phonetic,51
boo,180,0.75,cluster_phonetic,51
chink,181,0.75,cluster_phonetic,4
think,181,0.75,cluster_phonetic,51
think,181,0.75,cluster_phonetic,51
think,181,0.75,cluster_phonetic,51
think,181,0.75,cluster_phonetic,51
think,181,0.75,cluster_phonetic,4
bae,182,0.75,cluster_phonetic,50
bae,182,0.75,cluster_phonetic,50
bae,182,0.75,cluster_phonetic,50
bae,182,0.75,cluster_phonetic,50
bae,182,0.75,cluster_phonetic,50
boi,183,0.75,cluster_phonetic,50
boi,183,0.75,cluster_phonetic,50
boi,183,0.75,cluster_phonetic,50
boi,183,0.75,cluster_phonetic,50
boi,183,0.75,cluster_phonetic,50
dynasty,184,0.75,cluster_phonetic,4
dynasty,184,0.75,cluster_phonetic,4
dynasty,184,0.75,cluster_phonetic,4
dynasty,184,0.75,cluster_phonetic,4
dynasty,184,0.75,cluster_phonetic,4
nasty,184,0.75,cluster_phonetic,50
nasty,184,0.75,cluster_phonetic,50
nasty,184,0.75,cluster_phonetic,50
nasty,184,0.75,cluster_phonetic,50
nasty,184,0.75,cluster_phonetic,4
tasty,184,0.75,cluster_phonetic,5
tasty,184,0.75,cluster_phonetic,5
tasty,184,0.75,cluster_phonetic,5
tasty,184,0.75,cluster_phonetic,5
tasty,184,0.75,cluster_phonetic,5
neck,185,0.75,cluster_phonetic,50
neck,185,0.75,cluster_phonetic,50
neck,185,0.75,cluster_phonetic,50
neck,185,0.75,cluster_phonetic,50
neck,185,0.75,cluster_phonetic,4
sheep,186,0.75,cluster_phonetic,50
sheep,186,0.75,cluster_phonetic,50
sheep,186,0.75,cluster_phonetic,50
sheep,186,0.75,cluster_phonetic,50
sheep,186,0.75,cluster_phonetic,4
dreams,187,0.75,cluster_phonetic,49
dreams,187,0.75,cluster_phonetic,49
dreams,187,0.75,cluster_phonetic,49
dreams,187,0.75,cluster_phonetic,49
dreams,187,0.75,cluster_phonetic,49
screams,187,0.75,cluster_phonetic,4
streams,187,0.75,cluster_phonetic,4
coupe,188,0.75,cluster_phonetic,49
coupe,188,0.75,cluster_phonetic,49
coupe,188,0.75,cluster_phonetic,49
coupe,188,0.75,cluster_phonetic,49
coupe,188,0.75,cluster_phonetic,49
a,189,0.75,cluster_phonetic,49
a,189,0.75,cluster_phonetic,49
a,189,0.75,cluster_phonetic,49
a,189,0.75,cluster_phonetic,49
aside,190,0.75,cluster_phonetic,5
aside,190,0.75,cluster_phonetic,5
aside,190,0.75,cluster_phonetic,5
aside,190,0.75,cluster_phonetic,5
aside,190,0.75,cluster_phonetic,4
beside,190,0.75,cluster_phonetic,4
beside,190,0.75,cluster_phonetic,4
inside,190,0.75,cluster_phonetic,49
inside,190,0.75,cluster_phonetic,49
inside,190,0.75,cluster_phonetic,49
inside,190,0.75,cluster_phonetic,49
inside,190,0.75,cluster_phonetic,49
outside,190,0.75,cluster_phonetic,29
outside,190,0.75,cluster_phonetic,29
outside,190,0.75,cluster_phonetic,29
outside,190,0.75,cluster_phonetic,29
outside,190,0.75,cluster_phonetic,29
preside,190,0.75,cluster_phonetic,4
preside,190,0.75,cluster_phonetic,4
reside,190,0.75,cluster_phonetic,4
reside,190,0.75,cluster_phonetic,4
reside,190,0.75,cluster_phonetic,4
reside,190,0.75,cluster_phonetic,4
reside,190,0.75,cluster_phonetic,4
side,190,0.75,cluster_phonetic,45
side,190,0.75,cluster_phonetic,45
side,190,0.75,cluster_phonetic,45
side,190,0.75,cluster_phonetic,45
side,190,0.75,cluster_phonetic,4
subside,190,0.75,cluster_phonetic,4
lies,191,0.75,cluster_phonetic,49
lies,191,0.75,cluster_phonetic,49
lies,191,0.75,cluster_phonetic,49
lies,191,0.75,cluster_phonetic,49
lies,191,0.75,cluster_phonetic,49
supplies,191,0.75,cluster_phonetic,4
ice,192,0.75,cluster_phonetic,49
ice,192,0.75,cluster_phonetic,49
ice,192,0.75,cluster_phonetic,49
ice,192,0.75,cluster_phonetic,49
ice,192,0.75,cluster_phonetic,4
fall,193,0.75,cluster_phonetic,49
fall,193,0.75,cluster_phonetic,49
fall,193,0.75,cluster_phonetic,49
fall,193,0.75,cluster_phonetic,49
fall,193,0.75,cluster_phonetic,4
de,194,0.75,cluster_phonetic,48
de,194,0.75,cluster_phonetic,48
de,194,0.75,cluster_phonetic,48
de,194,0.75,cluster_phonetic,48
and,195,0.75,cluster_phonetic,48
and,195,0.75,cluster_phonetic,48
and,195,0.75,cluster_phonetic,48
and,195,0.75,cluster_phonetic,48
homie,196,0.75,cluster_phonetic,48
homie,196,0.75,cluster_phonetic,48
homie,196,0.75,cluster_phonetic,48
homie,196,0.75,cluster_phonetic,48
homie,196,0.75,cluster_phonetic,48
care,197,0.75,cluster_phonetic,48
care,197,0.75,cluster_phonetic,48
care,197,0.75,cluster_phonetic,48
care,197,0.75,cluster_phonetic,48
care,197,0.75,cluster_phonetic,4
scare,197,0.75,cluster_phonetic,4
peace,198,0.75,cluster_phonetic,48
peace,198,0.75,cluster_phonetic,48
peace,198,0.75,cluster_phonetic,48
peace,198,0.75,cluster_phonetic,48
peace,198,0.75,cluster_phonetic,4
bereave,199,0.75,cluster_phonetic,4
cleave,199,0.75,cluster_phonetic,4
eave,199,0.75,cluster_phonetic,4
heave,199,0.75,cluster_phonetic,4
interleave,199,0.75,cluster_phonetic,4
interweave,199,0.75,cluster_phonetic,4
leave,199,0.75,cluster_phonetic,48
leave,199,0.75,cluster_phonetic,48
leave,199,0.75,cluster_phonetic,48
leave,199,0.75,cluster_phonetic,48
leave,199,0.75,cluster_phonetic,4
weave,199,0.75,cluster_phonetic,17
weave,199,0.75,cluster_phonetic,17
weave,199,0.75,cluster_phonetic,17
weave,199,0.75,cluster_phonetic,17
weave,199,0.75,cluster_phonetic,4
condense,200,0.75,cluster_phonetic,4
condense,200,0.75,cluster_phonetic,4
dispense,200,0.75,cluster_phonetic,4
expense,200,0.75,cluster_phonetic,4
immense,200,0.75,cluster_phonetic,4
incense,200,0.75,cluster_phonetic,4
intense,200,0.75,cluster_phonetic,4
pretense,200,0.75,cluster_phonetic,4
sense,200,0.75,cluster_phonetic,48
sense,200,0.75,cluster_phonetic,48
sense,200,0.75,cluster_phonetic,48
sense,200,0.75,cluster_phonetic,48
sense,200,0.75,cluster_phonetic,4
suspense,200,0.75,cluster_phonetic,4
sometimes,201,0.75,cluster_phonetic,21
sometimes,201,0.75,cluster_phonetic,21
sometimes,201,0.75,cluster_phonetic,21
sometimes,201,0.75,cluster_phonetic,21
sometimes,201,0.75,cluster_phonetic,4
time's,201,0.75,cluster_phonetic,4
times,201,0.75,cluster_phonetic,47
times,201,0.75,cluster_phonetic,47
times,201,0.75,cluster_phonetic,47
times,201,0.75,cluster_phonetic,47
times,201,0.75,cluster_phonetic,47
ha,202,0.75,cluster_phonetic,47
ha,202,0.75,cluster_phonetic,47
ha,202,0.75,cluster_phonetic,47
ha,202,0.75,cluster_phonetic,47
onaj,203,0.75,cluster_phonetic,47
onaj,203,0.75,cluster_phonetic,47
onaj,203,0.75,cluster_phonetic,47
onaj,203,0.75,cluster_phonetic,47
onaj,203,0.75,cluster_phonetic,47
was,204,0.75,cluster_phonetic,47
was,204,0.75,cluster_phonetic,47
was,204,0.75,cluster_phonetic,47
was,204,0.75,cluster_phonetic,4
lady,205,0.75,cluster_phonetic,47
lady,205,0.75,cluster_phonetic,47
lady,205,0.75,cluster_phonetic,47
lady,205,0.75,cluster_phonetic,47
lady,205,0.75,cluster_phonetic,4
malady,205,0.75,cluster_phonetic,4
coco,206,0.75,cluster_phonetic,46
coco,206,0.75,cluster_phonetic,46
coco,206,0.75,cluster_phonetic,46
coco,206,0.75,cluster_phonetic,46
coco,206,0.75,cluster_phonetic,46
dead,207,0.75,cluster_phonetic,46
dead,207,0.75,cluster_phonetic,46
dead,207,0.75,cluster_phonetic,46
dead,207,0.75,cluster_phonetic,46
dead,207,0.75,cluster_phonetic,46
dumbway,208,0.75,cluster_phonetic,46
dumbway,208,0.75,cluster_phonetic,46
dumbway,208,0.75,cluster_phonetic,46
dumbway,208,0.75,cluster_phonetic,46
dumbway,208,0.75,cluster_phonetic,46
mmh,209,0.75,cluster_phonetic,46
mmh,209,0.75,cluster_phonetic,46
mmh,209,0.75,cluster_phonetic,46
mmh,209,0.75,cluster_phonetic,46
mmh,209,0.75,cluster_phonetic,46
defame,210,0.75,cluster_phonetic,4
fame,210,0.75,cluster_phonetic,46
fame,210,0.75,cluster_phonetic,46
fame,210,0.75,cluster_phonetic,46
fame,210,0.75,cluster_phonetic,46
fame,210,0.75,cluster_phonetic,4
gone,211,0.75,cluster_phonetic,45
gone,211,0.75,cluster_phonetic,45
gone,211,0.75,cluster_phonetic,45
gone,211,0.75,cluster_phonetic,45
gone,211,0.75,cluster_phonetic,4
kid,212,0.75,cluster_phonetic,45
kid,212,0.75,cluster_phonetic,45
kid,212,0.75,cluster_phonetic,45
kid,212,0.75,cluster_phonetic,45
kid,212,0.75,cluster_phonetic,4
team,213,0.75,cluster_phonetic,45
team,213,0.75,cluster_phonetic,45
team,213,0.75,cluster_phonetic,45
team,213,0.75,cluster_phonetic,45
team,213,0.75,cluster_phonetic,4
aloud,214,0.75,cluster_phonetic,4
cloud,214,0.75,cluster_phonetic,7
cloud,214,0.75,cluster_phonetic,7
cloud,214,0.75,cluster_phonetic,7
cloud,214,0.75,cluster_phonetic,7
cloud,214,0.75,cluster_phonetic,4
loud,214,0.75,cluster_phonetic,44
loud,214,0.75,cluster_phonetic,44
loud,214,0.75,cluster_phonetic,44
loud,214,0.75,cluster_phonetic,44
loud,214,0.75,cluster_phonetic,44
ballin',215,0.75,cluster_phonetic,44
ballin',215,0.75,cluster_phonetic,44
ballin',215,0.75,cluster_phonetic,44
ballin',215,0.75,cluster_phonetic,44
callin,215,0.75,cluster_phonetic,12
callin',215,0.75,cluster_phonetic,12
callin',215,0.75,cluster_phonetic,12
callin',215,0.75,cluster_phonetic,12
callin',215,0.75,cluster_phonetic,12
distillin,215,0.75,cluster_phonetic,4
fallin',215,0.75,cluster_phonetic,4
fallin',215,0.75,cluster_phonetic,4
fallin',215,0.75,cluster_phonetic,4
fallin',215,0.75,cluster_phonetic,4
stallin,215,0.75,cluster_phonetic,10
stallin,215,0.75,cluster_phonetic,6
stallin,215,0.75,cluster_phonetic,6
stallin,215,0.75,cluster_phonetic,6
stallin,215,0.75,cluster_phonetic,6
stallin',215,0.75,cluster_phonetic,4
stallin',215,0.75,cluster_phonetic,4
stallin',215,0.75,cluster_phonetic,4
stallin',215,0.75,cluster_phonetic,4
heart,216,0.75,cluster_phonetic,44
heart,216,0.75,cluster_phonetic,44
heart,216,0.75,cluster_phonetic,44
heart,216,0.75,cluster_phonetic,44
heart,216,0.75,cluster_phonetic,4
ballin,217,0.75,cluster_phonetic,44
fallin,217,0.75,cluster_phonetic,4
mallin,217,0.75,cluster_phonetic,11
mallin,217,0.75,cluster_phonetic,11
mallin,217,0.75,cluster_phonetic,11
mallin,217,0.75,cluster_phonetic,11
mallin,217,0.75,cluster_phonetic,11
the,218,0.75,cluster_phonetic,43
the,218,0.75,cluster_phonetic,43
the,218,0.75,cluster_phonetic,43
the,218,0.75,cluster_phonetic,43
na,219,0.75,cluster_phonetic,43
na,219,0.75,cluster_phonetic,43
na,219,0.75,cluster_phonetic,43
na,219,0.75,cluster_phonetic,43
hand,220,0.75,cluster_phonetic,43
hand,220,0.75,cluster_phonetic,43
hand,220,0.75,cluster_phonetic,43
hand,220,0.75,cluster_phonetic,43
hand,220,0.75,cluster_phonetic,4
arrange,221,0.75,cluster_phonetic,4
change,221,0.75,cluster_phonetic,43
change,221,0.75,cluster_phonetic,43
change,221,0.75,cluster_phonetic,43
change,221,0.75,cluster_phonetic,43
change,221,0.75,cluster_phonetic,4
estrange,221,0.75,cluster_phonetic,4
exchange,221,0.75,cluster_phonetic,4
grange,221,0.75,cluster_phonetic,4
interchange,221,0.75,cluster_phonetic,4
range,221,0.75,cluster_phonetic,10
range,221,0.75,cluster_phonetic,10
range,221,0.75,cluster_phonetic,10
range,221,0.75,cluster_phonetic,10
range,221,0.75,cluster_phonetic,4
strange,221,0.75,cluster_phonetic,11
strange,221,0.75,cluster_phonetic,11
strange,221,0.75,cluster_phonetic,11
strange,221,0.75,cluster_phonetic,11
strange,221,0.75,cluster_phonetic,4
truth,222,0.75,cluster_phonetic,43
truth,222,0.75,cluster_phonetic,43
truth,222,0.75,cluster_phonetic,43
truth,222,0.75,cluster_phonetic,43
truth,222,0.75,cluster_phonetic,4
bream,223,0.75,cluster_phonetic,4
cream,223,0.75,cluster_phonetic,7
cream,223,0.75,cluster_phonetic,7
cream,223,0.75,cluster_phonetic,7
cream,223,0.75,cluster_phonetic,7
cream,223,0.75,cluster_phonetic,4
dream,223,0.75,cluster_phonetic,43
dream,223,0.75,cluster_phonetic,43
dream,223,0.75,cluster_phonetic,43
dream,223,0.75,cluster_phonetic,43
dream,223,0.75,cluster_phonetic,4
ream,223,0.75,cluster_phonetic,4
scream,223,0.75,cluster_phonetic,15
scream,223,0.75,cluster_phonetic,15
scream,223,0.75,cluster_phonetic,15
scream,223,0.75,cluster_phonetic,15
scream,223,0.75,cluster_phonetic,4
stream,223,0.75,cluster_phonetic,4
need,224,0.75,cluster_phonetic,43
need,224,0.75,cluster_phonetic,43
need,224,0.75,cluster_phonetic,43
need,224,0.75,cluster_phonetic,43
need,224,0.75,cluster_phonetic,4
easy,225,0.75,cluster_phonetic,42
easy,225,0.75,cluster_phonetic,42
easy,225,0.75,cluster_phonetic,42
easy,225,0.75,cluster_phonetic,42
easy,225,0.75,cluster_phonetic,42
better,226,0.75,cluster_phonetic,42
better,226,0.75,cluster_phonetic,42
better,226,0.75,cluster_phonetic,42
better,226,0.75,cluster_phonetic,42
better,226,0.75,cluster_phonetic,42
bitter,226,0.75,cluster_phonetic,4
bitter,226,0.75,cluster_phonetic,4
bitter,226,0.75,cluster_phonetic,4
bitter,226,0.75,cluster_phonetic,4
bitter,226,0.75,cluster_phonetic,4
butter,226,0.75,cluster_phonetic,4
matter,226,0.75,cluster_phonetic,6
matter,226,0.75,cluster_phonetic,6
matter,226,0.75,cluster_phonetic,6
matter,226,0.75,cluster_phonetic,6
matter,226,0.75,cluster_phonetic,6
scatter,226,0.75,cluster_phonetic,4
scatter,226,0.75,cluster_phonetic,4
smatter,226,0.75,cluster_phonetic,4
stutter,226,0.75,cluster_phonetic,4
stutter,226,0.75,cluster_phonetic,4
wetter,226,0.75,cluster_phonetic,6
wetter,226,0.75,cluster_phonetic,6
wetter,226,0.75,cluster_phonetic,6
wetter,226,0.75,cluster_phonetic,6
wetter,226,0.75,cluster_phonetic,6
blicky,227,0.75,cluster_phonetic,42
blicky,227,0.75,cluster_phonetic,42
blicky,227,0.75,cluster_phonetic,42
blicky,227,0.75,cluster_phonetic,42
blicky,227,0.75,cluster_phonetic,42
eyes,228,0.75,cluster_phonetic,41
eyes,228,0.75,cluster_phonetic,41
eyes,228,0.75,cluster_phonetic,41
eyes,228,0.75,cluster_phonetic,41
eyes,228,0.75,cluster_phonetic,41
fun,229,0.75,cluster_phonetic,40
fun,229,0.75,cluster_phonetic,40
fun,229,0.75,cluster_phonetic,40
fun,229,0.75,cluster_phonetic,40
fun,229,0.75,cluster_phonetic,40
slow,230,0.75,cluster_phonetic,40
slow,230,0.75,cluster_phonetic,40
slow,230,0.75,cluster_phonetic,40
slow,230,0.75,cluster_phonetic,40
slow,230,0.75,cluster_phonetic,40
whoa,231,0.75,cluster_phonetic,40
whoa,231,0.75,cluster_phonetic,40
whoa,231,0.75,cluster_phonetic,40
whoa,231,0.75,cluster_phonetic,40
whoa,231,0.75,cluster_phonetic,40
window,232,0.75,cluster_phonetic,40
window,232,0.75,cluster_phonetic,40
window,232,0.75,cluster_phonetic,40
window,232,0.75,cluster_phonetic,40
window,232,0.75,cluster_phonetic,40
weekend,233,0.75,cluster_phonetic,40
weekend,233,0.75,cluster_phonetic,40
weekend,233,0.75,cluster_phonetic,40
weekend,233,0.75,cluster_phonetic,40
weekend,233,0.75,cluster_phonetic,40
adverse,234,0.75,cluster_phonetic,4
averse,234,0.75,cluster_phonetic,4
disperse,234,0.75,cluster_phonetic,4
disperse,234,0.75,cluster_phonetic,4
immerse,234,0.75,cluster_phonetic,4
immerse,234,0.75,cluster_phonetic,4
intersperse,234,0.75,cluster_phonetic,4
perverse,234,0.75,cluster_phonetic,4
reverse,234,0.75,cluster_phonetic,4
reverse,234,0.75,cluster_phonetic,4
reverse,234,0.75,cluster_phonetic,4
reverse,234,0.75,cluster_phonetic,4
reverse,234,0.75,cluster_phonetic,4
terse,234,0.75,cluster_phonetic,4
verse,234,0.75,cluster_phonetic,40
verse,234,0.75,cluster_phonetic,40
verse,234,0.75,cluster_phonetic,40
verse,234,0.75,cluster_phonetic,40
verse,234,0.75,cluster_phonetic,4
try,235,0.75,cluster_phonetic,39
try,235,0.75,cluster_phonetic,39
try,235,0.75,cluster_phonetic,39
try,235,0.75,cluster_phonetic,39
try,235,0.75,cluster_phonetic,39
ey,236,0.75,cluster_phonetic,39
ey,236,0.75,cluster_phonetic,39
ey,236,0.75,cluster_phonetic,39
ey,236,0.75,cluster_phonetic,39
oooo,237,0.75,cluster_phonetic,39
oooo,237,0.75,cluster_phonetic,39
oooo,237,0.75,cluster_phonetic,39
oooo,237,0.75,cluster_phonetic,39
oooo,237,0.75,cluster_phonetic,39
ooooooooooooooooooooooooooooo,237,0.75,cluster_phonetic,5
ooooooooooooooooooooooooooooo,237,0.75,cluster_phonetic,5
ooooooooooooooooooooooooooooo,237,0.75,cluster_phonetic,5
ooooooooooooooooooooooooooooo,237,0.75,cluster_phonetic,5
ooooooooooooooooooooooooooooo,237,0.75,cluster_phonetic,5
foretell,238,0.75,cluster_phonetic,4
tell,238,0.75,cluster_phonetic,39
tell,238,0.75,cluster_phonetic,39
tell,238,0.75,cluster_phonetic,39
tell,238,0.75,cluster_phonetic,39
tell,238,0.75,cluster_phonetic,4
black,239,0.75,cluster_phonetic,39
black,239,0.75,cluster_phonetic,39
black,239,0.75,cluster_phonetic,39
black,239,0.75,cluster_phonetic,39
black,239,0.75,cluster_phonetic,4
clack,239,0.75,cluster_phonetic,8
clack,239,0.75,cluster_phonetic,8
clack,239,0.75,cluster_phonetic,8
clack,239,0.75,cluster_phonetic,8
clack,239,0.75,cluster_phonetic,4
lack,239,0.75,cluster_phonetic,4
lack,239,0.75,cluster_phonetic,4
lack,239,0.75,cluster_phonetic,4
lack,239,0.75,cluster_phonetic,4
lack,239,0.75,cluster_phonetic,4
slack,239,0.75,cluster_phonetic,4
wave,240,0.75,cluster_phonetic,39
wave,240,0.75,cluster_phonetic,39
wave,240,0.75,cluster_phonetic,39
wave,240,0.75,cluster_phonetic,39
wave,240,0.75,cluster_phonetic,4
cash,241,0.75,cluster_phonetic,39
cash,241,0.75,cluster_phonetic,39
cash,241,0.75,cluster_phonetic,39
cash,241,0.75,cluster_phonetic,39
cash,241,0.75,cluster_phonetic,4
chorus,242,0.75,cluster_phonetic,38
chorus,242,0.75,cluster_phonetic,38
chorus,242,0.75,cluster_phonetic,38
chorus,242,0.75,cluster_phonetic,38
chorus,242,0.75,cluster_phonetic,38
soul,243,0.75,cluster_phonetic,38
soul,243,0.75,cluster_phonetic,38
soul,243,0.75,cluster_phonetic,38
soul,243,0.75,cluster_phonetic,38
soul,243,0.75,cluster_phonetic,38
box,244,0.75,cluster_phonetic,38
box,244,0.75,cluster_phonetic,38
box,244,0.75,cluster_phonetic,38
box,244,0.75,cluster_phonetic,38
box,244,0.75,cluster_phonetic,38
mmm,245,0.75,cluster_phonetic,38
mmm,245,0.75,cluster_phonetic,38
mmm,245,0.75,cluster_phonetic,38
mmm,245,0.75,cluster_phonetic,38
mmm,245,0.75,cluster_phonetic,38
belate,246,0.75,cluster_phonetic,4
collate,246,0.75,cluster_phonetic,4
collate,246,0.75,cluster_phonetic,4
dilate,246,0.75,cluster_phonetic,4
elate,246,0.75,cluster_phonetic,4
late,246,0.75,cluster_phonetic,38
late,246,0.75,cluster_phonetic,38
late,246,0.75,cluster_phonetic,38
late,246,0.75,cluster_phonetic,38
late,246,0.75,cluster_phonetic,4
plate,246,0.75,cluster_phonetic,31
plate,246,0.75,cluster_phonetic,31
plate,246,0.75,cluster_phonetic,31
plate,246,0.75,cluster_phonetic,31
plate,246,0.75,cluster_phonetic,4
relate,246,0.75,cluster_phonetic,14
relate,246,0.75,cluster_phonetic,14
relate,246,0.75,cluster_phonetic,14
relate,246,0.75,cluster_phonetic,14
relate,246,0.75,cluster_phonetic,4
slate,246,0.75,cluster_phonetic,4
slate,246,0.75,cluster_phonetic,4
translate,246,0.75,cluster_phonetic,4
both,247,0.75,cluster_phonetic,38
both,247,0.75,cluster_phonetic,38
both,247,0.75,cluster_phonetic,38
both,247,0.75,cluster_phonetic,38
both,247,0.75,cluster_phonetic,4
brain,248,0.75,cluster_phonetic,38
brain,248,0.75,cluster_phonetic,38
brain,248,0.75,cluster_phonetic,38
brain,248,0.75,cluster_phonetic,38
brain,248,0.75,cluster_phonetic,4
constrain,248,0.75,cluster_phonetic,4
drain,248,0.75,cluster_phonetic,4
grain,248,0.75,cluster_phonetic,4
rain,248,0.75,cluster_phonetic,27
rain,248,0.75,cluster_phonetic,27
rain,248,0.75,cluster_phonetic,27
rain,248,0.75,cluster_phonetic,27
rain,248,0.75,cluster_phonetic,4
refrain,248,0.75,cluster_phonetic,4
restrain,248,0.75,cluster_phonetic,4
sprain,248,0.75,cluster_phonetic,4
strain,248,0.75,cluster_phonetic,4
train,248,0.75,cluster_phonetic,4
train,248,0.75,cluster_phonetic,4
train,248,0.75,cluster_phonetic,4
train,248,0.75,cluster_phonetic,4
train,248,0.75,cluster_phonetic,4
beat,249,0.75,cluster_phonetic,38
beat,249,0.75,cluster_phonetic,38
beat,249,0.75,cluster_phonetic,38
beat,249,0.75,cluster_phonetic,38
beat,249,0.75,cluster_phonetic,4
said,250,0.75,cluster_phonetic,38
said,250,0.75,cluster_phonetic,38
said,250,0.75,cluster_phonetic,38
said,250,0.75,cluster_phonetic,38
said,250,0.75,cluster_phonetic,4
d,251,0.75,cluster_phonetic,37
d,251,0.75,cluster_phonetic,37
d,251,0.75,cluster_phonetic,37
d,251,0.75,cluster_phonetic,37
club,252,0.75,cluster_phonetic,37
club,252,0.75,cluster_phonetic,37
club,252,0.75,cluster_phonetic,37
club,252,0.75,cluster_phonetic,37
club,252,0.75,cluster_phonetic,37
ok,253,0.75,cluster_phonetic,37
ok,253,0.75,cluster_phonetic,37
ok,253,0.75,cluster_phonetic,37
ok,253,0.75,cluster_phonetic,37
clover,254,0.75,cluster_phonetic,4
lover,254,0.75,cluster_phonetic,4
over,254,0.75,cluster_phonetic,37
over,254,0.75,cluster_phonetic,37
over,254,0.75,cluster_phonetic,37
over,254,0.75,cluster_phonetic,37
over,254,0.75,cluster_phonetic,37
rover,254,0.75,cluster_phonetic,4
rover,254,0.75,cluster_phonetic,4
rover,254,0.75,cluster_phonetic,4
rover,254,0.75,cluster_phonetic,4
rover,254,0.75,cluster_phonetic,4
da,255,0.75,cluster_phonetic,37
da,255,0.75,cluster_phonetic,37
da,255,0.75,cluster_phonetic,37
da,255,0.75,cluster_phonetic,37
brock,256,0.75,cluster_phonetic,4
crock,256,0.75,cluster_phonetic,4
frock,256,0.75,cluster_phonetic,4
rock,256,0.75,cluster_phonetic,37
rock,256,0.75,cluster_phonetic,37
rock,256,0.75,cluster_phonetic,37
rock,256,0.75,cluster_phonetic,37
rock,256,0.75,cluster_phonetic,4
much,257,0.75,cluster_phonetic,37
much,257,0.75,cluster_phonetic,37
much,257,0.75,cluster_phonetic,37
much,257,0.75,cluster_phonetic,37
much,257,0.75,cluster_phonetic,4
ultra,258,0.75,cluster_phonetic,36
ultra,258,0.75,cluster_phonetic,36
ultra,258,0.75,cluster_phonetic,36
ultra,258,0.75,cluster_phonetic,36
ultra,258,0.75,cluster_phonetic,36
m,259,0.75,cluster_phonetic,36
m,259,0.75,cluster_phonetic,36
m,259,0.75,cluster_phonetic,36
m,259,0.75,cluster_phonetic,36
bars,260,0.75,cluster_phonetic,36
bars,260,0.75,cluster_phonetic,36
bars,260,0.75,cluster_phonetic,36
bars,260,0.75,cluster_phonetic,36
bars,260,0.75,cluster_phonetic,36
floor,261,0.75,cluster_phonetic,36
floor,261,0.75,cluster_phonetic,36
floor,261,0.75,cluster_phonetic,36
floor,261,0.75,cluster_phonetic,36
floor,261,0.75,cluster_phonetic,36
dragonlore,262,0.75,cluster_phonetic,36
dragonlore,262,0.75,cluster_phonetic,36
dragonlore,262,0.75,cluster_phonetic,36
dragonlore,262,0.75,cluster_phonetic,36
dragonlore,262,0.75,cluster_phonetic,36
minute,263,0.75,cluster_phonetic,36
minute,263,0.75,cluster_phonetic,36
minute,263,0.75,cluster_phonetic,36
minute,263,0.75,cluster_phonetic,36
minute,263,0.75,cluster_phonetic,4
sad,264,0.75,cluster_phonetic,36
sad,264,0.75,cluster_phonetic,36
sad,264,0.75,cluster_phonetic,36
sad,264,0.75,cluster_phonetic,36
sad,264,0.75,cluster_phonetic,4
y,265,0.75,cluster_phonetic,35
y,265,0.75,cluster_phonetic,35
y,265,0.75,cluster_phonetic,35
y,265,0.75,cluster_phonetic,35
wah,266,0.75,cluster_phonetic,35
wah,266,0.75,cluster_phonetic,35
wah,266,0.75,cluster_phonetic,35
wah,266,0.75,cluster_phonetic,35
wah,266,0.75,cluster_phonetic,35
car,267,0.75,cluster_phonetic,35
car,267,0.75,cluster_phonetic,35
car,267,0.75,cluster_phonetic,35
car,267,0.75,cluster_phonetic,35
car,267,0.75,cluster_phonetic,4
chick,268,0.75,cluster_phonetic,35
chick,268,0.75,cluster_phonetic,35
chick,268,0.75,cluster_phonetic,35
chick,268,0.75,cluster_phonetic,35
chick,268,0.75,cluster_phonetic,4
thick,268,0.75,cluster_phonetic,13
thick,268,0.75,cluster_phonetic,13
thick,268,0.75,cluster_phonetic,13
thick,268,0.75,cluster_phonetic,13
thick,268,0.75,cluster_phonetic,4
pack,269,0.75,cluster_phonetic,35
pack,269,0.75,cluster_phonetic,35
pack,269,0.75,cluster_phonetic,35
pack,269,0.75,cluster_phonetic,35
pack,269,0.75,cluster_phonetic,4
bleak,270,0.75,cluster_phonetic,4
bleak,270,0.75,cluster_phonetic,4
leak,270,0.75,cluster_phonetic,35
leak,270,0.75,cluster_phonetic,35
leak,270,0.75,cluster_phonetic,35
leak,270,0.75,cluster_phonetic,35
leak,270,0.75,cluster_phonetic,4
talkin,271,0.75,cluster_phonetic,35
talkin,271,0.75,cluster_phonetic,5
talkin,271,0.75,cluster_phonetic,5
talkin,271,0.75,cluster_phonetic,5
talkin,271,0.75,cluster_phonetic,5
l,272,0.75,cluster_phonetic,34
l,272,0.75,cluster_phonetic,34
l,272,0.75,cluster_phonetic,34
l,272,0.75,cluster_phonetic,34
ah,273,0.75,cluster_phonetic,34
ah,273,0.75,cluster_phonetic,34
ah,273,0.75,cluster_phonetic,34
ah,273,0.75,cluster_phonetic,34
wrist,274,0.75,cluster_phonetic,34
wrist,274,0.75,cluster_phonetic,34
wrist,274,0.75,cluster_phonetic,34
wrist,274,0.75,cluster_phonetic,34
wrist,274,0.75,cluster_phonetic,4
hot,275,0.75,cluster_phonetic,34
hot,275,0.75,cluster_phonetic,34
hot,275,0.75,cluster_phonetic,34
hot,275,0.75,cluster_phonetic,34
hot,275,0.75,cluster_phonetic,4
good,276,0.75,cluster_phonetic,34
good,276,0.75,cluster_phonetic,34
good,276,0.75,cluster_phonetic,34
good,276,0.75,cluster_phonetic,34
good,276,0.75,cluster_phonetic,4
brace,277,0.75,cluster_phonetic,4
disgrace,277,0.75,cluster_phonetic,11
disgrace,277,0.75,cluster_phonetic,11
disgrace,277,0.75,cluster_phonetic,11
disgrace,277,0.75,cluster_phonetic,11
disgrace,277,0.75,cluster_phonetic,4
embrace,277,0.75,cluster_phonetic,4
grace,277,0.75,cluster_phonetic,18
grace,277,0.75,cluster_phonetic,18
grace,277,0.75,cluster_phonetic,18
grace,277,0.75,cluster_phonetic,18
grace,277,0.75,cluster_phonetic,4
race,277,0.75,cluster_phonetic,34
race,277,0.75,cluster_phonetic,34
race,277,0.75,cluster_phonetic,34
race,277,0.75,cluster_phonetic,34
race,277,0.75,cluster_phonetic,4
retrace,277,0.75,cluster_phonetic,4
trace,277,0.75,cluster_phonetic,5
trace,277,0.75,cluster_phonetic,5
trace,277,0.75,cluster_phonetic,5
trace,277,0.75,cluster_phonetic,5
trace,277,0.75,cluster_phonetic,4
toe,278,0.75,cluster_phonetic,34
toe,278,0.75,cluster_phonetic,34
toe,278,0.75,cluster_phonetic,34
toe,278,0.75,cluster_phonetic,34
toe,278,0.75,cluster_phonetic,4
body,279,0.75,cluster_phonetic,33
body,279,0.75,cluster_phonetic,33
body,279,0.75,cluster_phonetic,33
body,279,0.75,cluster_phonetic,33
body,279,0.75,cluster_phonetic,33
everybody,279,0.75,cluster_phonetic,8
everybody,279,0.75,cluster_phonetic,8
everybody,279,0.75,cluster_phonetic,8
everybody,279,0.75,cluster_phonetic,8
everybody,279,0.75,cluster_phonetic,8
somebody,279,0.75,cluster_phonetic,24
somebody,279,0.75,cluster_phonetic,23
somebody,279,0.75,cluster_phonetic,23
somebody,279,0.75,cluster_phonetic,23
somebody,279,0.75,cluster_phonetic,23
problem,280,0.75,cluster_phonetic,33
problem,280,0.75,cluster_phonetic,33
problem,280,0.75,cluster_phonetic,33
problem,280,0.75,cluster_phonetic,33
problem,280,0.75,cluster_phonetic,33
flights,281,0.75,cluster_phonetic,6
flights,281,0.75,cluster_phonetic,6
flights,281,0.75,cluster_phonetic,6
flights,281,0.75,cluster_phonetic,6
flights,281,0.75,cluster_phonetic,6
lights,281,0.75,cluster_phonetic,33
lights,281,0.75,cluster_phonetic,33
lights,281,0.75,cluster_phonetic,33
lights,281,0.75,cluster_phonetic,33
lights,281,0.75,cluster_phonetic,33
nights,281,0.75,cluster_phonetic,18
nights,281,0.75,cluster_phonetic,18
nights,281,0.75,cluster_phonetic,18
nights,281,0.75,cluster_phonetic,18
nights,281,0.75,cluster_phonetic,18
benz,282,0.75,cluster_phonetic,33
benz,282,0.75,cluster_phonetic,33
benz,282,0.75,cluster_phonetic,33
benz,282,0.75,cluster_phonetic,33
benz,282,0.75,cluster_phonetic,33
nah,283,0.75,cluster_phonetic,33
nah,283,0.75,cluster_phonetic,33
nah,283,0.75,cluster_phonetic,33
nah,283,0.75,cluster_phonetic,33
nah,283,0.75,cluster_phonetic,33
ohhh,284,0.75,cluster_phonetic,33
ohhh,284,0.75,cluster_phonetic,33
ohhh,284,0.75,cluster_phonetic,33
ohhh,284,0.75,cluster_phonetic,33
ohhh,284,0.75,cluster_phonetic,33
appease,285,0.75,cluster_phonetic,4
disease,285,0.75,cluster_phonetic,4
disease,285,0.75,cluster_phonetic,4
disease,285,0.75,cluster_phonetic,4
disease,285,0.75,cluster_phonetic,4
disease,285,0.75,cluster_phonetic,4
displease,285,0.75,cluster_phonetic,4
ease,285,0.75,cluster_phonetic,4
ease,285,0.75,cluster_phonetic,4
ease,285,0.75,cluster_phonetic,4
ease,285,0.75,cluster_phonetic,4
ease,285,0.75,cluster_phonetic,4
please,285,0.75,cluster_phonetic,33
please,285,0.75,cluster_phonetic,33
please,285,0.75,cluster_phonetic,33
please,285,0.75,cluster_phonetic,33
please,285,0.75,cluster_phonetic,4
tease,285,0.75,cluster_phonetic,4
tease,285,0.75,cluster_phonetic,4
door,286,0.75,cluster_phonetic,33
door,286,0.75,cluster_phonetic,33
door,286,0.75,cluster_phonetic,33
door,286,0.75,cluster_phonetic,33
door,286,0.75,cluster_phonetic,4
abstinence,287,0.75,cluster_phonetic,4
audience,287,0.75,cluster_phonetic,6
audience,287,0.75,cluster_phonetic,6
audience,287,0.75,cluster_phonetic,6
audience,287,0.75,cluster_phonetic,6
audience,287,0.75,cluster_phonetic,6
benevolence,287,0.75,cluster_phonetic,4
circumference,287,0.75,cluster_phonetic,4
conference,287,0.75,cluster_phonetic,4
conference,287,0.75,cluster_phonetic,4
confidence,287,0.75,cluster_phonetic,4
consequence,287,0.75,cluster_phonetic,4
difference,287,0.75,cluster_phonetic,9
difference,287,0.75,cluster_phonetic,9
difference,287,0.75,cluster_phonetic,9
difference,287,0.75,cluster_phonetic,9
difference,287,0.75,cluster_phonetic,4
diligence,287,0.75,cluster_phonetic,4
eloquence,287,0.75,cluster_phonetic,4
eminence,287,0.75,cluster_phonetic,4
evidence,287,0.75,cluster_phonetic,4
excellence,287,0.75,cluster_phonetic,4
impotence,287,0.75,cluster_phonetic,4
incontinence,287,0.75,cluster_phonetic,4
indifference,287,0.75,cluster_phonetic,4
inference,287,0.75,cluster_phonetic,4
influence,287,0.75,cluster_phonetic,8
influence,287,0.75,cluster_phonetic,8
influence,287,0.75,cluster_phonetic,8
influence,287,0.75,cluster_phonetic,8
influence,287,0.75,cluster_phonetic,8
innocence,287,0.75,cluster_phonetic,4
intelligence,287,0.75,cluster_phonetic,4
negligence,287,0.75,cluster_phonetic,4
omnipotence,287,0.75,cluster_phonetic,4
patience,287,0.75,cluster_phonetic,11
patience,287,0.75,cluster_phonetic,11
patience,287,0.75,cluster_phonetic,11
patience,287,0.75,cluster_phonetic,11
patience,287,0.75,cluster_phonetic,11
preference,287,0.75,cluster_phonetic,4
providence,287,0.75,cluster_phonetic,4
prudence,287,0.75,cluster_phonetic,4
reference,287,0.75,cluster_phonetic,4
residence,287,0.75,cluster_phonetic,4
reverence,287,0.75,cluster_phonetic,4
science,287,0.75,cluster_phonetic,4
silence,287,0.75,cluster_phonetic,4
vehemence,287,0.75,cluster_phonetic,4
violence,287,0.75,cluster_phonetic,33
violence,287,0.75,cluster_phonetic,33
violence,287,0.75,cluster_phonetic,33
violence,287,0.75,cluster_phonetic,33
violence,287,0.75,cluster_phonetic,4
brack,288,0.75,cluster_phonetic,4
crack,288,0.75,cluster_phonetic,11
crack,288,0.75,cluster_phonetic,11
crack,288,0.75,cluster_phonetic,11
crack,288,0.75,cluster_phonetic,11
crack,288,0.75,cluster_phonetic,4
rack,288,0.75,cluster_phonetic,5
rack,288,0.75,cluster_phonetic,5
rack,288,0.75,cluster_phonetic,5
rack,288,0.75,cluster_phonetic,5
rack,288,0.75,cluster_phonetic,4
track,288,0.75,cluster_phonetic,33
track,288,0.75,cluster_phonetic,33
track,288,0.75,cluster_phonetic,33
track,288,0.75,cluster_phonetic,33
track,288,0.75,cluster_phonetic,4
wrack,288,0.75,cluster_phonetic,4
advance,289,0.75,cluster_phonetic,4
askance,289,0.75,cluster_phonetic,4
chance,289,0.75,cluster_phonetic,9
chance,289,0.75,cluster_phonetic,9
chance,289,0.75,cluster_phonetic,9
chance,289,0.75,cluster_phonetic,9
chance,289,0.75,cluster_phonetic,4
dance,289,0.75,cluster_phonetic,33
dance,289,0.75,cluster_phonetic,33
dance,289,0.75,cluster_phonetic,33
dance,289,0.75,cluster_phonetic,33
dance,289,0.75,cluster_phonetic,4
enhance,289,0.75,cluster_phonetic,4
glance,289,0.75,cluster_phonetic,4
glance,289,0.75,cluster_phonetic,4
lance,289,0.75,cluster_phonetic,4
lance,289,0.75,cluster_phonetic,4
prance,289,0.75,cluster_phonetic,4
romance,289,0.75,cluster_phonetic,4
stance,289,0.75,cluster_phonetic,4
stance,289,0.75,cluster_phonetic,4
trance,289,0.75,cluster_phonetic,4
trance,289,0.75,cluster_phonetic,4
c,290,0.75,cluster_phonetic,32
c,290,0.75,cluster_phonetic,32
c,290,0.75,cluster_phonetic,32
c,290,0.75,cluster_phonetic,32
tags,291,0.75,cluster_phonetic,32
tags,291,0.75,cluster_phonetic,32
tags,291,0.75,cluster_phonetic,32
tags,291,0.75,cluster_phonetic,32
tags,291,0.75,cluster_phonetic,32
hustle,292,0.75,cluster_phonetic,14
hustle,292,0.75,cluster_phonetic,14
hustle,292,0.75,cluster_phonetic,14
hustle,292,0.75,cluster_phonetic,14
hustle,292,0.75,cluster_phonetic,14
whistle,292,0.75,cluster_phonetic,32
whistle,292,0.75,cluster_phonetic,32
whistle,292,0.75,cluster_phonetic,32
whistle,292,0.75,cluster_phonetic,32
whistle,292,0.75,cluster_phonetic,32
breathing,293,0.75,cluster_phonetic,11
breathing,293,0.75,cluster_phonetic,11
breathing,293,0.75,cluster_phonetic,11
breathing,293,0.75,cluster_phonetic,11
breathing,293,0.75,cluster_phonetic,11
choreographing,293,0.75,cluster_phonetic,4
laughing,293,0.75,cluster_phonetic,4
laughing,293,0.75,cluster_phonetic,4
laughing,293,0.75,cluster_phonetic,4
laughing,293,0.75,cluster_phonetic,4
laughing,293,0.75,cluster_phonetic,4
nothing,293,0.75,cluster_phonetic,32
nothing,293,0.75,cluster_phonetic,32
nothing,293,0.75,cluster_phonetic,32
nothing,293,0.75,cluster_phonetic,32
nothing,293,0.75,cluster_phonetic,32
something,293,0.75,cluster_phonetic,20
something,293,0.75,cluster_phonetic,20
something,293,0.75,cluster_phonetic,20
something,293,0.75,cluster_phonetic,20
something,293,0.75,cluster_phonetic,20
watching,293,0.75,cluster_phonetic,6
watching,293,0.75,cluster_phonetic,6
watching,293,0.75,cluster_phonetic,6
watching,293,0.75,cluster_phonetic,6
watching,293,0.75,cluster_phonetic,6
blow,294,0.75,cluster_phonetic,32
blow,294,0.75,cluster_phonetic,32
blow,294,0.75,cluster_phonetic,32
blow,294,0.75,cluster_phonetic,32
blow,294,0.75,cluster_phonetic,32
nice,295,0.75,cluster_phonetic,32
nice,295,0.75,cluster_phonetic,32
nice,295,0.75,cluster_phonetic,32
nice,295,0.75,cluster_phonetic,32
nice,295,0.75,cluster_phonetic,4
groom,296,0.75,cluster_phonetic,4
room,296,0.75,cluster_phonetic,32
room,296,0.75,cluster_phonetic,32
room,296,0.75,cluster_phonetic,32
room,296,0.75,cluster_phonetic,32
room,296,0.75,cluster_phonetic,4
cluck,297,0.75,cluster_phonetic,15
cluck,297,0.75,cluster_phonetic,15
cluck,297,0.75,cluster_phonetic,15
cluck,297,0.75,cluster_phonetic,15
cluck,297,0.75,cluster_phonetic,15
luck,297,0.75,cluster_phonetic,32
luck,297,0.75,cluster_phonetic,32
luck,297,0.75,cluster_phonetic,32
luck,297,0.75,cluster_phonetic,32
luck,297,0.75,cluster_phonetic,4
pluck,297,0.75,cluster_phonetic,4
jesus,298,0.75,cluster_phonetic,31
jesus,298,0.75,cluster_phonetic,31
jesus,298,0.75,cluster_phonetic,31
jesus,298,0.75,cluster_phonetic,31
jesus,298,0.75,cluster_phonetic,31
kamu,299,0.75,cluster_phonetic,31
kamu,299,0.75,cluster_phonetic,31
kamu,299,0.75,cluster_phonetic,31
kamu,299,0.75,cluster_phonetic,31
kamu,299,0.75,cluster_phonetic,31
oo,300,0.75,cluster_phonetic,31
oo,300,0.75,cluster_phonetic,31
oo,300,0.75,cluster_phonetic,31
oo,300,0.75,cluster_phonetic,31
who,301,0.75,cluster_phonetic,31
who,301,0.75,cluster_phonetic,31
who,301,0.75,cluster_phonetic,31
who,301,0.75,cluster_phonetic,31
who,301,0.75,cluster_phonetic,4
lost,302,0.75,cluster_phonetic,31
lost,302,0.75,cluster_phonetic,31
lost,302,0.75,cluster_phonetic,31
lost,302,0.75,cluster_phonetic,31
lost,302,0.75,cluster_phonetic,4
achieve,303,0.75,cluster_phonetic,4
aggrieve,303,0.75,cluster_phonetic,4
believe,303,0.75,cluster_phonetic,31
believe,303,0.75,cluster_phonetic,31
believe,303,0.75,cluster_phonetic,31
believe,303,0.75,cluster_phonetic,31
believe,303,0.75,cluster_phonetic,4
disbelieve,303,0.75,cluster_phonetic,4
grieve,303,0.75,cluster_phonetic,4
relieve,303,0.75,cluster_phonetic,4
reprieve,303,0.75,cluster_phonetic,4
sieve,303,0.75,cluster_phonetic,4
sieve,303,0.75,cluster_phonetic,4
thieve,303,0.75,cluster_phonetic,4
sale,304,0.75,cluster_phonetic,31
sale,304,0.75,cluster_phonetic,31
sale,304,0.75,cluster_phonetic,31
sale,304,0.75,cluster_phonetic,31
sale,304,0.75,cluster_phonetic,4
ball,305,0.75,cluster_phonetic,31
ball,305,0.75,cluster_phonetic,31
ball,305,0.75,cluster_phonetic,31
ball,305,0.75,cluster_phonetic,31
ball,305,0.75,cluster_phonetic,4
ready,306,0.75,cluster_phonetic,30
ready,306,0.75,cluster_phonetic,30
ready,306,0.75,cluster_phonetic,30
ready,306,0.75,cluster_phonetic,30
ready,306,0.75,cluster_phonetic,30
steady,306,0.75,cluster_phonetic,4
done,307,0.75,cluster_phonetic,30
done,307,0.75,cluster_phonetic,30
done,307,0.75,cluster_phonetic,30
done,307,0.75,cluster_phonetic,30
done,307,0.75,cluster_phonetic,30
drugs,308,0.75,cluster_phonetic,30
drugs,308,0.75,cluster_phonetic,30
drugs,308,0.75,cluster_phonetic,30
drugs,308,0.75,cluster_phonetic,30
drugs,308,0.75,cluster_phonetic,30
crumble,309,0.75,cluster_phonetic,4
crumble,309,0.75,cluster_phonetic,4
crumble,309,0.75,cluster_phonetic,4
crumble,309,0.75,cluster_phonetic,4
crumble,309,0.75,cluster_phonetic,4
humble,309,0.75,cluster_phonetic,30
humble,309,0.75,cluster_phonetic,30
humble,309,0.75,cluster_phonetic,30
humble,309,0.75,cluster_phonetic,30
humble,309,0.75,cluster_phonetic,30
mumble,309,0.75,cluster_phonetic,4
mumble,309,0.75,cluster_phonetic,4
mumble,309,0.75,cluster_phonetic,4
mumble,309,0.75,cluster_phonetic,4
mumble,309,0.75,cluster_phonetic,4
talkin',310,0.75,cluster_phonetic,30
talkin',310,0.75,cluster_phonetic,30
talkin',310,0.75,cluster_phonetic,30
talkin',310,0.75,cluster_phonetic,30
walkin',310,0.75,cluster_phonetic,7
walkin',310,0.75,cluster_phonetic,7
walkin',310,0.75,cluster_phonetic,7
walkin',310,0.75,cluster_phonetic,7
gigolo,311,0.75,cluster_phonetic,30
gigolo,311,0.75,cluster_phonetic,30
gigolo,311,0.75,cluster_phonetic,30
gigolo,311,0.75,cluster_phonetic,30
gigolo,311,0.75,cluster_phonetic,30
em,312,0.75,cluster_phonetic,30
em,312,0.75,cluster_phonetic,30
em,312,0.75,cluster_phonetic,30
em,312,0.75,cluster_phonetic,30
quick,313,0.75,cluster_phonetic,30
quick,313,0.75,cluster_phonetic,30
quick,313,0.75,cluster_phonetic,30
quick,313,0.75,cluster_phonetic,30
quick,313,0.75,cluster_phonetic,4
with,314,0.75,cluster_phonetic,30
with,314,0.75,cluster_phonetic,30
with,314,0.75,cluster_phonetic,30
with,314,0.75,cluster_phonetic,30
with,314,0.75,cluster_phonetic,4
astride,315,0.75,cluster_phonetic,4
bride,315,0.75,cluster_phonetic,4
deride,315,0.75,cluster_phonetic,4
deride,315,0.75,cluster_phonetic,4
pride,315,0.75,cluster_phonetic,4
pride,315,0.75,cluster_phonetic,4
pride,315,0.75,cluster_phonetic,4
pride,315,0.75,cluster_phonetic,4
pride,315,0.75,cluster_phonetic,4
ride,315,0.75,cluster_phonetic,30
ride,315,0.75,cluster_phonetic,30
ride,315,0.75,cluster_phonetic,30
ride,315,0.75,cluster_phonetic,30
ride,315,0.75,cluster_phonetic,4
stride,315,0.75,cluster_phonetic,4
stride,315,0.75,cluster_phonetic,4
lane,316,0.75,cluster_phonetic,30
lane,316,0.75,cluster_phonetic,30
lane,316,0.75,cluster_phonetic,30
lane,316,0.75,cluster_phonetic,30
lane,316,0.75,cluster_phonetic,4
plane,316,0.75,cluster_phonetic,13
plane,316,0.75,cluster_phonetic,13
plane,316,0.75,cluster_phonetic,13
plane,316,0.75,cluster_phonetic,13
plane,316,0.75,cluster_phonetic,4
rap,317,0.75,cluster_phonetic,30
rap,317,0.75,cluster_phonetic,30
rap,317,0.75,cluster_phonetic,30
rap,317,0.75,cluster_phonetic,30
rap,317,0.75,cluster_phonetic,4
proof,318,0.75,cluster_phonetic,5
proof,318,0.75,cluster_phonetic,5
proof,318,0.75,cluster_phonetic,5
proof,318,0.75,cluster_phonetic,5
proof,318,0.75,cluster_phonetic,4
roof,318,0.75,cluster_phonetic,30
roof,318,0.75,cluster_phonetic,30
roof,318,0.75,cluster_phonetic,30
roof,318,0.75,cluster_phonetic,30
roof,318,0.75,cluster_phonetic,4
business,319,0.75,cluster_phonetic,29
business,319,0.75,cluster_phonetic,29
business,319,0.75,cluster_phonetic,29
business,319,0.75,cluster_phonetic,29
business,319,0.75,cluster_phonetic,29
madness,319,0.75,cluster_phonetic,4
madness,319,0.75,cluster_phonetic,4
sadness,319,0.75,cluster_phonetic,4
sickness,319,0.75,cluster_phonetic,4
stillness,319,0.75,cluster_phonetic,4
roll,320,0.75,cluster_phonetic,29
roll,320,0.75,cluster_phonetic,29
roll,320,0.75,cluster_phonetic,29
roll,320,0.75,cluster_phonetic,29
roll,320,0.75,cluster_phonetic,29
fly,321,0.75,cluster_phonetic,29
fly,321,0.75,cluster_phonetic,29
fly,321,0.75,cluster_phonetic,29
fly,321,0.75,cluster_phonetic,29
fly,321,0.75,cluster_phonetic,29
befriend,322,0.75,cluster_phonetic,4
friend,322,0.75,cluster_phonetic,29
friend,322,0.75,cluster_phonetic,29
friend,322,0.75,cluster_phonetic,29
friend,322,0.75,cluster_phonetic,29
friend,322,0.75,cluster_phonetic,29
power,323,0.75,cluster_phonetic,29
power,323,0.75,cluster_phonetic,29
power,323,0.75,cluster_phonetic,29
power,323,0.75,cluster_phonetic,29
power,323,0.75,cluster_phonetic,29
shower,323,0.75,cluster_phonetic,7
shower,323,0.75,cluster_phonetic,7
shower,323,0.75,cluster_phonetic,7
shower,323,0.75,cluster_phonetic,7
shower,323,0.75,cluster_phonetic,7
tower,323,0.75,cluster_phonetic,4
og,324,0.75,cluster_phonetic,29
og,324,0.75,cluster_phonetic,29
og,324,0.75,cluster_phonetic,29
og,324,0.75,cluster_phonetic,29
case,325,0.75,cluster_phonetic,29
case,325,0.75,cluster_phonetic,29
case,325,0.75,cluster_phonetic,29
case,325,0.75,cluster_phonetic,29
case,325,0.75,cluster_phonetic,4
cleft,326,0.75,cluster_phonetic,4
left,326,0.75,cluster_phonetic,29
left,326,0.75,cluster_phonetic,29
left,326,0.75,cluster_phonetic,29
left,326,0.75,cluster_phonetic,29
left,326,0.75,cluster_phonetic,4
hurricane,327,0.75,cluster_phonetic,29
hurricane,327,0.75,cluster_phonetic,29
hurricane,327,0.75,cluster_phonetic,29
hurricane,327,0.75,cluster_phonetic,29
hurricane,327,0.75,cluster_phonetic,4
plan,328,0.75,cluster_phonetic,29
plan,328,0.75,cluster_phonetic,29
plan,328,0.75,cluster_phonetic,29
plan,328,0.75,cluster_phonetic,29
plan,328,0.75,cluster_phonetic,4
click,329,0.75,cluster_phonetic,19
click,329,0.75,cluster_phonetic,19
click,329,0.75,cluster_phonetic,19
click,329,0.75,cluster_phonetic,19
click,329,0.75,cluster_phonetic,19
flick,329,0.75,cluster_phonetic,16
flick,329,0.75,cluster_phonetic,16
flick,329,0.75,cluster_phonetic,16
flick,329,0.75,cluster_phonetic,16
flick,329,0.75,cluster_phonetic,16
lick,329,0.75,cluster_phonetic,29
lick,329,0.75,cluster_phonetic,29
lick,329,0.75,cluster_phonetic,29
lick,329,0.75,cluster_phonetic,29
lick,329,0.75,cluster_phonetic,4
slick,329,0.75,cluster_phonetic,5
slick,329,0.75,cluster_phonetic,5
slick,329,0.75,cluster_phonetic,5
slick,329,0.75,cluster_phonetic,5
slick,329,0.75,cluster_phonetic,5
lamb,330,0.75,cluster_phonetic,29
lamb,330,0.75,cluster_phonetic,29
lamb,330,0.75,cluster_phonetic,29
lamb,330,0.75,cluster_phonetic,29
lamb,330,0.75,cluster_phonetic,4
jam,331,0.75,cluster_phonetic,28
jam,331,0.75,cluster_phonetic,28
jam,331,0.75,cluster_phonetic,28
jam,331,0.75,cluster_phonetic,28
jam,331,0.75,cluster_phonetic,28
school,332,0.75,cluster_phonetic,28
school,332,0.75,cluster_phonetic,28
school,332,0.75,cluster_phonetic,28
school,332,0.75,cluster_phonetic,28
school,332,0.75,cluster_phonetic,28
sings,333,0.75,cluster_phonetic,4
stings,333,0.75,cluster_phonetic,25
stings,333,0.75,cluster_phonetic,25
stings,333,0.75,cluster_phonetic,25
stings,333,0.75,cluster_phonetic,25
stings,333,0.75,cluster_phonetic,25
things,333,0.75,cluster_phonetic,28
things,333,0.75,cluster_phonetic,28
things,333,0.75,cluster_phonetic,28
things,333,0.75,cluster_phonetic,28
things,333,0.75,cluster_phonetic,28
wings,333,0.75,cluster_phonetic,9
wings,333,0.75,cluster_phonetic,9
wings,333,0.75,cluster_phonetic,9
wings,333,0.75,cluster_phonetic,9
wings,333,0.75,cluster_phonetic,9
'bout,334,0.75,cluster_phonetic,10
'bout,334,0.75,cluster_phonetic,10
'bout,334,0.75,cluster_phonetic,10
'bout,334,0.75,cluster_phonetic,10
about,334,0.75,cluster_phonetic,28
about,334,0.75,cluster_phonetic,28
about,334,0.75,cluster_phonetic,28
about,334,0.75,cluster_phonetic,28
about,334,0.75,cluster_phonetic,28
bout,334,0.75,cluster_phonetic,18
bout,334,0.75,cluster_phonetic,8
bout,334,0.75,cluster_phonetic,8
bout,334,0.75,cluster_phonetic,8
bout,334,0.75,cluster_phonetic,8
studio,335,0.75,cluster_phonetic,28
studio,335,0.75,cluster_phonetic,28
studio,335,0.75,cluster_phonetic,28
studio,335,0.75,cluster_phonetic,28
studio,335,0.75,cluster_phonetic,28
guy,336,0.75,cluster_phonetic,28
guy,336,0.75,cluster_phonetic,28
guy,336,0.75,cluster_phonetic,28
guy,336,0.75,cluster_phonetic,28
guy,336,0.75,cluster_phonetic,28
motherfucker,337,0.75,cluster_phonetic,28
motherfucker,337,0.75,cluster_phonetic,28
motherfucker,337,0.75,cluster_phonetic,28
motherfucker,337,0.75,cluster_phonetic,28
motherfucker,337,0.75,cluster_phonetic,28
sucker,337,0.75,cluster_phonetic,6
sucker,337,0.75,cluster_phonetic,6
sucker,337,0.75,cluster_phonetic,6
sucker,337,0.75,cluster_phonetic,6
sucker,337,0.75,cluster_phonetic,6
ticker,337,0.75,cluster_phonetic,4
adi,338,0.75,cluster_phonetic,28
adi,338,0.75,cluster_phonetic,28
adi,338,0.75,cluster_phonetic,28
adi,338,0.75,cluster_phonetic,28
adi,338,0.75,cluster_phonetic,28
askin,339,0.75,cluster_phonetic,10
askin,339,0.75,cluster_phonetic,8
askin,339,0.75,cluster_phonetic,8
askin,339,0.75,cluster_phonetic,8
askin,339,0.75,cluster_phonetic,8
skin,339,0.75,cluster_phonetic,28
skin,339,0.75,cluster_phonetic,28
skin,339,0.75,cluster_phonetic,28
skin,339,0.75,cluster_phonetic,28
skin,339,0.75,cluster_phonetic,4
chill,340,0.75,cluster_phonetic,28
chill,340,0.75,cluster_phonetic,28
chill,340,0.75,cluster_phonetic,28
chill,340,0.75,cluster_phonetic,28
chill,340,0.75,cluster_phonetic,4
hill,340,0.75,cluster_phonetic,18
hill,340,0.75,cluster_phonetic,18
hill,340,0.75,cluster_phonetic,18
hill,340,0.75,cluster_phonetic,18
hill,340,0.75,cluster_phonetic,4
front,341,0.75,cluster_phonetic,28
front,341,0.75,cluster_phonetic,28
front,341,0.75,cluster_phonetic,28
front,341,0.75,cluster_phonetic,28
front,341,0.75,cluster_phonetic,4
check,342,0.75,cluster_phonetic,28
check,342,0.75,cluster_phonetic,28
check,342,0.75,cluster_phonetic,28
check,342,0.75,cluster_phonetic,28
check,342,0.75,cluster_phonetic,4
obscene,343,0.75,cluster_phonetic,4
scene,343,0.75,cluster_phonetic,28
scene,343,0.75,cluster_phonetic,28
scene,343,0.75,cluster_phonetic,28
scene,343,0.75,cluster_phonetic,28
scene,343,0.75,cluster_phonetic,4
pants,344,0.75,cluster_phonetic,27
pants,344,0.75,cluster_phonetic,27
pants,344,0.75,cluster_phonetic,27
pants,344,0.75,cluster_phonetic,27
pants,344,0.75,cluster_phonetic,27
awning,345,0.75,cluster_phonetic,4
beginning,345,0.75,cluster_phonetic,4
burning,345,0.75,cluster_phonetic,4
designing,345,0.75,cluster_phonetic,4
morning,345,0.75,cluster_phonetic,27
morning,345,0.75,cluster_phonetic,27
morning,345,0.75,cluster_phonetic,27
morning,345,0.75,cluster_phonetic,27
morning,345,0.75,cluster_phonetic,27
poisoning,345,0.75,cluster_phonetic,4
scanning,345,0.75,cluster_phonetic,4
seasoning,345,0.75,cluster_phonetic,4
shining,345,0.75,cluster_phonetic,4
shining,345,0.75,cluster_phonetic,4
shining,345,0.75,cluster_phonetic,4
shining,345,0.75,cluster_phonetic,4
shining,345,0.75,cluster_phonetic,4
spinning,345,0.75,cluster_phonetic,4
warning,345,0.75,cluster_phonetic,4
warning,345,0.75,cluster_phonetic,4
warning,345,0.75,cluster_phonetic,4
warning,345,0.75,cluster_phonetic,4
warning,345,0.75,cluster_phonetic,4
dodo,346,0.75,cluster_phonetic,27
dodo,346,0.75,cluster_phonetic,27
dodo,346,0.75,cluster_phonetic,27
dodo,346,0.75,cluster_phonetic,27
dodo,346,0.75,cluster_phonetic,27
nicht,347,0.75,cluster_phonetic,27
nicht,347,0.75,cluster_phonetic,27
nicht,347,0.75,cluster_phonetic,27
nicht,347,0.75,cluster_phonetic,27
nicht,347,0.75,cluster_phonetic,27
hate,348,0.75,cluster_phonetic,27
hate,348,0.75,cluster_phonetic,27
hate,348,0.75,cluster_phonetic,27
hate,348,0.75,cluster_phonetic,27
hate,348,0.75,cluster_phonetic,4
e,349,0.75,cluster_phonetic,26
e,349,0.75,cluster_phonetic,26
e,349,0.75,cluster_phonetic,26
e,349,0.75,cluster_phonetic,26
many,350,0.75,cluster_phonetic,26
many,350,0.75,cluster_phonetic,26
many,350,0.75,cluster_phonetic,26
many,350,0.75,cluster_phonetic,26
many,350,0.75,cluster_phonetic,26
heaven,351,0.75,cluster_phonetic,26
heaven,351,0.75,cluster_phonetic,26
heaven,351,0.75,cluster_phonetic,26
heaven,351,0.75,cluster_phonetic,26
heaven,351,0.75,cluster_phonetic,26
goodbye,352,0.75,cluster_phonetic,26
goodbye,352,0.75,cluster_phonetic,26
goodbye,352,0.75,cluster_phonetic,26
goodbye,352,0.75,cluster_phonetic,26
goodbye,352,0.75,cluster_phonetic,26
my,353,0.75,cluster_phonetic,26
my,353,0.75,cluster_phonetic,26
my,353,0.75,cluster_phonetic,26
my,353,0.75,cluster_phonetic,26
administer,354,0.75,cluster_phonetic,4
alabaster,354,0.75,cluster_phonetic,4
barrister,354,0.75,cluster_phonetic,4
blister,354,0.75,cluster_phonetic,4
broadcaster,354,0.75,cluster_phonetic,4
canister,354,0.75,cluster_phonetic,4
cloister,354,0.75,cluster_phonetic,4
coster,354,0.75,cluster_phonetic,4
filibuster,354,0.75,cluster_phonetic,4
foster,354,0.75,cluster_phonetic,6
foster,354,0.75,cluster_phonetic,6
foster,354,0.75,cluster_phonetic,6
foster,354,0.75,cluster_phonetic,6
foster,354,0.75,cluster_phonetic,4
lobster,354,0.75,cluster_phonetic,4
lobster,354,0.75,cluster_phonetic,4
lobster,354,0.75,cluster_phonetic,4
lobster,354,0.75,cluster_phonetic,4
lobster,354,0.75,cluster_phonetic,4
master,354,0.75,cluster_phonetic,4
master,354,0.75,cluster_phonetic,4
master,354,0.75,cluster_phonetic,4
master,354,0.75,cluster_phonetic,4
master,354,0.75,cluster_phonetic,4
minister,354,0.75,cluster_phonetic,4
monster,354,0.75,cluster_phonetic,26
monster,354,0.75,cluster_phonetic,26
monster,354,0.75,cluster_phonetic,26
monster,354,0.75,cluster_phonetic,26
monster,354,0.75,cluster_phonetic,26
oyster,354,0.75,cluster_phonetic,4
register,354,0.75,cluster_phonetic,4
rooster,354,0.75,cluster_phonetic,4
sister,354,0.75,cluster_phonetic,4
sister,354,0.75,cluster_phonetic,4
sister,354,0.75,cluster_phonetic,4
sister,354,0.75,cluster_phonetic,4
sister,354,0.75,cluster_phonetic,4
spinster,354,0.75,cluster_phonetic,4
another,355,0.75,cluster_phonetic,5
another,355,0.75,cluster_phonetic,5
another,355,0.75,cluster_phonetic,5
another,355,0.75,cluster_phonetic,5
another,355,0.75,cluster_phonetic,5
brother,355,0.75,cluster_phonetic,4
ether,355,0.75,cluster_phonetic,4
feather,355,0.75,cluster_phonetic,4
gather,355,0.75,cluster_phonetic,4
leather,355,0.75,cluster_phonetic,4
other,355,0.75,cluster_phonetic,5
other,355,0.75,cluster_phonetic,5
other,355,0.75,cluster_phonetic,5
other,355,0.75,cluster_phonetic,5
other,355,0.75,cluster_phonetic,5
smother,355,0.75,cluster_phonetic,4
tether,355,0.75,cluster_phonetic,4
together,355,0.75,cluster_phonetic,26
together,355,0.75,cluster_phonetic,26
together,355,0.75,cluster_phonetic,26
together,355,0.75,cluster_phonetic,26
together,355,0.75,cluster_phonetic,26
opp,356,0.75,cluster_phonetic,26
opp,356,0.75,cluster_phonetic,26
opp,356,0.75,cluster_phonetic,26
opp,356,0.75,cluster_phonetic,26
opp,356,0.75,cluster_phonetic,26
pop,357,0.75,cluster_phonetic,26
pop,357,0.75,cluster_phonetic,26
pop,357,0.75,cluster_phonetic,26
pop,357,0.75,cluster_phonetic,26
pop,357,0.75,cluster_phonetic,26
price,358,0.75,cluster_phonetic,26
price,358,0.75,cluster_phonetic,26
price,358,0.75,cluster_phonetic,26
price,358,0.75,cluster_phonetic,26
price,358,0.75,cluster_phonetic,4
rice,358,0.75,cluster_phonetic,4
rice,358,0.75,cluster_phonetic,4
rice,358,0.75,cluster_phonetic,4
rice,358,0.75,cluster_phonetic,4
rice,358,0.75,cluster_phonetic,4
thrice,358,0.75,cluster_phonetic,4
trice,358,0.75,cluster_phonetic,4
shine,359,0.75,cluster_phonetic,26
shine,359,0.75,cluster_phonetic,26
shine,359,0.75,cluster_phonetic,26
shine,359,0.75,cluster_phonetic,26
shine,359,0.75,cluster_phonetic,4
thine,359,0.75,cluster_phonetic,4
thine,359,0.75,cluster_phonetic,4
whine,359,0.75,cluster_phonetic,4
cup,360,0.75,cluster_phonetic,26
cup,360,0.75,cluster_phonetic,26
cup,360,0.75,cluster_phonetic,26
cup,360,0.75,cluster_phonetic,26
cup,360,0.75,cluster_phonetic,4
week,361,0.75,cluster_phonetic,26
week,361,0.75,cluster_phonetic,26
week,361,0.75,cluster_phonetic,26
week,361,0.75,cluster_phonetic,26
week,361,0.75,cluster_phonetic,4
conserve,362,0.75,cluster_phonetic,4
deserve,362,0.75,cluster_phonetic,4
deserve,362,0.75,cluster_phonetic,4
deserve,362,0.75,cluster_phonetic,4
deserve,362,0.75,cluster_phonetic,4
deserve,362,0.75,cluster_phonetic,4
nerve,362,0.75,cluster_phonetic,4
observe,362,0.75,cluster_phonetic,4
preserve,362,0.75,cluster_phonetic,4
preserve,362,0.75,cluster_phonetic,4
reserve,362,0.75,cluster_phonetic,4
serve,362,0.75,cluster_phonetic,7
serve,362,0.75,cluster_phonetic,7
serve,362,0.75,cluster_phonetic,7
serve,362,0.75,cluster_phonetic,7
serve,362,0.75,cluster_phonetic,4
swerve,362,0.75,cluster_phonetic,26
swerve,362,0.75,cluster_phonetic,26
swerve,362,0.75,cluster_phonetic,26
swerve,362,0.75,cluster_phonetic,26
swerve,362,0.75,cluster_phonetic,4
crevice,363,0.75,cluster_phonetic,4
novice,363,0.75,cluster_phonetic,4
service,363,0.75,cluster_phonetic,26
service,363,0.75,cluster_phonetic,26
service,363,0.75,cluster_phonetic,26
service,363,0.75,cluster_phonetic,26
service,363,0.75,cluster_phonetic,4
b,364,0.75,cluster_phonetic,25
b,364,0.75,cluster_phonetic,25
b,364,0.75,cluster_phonetic,25
b,364,0.75,cluster_phonetic,25
rules,365,0.75,cluster_phonetic,25
rules,365,0.75,cluster_phonetic,25
rules,365,0.75,cluster_phonetic,25
rules,365,0.75,cluster_phonetic,25
rules,365,0.75,cluster_phonetic,25
demons,366,0.75,cluster_phonetic,25
demons,366,0.75,cluster_phonetic,25
demons,366,0.75,cluster_phonetic,25
demons,366,0.75,cluster_phonetic,25
demons,366,0.75,cluster_phonetic,25
dope,367,0.75,cluster_phonetic,25
dope,367,0.75,cluster_phonetic,25
dope,367,0.75,cluster_phonetic,25
dope,367,0.75,cluster_phonetic,25
dope,367,0.75,cluster_phonetic,25
by,368,0.75,cluster_phonetic,25
by,368,0.75,cluster_phonetic,25
by,368,0.75,cluster_phonetic,25
by,368,0.75,cluster_phonetic,25
hype,369,0.75,cluster_phonetic,25
hype,369,0.75,cluster_phonetic,25
hype,369,0.75,cluster_phonetic,25
hype,369,0.75,cluster_phonetic,25
hype,369,0.75,cluster_phonetic,25
days,370,0.75,cluster_phonetic,25
days,370,0.75,cluster_phonetic,25
days,370,0.75,cluster_phonetic,25
days,370,0.75,cluster_phonetic,25
days,370,0.75,cluster_phonetic,25
insane,371,0.75,cluster_phonetic,25
insane,371,0.75,cluster_phonetic,25
insane,371,0.75,cluster_phonetic,25
insane,371,0.75,cluster_phonetic,25
insane,371,0.75,cluster_phonetic,25
sane,371,0.75,cluster_phonetic,4
k,372,0.75,cluster_phonetic,25
k,372,0.75,cluster_phonetic,25
k,372,0.75,cluster_phonetic,25
k,372,0.75,cluster_phonetic,25
underdog,373,0.75,cluster_phonetic,25
underdog,373,0.75,cluster_phonetic,25
underdog,373,0.75,cluster_phonetic,25
underdog,373,0.75,cluster_phonetic,25
underdog,373,0.75,cluster_phonetic,25
swill,374,0.75,cluster_phonetic,4
will,374,0.75,cluster_phonetic,25
will,374,0.75,cluster_phonetic,25
will,374,0.75,cluster_phonetic,25
will,374,0.75,cluster_phonetic,25
will,374,0.75,cluster_phonetic,4
shame,375,0.75,cluster_phonetic,25
shame,375,0.75,cluster_phonetic,25
shame,375,0.75,cluster_phonetic,25
shame,375,0.75,cluster_phonetic,25
shame,375,0.75,cluster_phonetic,4
two,376,0.75,cluster_phonetic,25
two,376,0.75,cluster_phonetic,25
two,376,0.75,cluster_phonetic,25
two,376,0.75,cluster_phonetic,25
two,376,0.75,cluster_phonetic,4
deal,377,0.75,cluster_phonetic,25
deal,377,0.75,cluster_phonetic,25
deal,377,0.75,cluster_phonetic,25
deal,377,0.75,cluster_phonetic,25
deal,377,0.75,cluster_phonetic,4
kill,378,0.75,cluster_phonetic,25
kill,378,0.75,cluster_phonetic,25
kill,378,0.75,cluster_phonetic,25
kill,378,0.75,cluster_phonetic,25
kill,378,0.75,cluster_phonetic,4
skill,378,0.75,cluster_phonetic,4
lord,379,0.75,cluster_phonetic,25
lord,379,0.75,cluster_phonetic,25
lord,379,0.75,cluster_phonetic,25
lord,379,0.75,cluster_phonetic,25
lord,379,0.75,cluster_phonetic,4
then,380,0.75,cluster_phonetic,25
then,380,0.75,cluster_phonetic,25
then,380,0.75,cluster_phonetic,25
then,380,0.75,cluster_phonetic,4
happy,381,0.75,cluster_phonetic,25
happy,381,0.75,cluster_phonetic,25
happy,381,0.75,cluster_phonetic,25
happy,381,0.75,cluster_phonetic,25
happy,381,0.75,cluster_phonetic,4
snappy,381,0.75,cluster_phonetic,4
bang,382,0.75,cluster_phonetic,25
bang,382,0.75,cluster_phonetic,25
bang,382,0.75,cluster_phonetic,25
bang,382,0.75,cluster_phonetic,25
bang,382,0.75,cluster_phonetic,4
groupie,383,0.75,cluster_phonetic,24
groupie,383,0.75,cluster_phonetic,24
groupie,383,0.75,cluster_phonetic,24
groupie,383,0.75,cluster_phonetic,24
groupie,383,0.75,cluster_phonetic,24
je,384,0.75,cluster_phonetic,24
je,384,0.75,cluster_phonetic,24
je,384,0.75,cluster_phonetic,24
je,384,0.75,cluster_phonetic,24
nein,385,0.75,cluster_phonetic,24
nein,385,0.75,cluster_phonetic,24
nein,385,0.75,cluster_phonetic,24
nein,385,0.75,cluster_phonetic,24
nein,385,0.75,cluster_phonetic,24
ye,386,0.75,cluster_phonetic,24
ye,386,0.75,cluster_phonetic,24
ye,386,0.75,cluster_phonetic,24
ye,386,0.75,cluster_phonetic,24
plug,387,0.75,cluster_phonetic,24
plug,387,0.75,cluster_phonetic,24
plug,387,0.75,cluster_phonetic,24
plug,387,0.75,cluster_phonetic,24
plug,387,0.75,cluster_phonetic,24
clout,388,0.75,cluster_phonetic,24
clout,388,0.75,cluster_phonetic,24
clout,388,0.75,cluster_phonetic,24
clout,388,0.75,cluster_phonetic,24
clout,388,0.75,cluster_phonetic,24
doe,389,0.75,cluster_phonetic,24
doe,389,0.75,cluster_phonetic,24
doe,389,0.75,cluster_phonetic,24
doe,389,0.75,cluster_phonetic,24
doe,389,0.75,cluster_phonetic,24
shoofly,390,0.75,cluster_phonetic,24
shoofly,390,0.75,cluster_phonetic,24
shoofly,390,0.75,cluster_phonetic,24
shoofly,390,0.75,cluster_phonetic,24
shoofly,390,0.75,cluster_phonetic,24
elevator,391,0.75,cluster_phonetic,24
elevator,391,0.75,cluster_phonetic,24
elevator,391,0.75,cluster_phonetic,24
elevator,391,0.75,cluster_phonetic,24
elevator,391,0.75,cluster_phonetic,24
hvala,392,0.75,cluster_phonetic,24
hvala,392,0.75,cluster_phonetic,24
hvala,392,0.75,cluster_phonetic,24
hvala,392,0.75,cluster_phonetic,24
hvala,392,0.75,cluster_phonetic,24
zimbabve,393,0.75,cluster_phonetic,24
zimbabve,393,0.75,cluster_phonetic,24
zimbabve,393,0.75,cluster_phonetic,24
zimbabve,393,0.75,cluster_phonetic,24
zimbabve,393,0.75,cluster_phonetic,24
aiii,394,0.75,cluster_phonetic,24
aiii,394,0.75,cluster_phonetic,24
aiii,394,0.75,cluster_phonetic,24
aiii,394,0.75,cluster_phonetic,24
aiii,394,0.75,cluster_phonetic,24
dijamanti,395,0.75,cluster_phonetic,24
dijamanti,395,0.75,cluster_phonetic,24
dijamanti,395,0.75,cluster_phonetic,24
dijamanti,395,0.75,cluster_phonetic,24
dijamanti,395,0.75,cluster_phonetic,24
groat,396,0.75,cluster_phonetic,4
throat,396,0.75,cluster_phonetic,24
throat,396,0.75,cluster_phonetic,24
throat,396,0.75,cluster_phonetic,24
throat,396,0.75,cluster_phonetic,24
throat,396,0.75,cluster_phonetic,4
call,397,0.75,cluster_phonetic,24
call,397,0.75,cluster_phonetic,24
call,397,0.75,cluster_phonetic,24
call,397,0.75,cluster_phonetic,24
call,397,0.75,cluster_phonetic,4
but,398,0.75,cluster_phonetic,24
but,398,0.75,cluster_phonetic,24
but,398,0.75,cluster_phonetic,24
but,398,0.75,cluster_phonetic,4
funk,399,0.75,cluster_phonetic,24
funk,399,0.75,cluster_phonetic,24
funk,399,0.75,cluster_phonetic,24
funk,399,0.75,cluster_phonetic,24
funk,399,0.75,cluster_phonetic,4
reason,400,0.75,cluster_phonetic,24
reason,400,0.75,cluster_phonetic,24
reason,400,0.75,cluster_phonetic,24
reason,400,0.75,cluster_phonetic,24
reason,400,0.75,cluster_phonetic,4
season,400,0.75,cluster_phonetic,5
season,400,0.75,cluster_phonetic,5
season,400,0.75,cluster_phonetic,5
season,400,0.75,cluster_phonetic,5
season,400,0.75,cluster_phonetic,4
king,401,0.75,cluster_phonetic,24
king,401,0.75,cluster_phonetic,24
king,401,0.75,cluster_phonetic,24
king,401,0.75,cluster_phonetic,24
king,401,0.75,cluster_phonetic,4
stilt,402,0.75,cluster_phonetic,4
tilt,402,0.75,cluster_phonetic,24
tilt,402,0.75,cluster_phonetic,24
tilt,402,0.75,cluster_phonetic,24
tilt,402,0.75,cluster_phonetic,24
tilt,402,0.75,cluster_phonetic,4
dat,403,0.75,cluster_phonetic,23
dat,403,0.75,cluster_phonetic,23
dat,403,0.75,cluster_phonetic,23
dat,403,0.75,cluster_phonetic,23
dat,403,0.75,cluster_phonetic,23
mc,404,0.75,cluster_phonetic,23
mc,404,0.75,cluster_phonetic,23
mc,404,0.75,cluster_phonetic,23
mc,404,0.75,cluster_phonetic,23
cold,405,0.75,cluster_phonetic,23
cold,405,0.75,cluster_phonetic,23
cold,405,0.75,cluster_phonetic,23
cold,405,0.75,cluster_phonetic,23
cold,405,0.75,cluster_phonetic,23
loco,406,0.75,cluster_phonetic,23
loco,406,0.75,cluster_phonetic,23
loco,406,0.75,cluster_phonetic,23
loco,406,0.75,cluster_phonetic,23
loco,406,0.75,cluster_phonetic,23
blessed,407,0.75,cluster_phonetic,23
blessed,407,0.75,cluster_phonetic,23
blessed,407,0.75,cluster_phonetic,23
blessed,407,0.75,cluster_phonetic,23
blessed,407,0.75,cluster_phonetic,23
flex,408,0.75,cluster_phonetic,23
flex,408,0.75,cluster_phonetic,23
flex,408,0.75,cluster_phonetic,23
flex,408,0.75,cluster_phonetic,23
flex,408,0.75,cluster_phonetic,23
rocks,409,0.75,cluster_phonetic,23
rocks,409,0.75,cluster_phonetic,23
rocks,409,0.75,cluster_phonetic,23
rocks,409,0.75,cluster_phonetic,23
rocks,409,0.75,cluster_phonetic,23
socks,409,0.75,cluster_phonetic,11
socks,409,0.75,cluster_phonetic,11
socks,409,0.75,cluster_phonetic,11
socks,409,0.75,cluster_phonetic,11
socks,409,0.75,cluster_phonetic,11
await,410,0.75,cluster_phonetic,4
await,410,0.75,cluster_phonetic,4
wait,410,0.75,cluster_phonetic,23
wait,410,0.75,cluster_phonetic,23
wait,410,0.75,cluster_phonetic,23
wait,410,0.75,cluster_phonetic,23
wait,410,0.75,cluster_phonetic,4
juice,411,0.75,cluster_phonetic,23
juice,411,0.75,cluster_phonetic,23
juice,411,0.75,cluster_phonetic,23
juice,411,0.75,cluster_phonetic,23
juice,411,0.75,cluster_phonetic,4
sluice,411,0.75,cluster_phonetic,4
air,412,0.75,cluster_phonetic,23
air,412,0.75,cluster_phonetic,23
air,412,0.75,cluster_phonetic,23
air,412,0.75,cluster_phonetic,23
air,412,0.75,cluster_phonetic,4
blue,413,0.75,cluster_phonetic,23
blue,413,0.75,cluster_phonetic,23
blue,413,0.75,cluster_phonetic,23
blue,413,0.75,cluster_phonetic,23
blue,413,0.75,cluster_phonetic,4
thang,414,0.75,cluster_phonetic,23
thang,414,0.75,cluster_phonetic,23
thang,414,0.75,cluster_phonetic,23
thang,414,0.75,cluster_phonetic,23
thang,414,0.75,cluster_phonetic,4
tool,415,0.75,cluster_phonetic,23
tool,415,0.75,cluster_phonetic,23
tool,415,0.75,cluster_phonetic,23
tool,415,0.75,cluster_phonetic,23
tool,415,0.75,cluster_phonetic,4
strip,416,0.75,cluster_phonetic,5
strip,416,0.75,cluster_phonetic,5
strip,416,0.75,cluster_phonetic,5
strip,416,0.75,cluster_phonetic,5
strip,416,0.75,cluster_phonetic,4
trip,416,0.75,cluster_phonetic,23
trip,416,0.75,cluster_phonetic,23
trip,416,0.75,cluster_phonetic,23
trip,416,0.75,cluster_phonetic,23
trip,416,0.75,cluster_phonetic,4
chide,417,0.75,cluster_phonetic,4
hide,417,0.75,cluster_phonetic,23
hide,417,0.75,cluster_phonetic,23
hide,417,0.75,cluster_phonetic,23
hide,417,0.75,cluster_phonetic,23
hide,417,0.75,cluster_phonetic,4
sayin,418,0.75,cluster_phonetic,23
sayin,418,0.75,cluster_phonetic,7
sayin,418,0.75,cluster_phonetic,7
sayin,418,0.75,cluster_phonetic,7
sayin,418,0.75,cluster_phonetic,7
capacity,419,0.75,cluster_phonetic,4
city,419,0.75,cluster_phonetic,22
city,419,0.75,cluster_phonetic,22
city,419,0.75,cluster_phonetic,22
city,419,0.75,cluster_phonetic,22
city,419,0.75,cluster_phonetic,22
duplicity,419,0.75,cluster_phonetic,4
electricity,419,0.75,cluster_phonetic,4
felicity,419,0.75,cluster_phonetic,4
ferocity,419,0.75,cluster_phonetic,4
incapacity,419,0.75,cluster_phonetic,4
mendacity,419,0.75,cluster_phonetic,4
reciprocity,419,0.75,cluster_phonetic,4
simplicity,419,0.75,cluster_phonetic,4
tenacity,419,0.75,cluster_phonetic,4
veracity,419,0.75,cluster_phonetic,4
cities,420,0.75,cluster_phonetic,4
fifties,420,0.75,cluster_phonetic,22
fifties,420,0.75,cluster_phonetic,22
fifties,420,0.75,cluster_phonetic,22
fifties,420,0.75,cluster_phonetic,22
fifties,420,0.75,cluster_phonetic,22
panties,420,0.75,cluster_phonetic,9
panties,420,0.75,cluster_phonetic,9
panties,420,0.75,cluster_phonetic,9
panties,420,0.75,cluster_phonetic,9
panties,420,0.75,cluster_phonetic,9
twenties,420,0.75,cluster_phonetic,10
twenties,420,0.75,cluster_phonetic,10
twenties,420,0.75,cluster_phonetic,10
twenties,420,0.75,cluster_phonetic,10
twenties,420,0.75,cluster_phonetic,10
cracks,421,0.75,cluster_phonetic,4
packs,421,0.75,cluster_phonetic,13
packs,421,0.75,cluster_phonetic,13
packs,421,0.75,cluster_phonetic,13
packs,421,0.75,cluster_phonetic,13
packs,421,0.75,cluster_phonetic,13
racks,421,0.75,cluster_phonetic,22
racks,421,0.75,cluster_phonetic,22
racks,421,0.75,cluster_phonetic,22
racks,421,0.75,cluster_phonetic,22
racks,421,0.75,cluster_phonetic,22
stacks,421,0.75,cluster_phonetic,22
stacks,421,0.75,cluster_phonetic,22
stacks,421,0.75,cluster_phonetic,22
stacks,421,0.75,cluster_phonetic,22
stacks,421,0.75,cluster_phonetic,22
tracks,421,0.75,cluster_phonetic,15
tracks,421,0.75,cluster_phonetic,15
tracks,421,0.75,cluster_phonetic,15
tracks,421,0.75,cluster_phonetic,15
tracks,421,0.75,cluster_phonetic,15
stand,422,0.75,cluster_phonetic,5
stand,422,0.75,cluster_phonetic,5
stand,422,0.75,cluster_phonetic,5
stand,422,0.75,cluster_phonetic,5
stand,422,0.75,cluster_phonetic,4
understand,422,0.75,cluster_phonetic,22
understand,422,0.75,cluster_phonetic,22
understand,422,0.75,cluster_phonetic,22
understand,422,0.75,cluster_phonetic,22
understand,422,0.75,cluster_phonetic,22
withstand,422,0.75,cluster_phonetic,4
fool,423,0.75,cluster_phonetic,22
fool,423,0.75,cluster_phonetic,22
fool,423,0.75,cluster_phonetic,22
fool,423,0.75,cluster_phonetic,22
fool,423,0.75,cluster_phonetic,22
people,424,0.75,cluster_phonetic,22
people,424,0.75,cluster_phonetic,22
people,424,0.75,cluster_phonetic,22
people,424,0.75,cluster_phonetic,22
people,424,0.75,cluster_phonetic,22
goal,425,0.75,cluster_phonetic,22
goal,425,0.75,cluster_phonetic,22
goal,425,0.75,cluster_phonetic,22
goal,425,0.75,cluster_phonetic,22
goal,425,0.75,cluster_phonetic,22
cakes,426,0.75,cluster_phonetic,15
cakes,426,0.75,cluster_phonetic,15
cakes,426,0.75,cluster_phonetic,15
cakes,426,0.75,cluster_phonetic,15
cakes,426,0.75,cluster_phonetic,4
fakes,426,0.75,cluster_phonetic,22
fakes,426,0.75,cluster_phonetic,22
fakes,426,0.75,cluster_phonetic,22
fakes,426,0.75,cluster_phonetic,22
fakes,426,0.75,cluster_phonetic,22
mistakes,426,0.75,cluster_phonetic,8
mistakes,426,0.75,cluster_phonetic,8
mistakes,426,0.75,cluster_phonetic,8
mistakes,426,0.75,cluster_phonetic,8
mistakes,426,0.75,cluster_phonetic,8
snakes,426,0.75,cluster_phonetic,15
snakes,426,0.75,cluster_phonetic,15
snakes,426,0.75,cluster_phonetic,15
snakes,426,0.75,cluster_phonetic,15
snakes,426,0.75,cluster_phonetic,15
takes,426,0.75,cluster_phonetic,4
takes,426,0.75,cluster_phonetic,4
takes,426,0.75,cluster_phonetic,4
takes,426,0.75,cluster_phonetic,4
takes,426,0.75,cluster_phonetic,4
mwl,427,0.75,cluster_phonetic,22
mwl,427,0.75,cluster_phonetic,22
mwl,427,0.75,cluster_phonetic,22
mwl,427,0.75,cluster_phonetic,22
mwl,427,0.75,cluster_phonetic,22
great,428,0.75,cluster_phonetic,22
great,428,0.75,cluster_phonetic,22
great,428,0.75,cluster_phonetic,22
great,428,0.75,cluster_phonetic,22
great,428,0.75,cluster_phonetic,4
threat,428,0.75,cluster_phonetic,4
fast,429,0.75,cluster_phonetic,22
fast,429,0.75,cluster_phonetic,22
fast,429,0.75,cluster_phonetic,22
fast,429,0.75,cluster_phonetic,22
fast,429,0.75,cluster_phonetic,4
blame,430,0.75,cluster_phonetic,22
blame,430,0.75,cluster_phonetic,22
blame,430,0.75,cluster_phonetic,22
blame,430,0.75,cluster_phonetic,22
blame,430,0.75,cluster_phonetic,4
flame,430,0.75,cluster_phonetic,15
flame,430,0.75,cluster_phonetic,15
flame,430,0.75,cluster_phonetic,15
flame,430,0.75,cluster_phonetic,15
flame,430,0.75,cluster_phonetic,4
inflame,430,0.75,cluster_phonetic,4
lame,430,0.75,cluster_phonetic,14
lame,430,0.75,cluster_phonetic,14
lame,430,0.75,cluster_phonetic,14
lame,430,0.75,cluster_phonetic,14
lame,430,0.75,cluster_phonetic,4
entrap,431,0.75,cluster_phonetic,4
strap,431,0.75,cluster_phonetic,4
trap,431,0.75,cluster_phonetic,22
trap,431,0.75,cluster_phonetic,22
trap,431,0.75,cluster_phonetic,22
trap,431,0.75,cluster_phonetic,22
trap,431,0.75,cluster_phonetic,4
booty,432,0.75,cluster_phonetic,21
booty,432,0.75,cluster_phonetic,21
booty,432,0.75,cluster_phonetic,21
booty,432,0.75,cluster_phonetic,21
booty,432,0.75,cluster_phonetic,21
movie,433,0.75,cluster_phonetic,21
movie,433,0.75,cluster_phonetic,21
movie,433,0.75,cluster_phonetic,21
movie,433,0.75,cluster_phonetic,21
movie,433,0.75,cluster_phonetic,21
si,434,0.75,cluster_phonetic,21
si,434,0.75,cluster_phonetic,21
si,434,0.75,cluster_phonetic,21
si,434,0.75,cluster_phonetic,21
meets,435,0.75,cluster_phonetic,4
streets,435,0.75,cluster_phonetic,21
streets,435,0.75,cluster_phonetic,21
streets,435,0.75,cluster_phonetic,21
streets,435,0.75,cluster_phonetic,21
streets,435,0.75,cluster_phonetic,21
tommy,436,0.75,cluster_phonetic,21
tommy,436,0.75,cluster_phonetic,21
tommy,436,0.75,cluster_phonetic,21
tommy,436,0.75,cluster_phonetic,21
tommy,436,0.75,cluster_phonetic,21
devil,437,0.75,cluster_phonetic,4
devil,437,0.75,cluster_phonetic,4
devil,437,0.75,cluster_phonetic,4
devil,437,0.75,cluster_phonetic,4
devil,437,0.75,cluster_phonetic,4
evil,437,0.75,cluster_phonetic,21
evil,437,0.75,cluster_phonetic,21
evil,437,0.75,cluster_phonetic,21
evil,437,0.75,cluster_phonetic,21
evil,437,0.75,cluster_phonetic,21
from,438,0.75,cluster_phonetic,21
from,438,0.75,cluster_phonetic,21
from,438,0.75,cluster_phonetic,21
from,438,0.75,cluster_phonetic,21
jackson,439,0.75,cluster_phonetic,21
jackson,439,0.75,cluster_phonetic,21
jackson,439,0.75,cluster_phonetic,21
jackson,439,0.75,cluster_phonetic,21
jackson,439,0.75,cluster_phonetic,21
carving,440,0.75,cluster_phonetic,4
grieving,440,0.75,cluster_phonetic,4
grieving,440,0.75,cluster_phonetic,4
grieving,440,0.75,cluster_phonetic,4
grieving,440,0.75,cluster_phonetic,4
grieving,440,0.75,cluster_phonetic,4
leaving,440,0.75,cluster_phonetic,21
leaving,440,0.75,cluster_phonetic,21
leaving,440,0.75,cluster_phonetic,21
leaving,440,0.75,cluster_phonetic,21
leaving,440,0.75,cluster_phonetic,21
living,440,0.75,cluster_phonetic,8
living,440,0.75,cluster_phonetic,8
living,440,0.75,cluster_phonetic,8
living,440,0.75,cluster_phonetic,8
living,440,0.75,cluster_phonetic,8
weaving,440,0.75,cluster_phonetic,4
mic,441,0.75,cluster_phonetic,21
mic,441,0.75,cluster_phonetic,21
mic,441,0.75,cluster_phonetic,21
mic,441,0.75,cluster_phonetic,21
mic,441,0.75,cluster_phonetic,21
ohh,442,0.75,cluster_phonetic,21
ohh,442,0.75,cluster_phonetic,21
ohh,442,0.75,cluster_phonetic,21
ohh,442,0.75,cluster_phonetic,21
ohh,442,0.75,cluster_phonetic,21
vibe,443,0.75,cluster_phonetic,21
vibe,443,0.75,cluster_phonetic,21
vibe,443,0.75,cluster_phonetic,21
vibe,443,0.75,cluster_phonetic,21
vibe,443,0.75,cluster_phonetic,21
juu,444,0.75,cluster_phonetic,21
juu,444,0.75,cluster_phonetic,21
juu,444,0.75,cluster_phonetic,21
juu,444,0.75,cluster_phonetic,21
juu,444,0.75,cluster_phonetic,21
afresh,445,0.75,cluster_phonetic,4
fresh,445,0.75,cluster_phonetic,21
fresh,445,0.75,cluster_phonetic,21
fresh,445,0.75,cluster_phonetic,21
fresh,445,0.75,cluster_phonetic,21
fresh,445,0.75,cluster_phonetic,4
refresh,445,0.75,cluster_phonetic,4
thresh,445,0.75,cluster_phonetic,4
zone,446,0.75,cluster_phonetic,21
zone,446,0.75,cluster_phonetic,21
zone,446,0.75,cluster_phonetic,21
zone,446,0.75,cluster_phonetic,21
zone,446,0.75,cluster_phonetic,4
hook,447,0.75,cluster_phonetic,21
hook,447,0.75,cluster_phonetic,21
hook,447,0.75,cluster_phonetic,21
hook,447,0.75,cluster_phonetic,21
hook,447,0.75,cluster_phonetic,4
shook,447,0.75,cluster_phonetic,4
mood,448,0.75,cluster_phonetic,21
mood,448,0.75,cluster_phonetic,21
mood,448,0.75,cluster_phonetic,21
mood,448,0.75,cluster_phonetic,21
mood,448,0.75,cluster_phonetic,4
been,449,0.75,cluster_phonetic,21
been,449,0.75,cluster_phonetic,21
been,449,0.75,cluster_phonetic,21
been,449,0.75,cluster_phonetic,21
been,449,0.75,cluster_phonetic,4
grind,450,0.75,cluster_phonetic,21
grind,450,0.75,cluster_phonetic,21
grind,450,0.75,cluster_phonetic,21
grind,450,0.75,cluster_phonetic,21
grind,450,0.75,cluster_phonetic,4
rind,450,0.75,cluster_phonetic,4
lot,451,0.75,cluster_phonetic,21
lot,451,0.75,cluster_phonetic,21
lot,451,0.75,cluster_phonetic,21
lot,451,0.75,cluster_phonetic,21
lot,451,0.75,cluster_phonetic,4
brink,452,0.75,cluster_phonetic,4
drink,452,0.75,cluster_phonetic,21
drink,452,0.75,cluster_phonetic,21
drink,452,0.75,cluster_phonetic,21
drink,452,0.75,cluster_phonetic,21
drink,452,0.75,cluster_phonetic,4
rink,452,0.75,cluster_phonetic,4
shrink,452,0.75,cluster_phonetic,4
jug,453,0.75,cluster_phonetic,21
jug,453,0.75,cluster_phonetic,21
jug,453,0.75,cluster_phonetic,21
jug,453,0.75,cluster_phonetic,21
jug,453,0.75,cluster_phonetic,4
sip,454,0.75,cluster_phonetic,21
sip,454,0.75,cluster_phonetic,21
sip,454,0.75,cluster_phonetic,21
sip,454,0.75,cluster_phonetic,21
sip,454,0.75,cluster_phonetic,4
mein,455,0.75,cluster_phonetic,20
mein,455,0.75,cluster_phonetic,20
mein,455,0.75,cluster_phonetic,20
mein,455,0.75,cluster_phonetic,20
mein,455,0.75,cluster_phonetic,20
p,456,0.75,cluster_phonetic,20
p,456,0.75,cluster_phonetic,20
p,456,0.75,cluster_phonetic,20
p,456,0.75,cluster_phonetic,20
adjust,457,0.75,cluster_phonetic,4
just,457,0.75,cluster_phonetic,20
just,457,0.75,cluster_phonetic,20
just,457,0.75,cluster_phonetic,20
just,457,0.75,cluster_phonetic,20
just,457,0.75,cluster_phonetic,20
unjust,457,0.75,cluster_phonetic,4
don't,458,0.75,cluster_phonetic,20
don't,458,0.75,cluster_phonetic,20
don't,458,0.75,cluster_phonetic,20
don't,458,0.75,cluster_phonetic,20
don't,458,0.75,cluster_phonetic,20
shallow,459,0.75,cluster_phonetic,4
yellow,459,0.75,cluster_phonetic,20
yellow,459,0.75,cluster_phonetic,20
yellow,459,0.75,cluster_phonetic,20
yellow,459,0.75,cluster_phonetic,20
yellow,459,0.75,cluster_phonetic,20
guys,460,0.75,cluster_phonetic,20
guys,460,0.75,cluster_phonetic,20
guys,460,0.75,cluster_phonetic,20
guys,460,0.75,cluster_phonetic,20
guys,460,0.75,cluster_phonetic,20
dj,461,0.75,cluster_phonetic,20
dj,461,0.75,cluster_phonetic,20
dj,461,0.75,cluster_phonetic,20
dj,461,0.75,cluster_phonetic,20
corner,462,0.75,cluster_phonetic,20
corner,462,0.75,cluster_phonetic,20
corner,462,0.75,cluster_phonetic,20
corner,462,0.75,cluster_phonetic,20
corner,462,0.75,cluster_phonetic,20
argh,463,0.75,cluster_phonetic,20
argh,463,0.75,cluster_phonetic,20
argh,463,0.75,cluster_phonetic,20
argh,463,0.75,cluster_phonetic,20
argh,463,0.75,cluster_phonetic,20
mvp,464,0.75,cluster_phonetic,20
mvp,464,0.75,cluster_phonetic,20
mvp,464,0.75,cluster_phonetic,20
mvp,464,0.75,cluster_phonetic,20
mvp,464,0.75,cluster_phonetic,20
sve,465,0.75,cluster_phonetic,20
sve,465,0.75,cluster_phonetic,20
sve,465,0.75,cluster_phonetic,20
sve,465,0.75,cluster_phonetic,20
sve,465,0.75,cluster_phonetic,20
pe,466,0.75,cluster_phonetic,20
pe,466,0.75,cluster_phonetic,20
pe,466,0.75,cluster_phonetic,20
pe,466,0.75,cluster_phonetic,20
yes,467,0.75,cluster_phonetic,20
yes,467,0.75,cluster_phonetic,20
yes,467,0.75,cluster_phonetic,20
yes,467,0.75,cluster_phonetic,20
yes,467,0.75,cluster_phonetic,4
woo,468,0.75,cluster_phonetic,20
woo,468,0.75,cluster_phonetic,20
woo,468,0.75,cluster_phonetic,20
woo,468,0.75,cluster_phonetic,20
woo,468,0.75,cluster_phonetic,4
got,469,0.75,cluster_phonetic,20
got,469,0.75,cluster_phonetic,20
got,469,0.75,cluster_phonetic,20
got,469,0.75,cluster_phonetic,20
got,469,0.75,cluster_phonetic,4
spot,470,0.75,cluster_phonetic,20
spot,470,0.75,cluster_phonetic,20
spot,470,0.75,cluster_phonetic,20
spot,470,0.75,cluster_phonetic,20
spot,470,0.75,cluster_phonetic,4
list,471,0.75,cluster_phonetic,20
list,471,0.75,cluster_phonetic,20
list,471,0.75,cluster_phonetic,20
list,471,0.75,cluster_phonetic,20
list,471,0.75,cluster_phonetic,4
careen,472,0.75,cluster_phonetic,4
green,472,0.75,cluster_phonetic,20
green,472,0.75,cluster_phonetic,20
green,472,0.75,cluster_phonetic,20
green,472,0.75,cluster_phonetic,20
green,472,0.75,cluster_phonetic,4
screen,472,0.75,cluster_phonetic,5
screen,472,0.75,cluster_phonetic,5
screen,472,0.75,cluster_phonetic,5
screen,472,0.75,cluster_phonetic,5
screen,472,0.75,cluster_phonetic,4
clip,473,0.75,cluster_phonetic,20
clip,473,0.75,cluster_phonetic,20
clip,473,0.75,cluster_phonetic,20
clip,473,0.75,cluster_phonetic,20
clip,473,0.75,cluster_phonetic,4
sweet,474,0.75,cluster_phonetic,20
sweet,474,0.75,cluster_phonetic,20
sweet,474,0.75,cluster_phonetic,20
sweet,474,0.75,cluster_phonetic,20
sweet,474,0.75,cluster_phonetic,4
hade,475,0.75,cluster_phonetic,4
shade,475,0.75,cluster_phonetic,20
shade,475,0.75,cluster_phonetic,20
shade,475,0.75,cluster_phonetic,20
shade,475,0.75,cluster_phonetic,20
shade,475,0.75,cluster_phonetic,4
flake,476,0.75,cluster_phonetic,4
lake,476,0.75,cluster_phonetic,20
lake,476,0.75,cluster_phonetic,20
lake,476,0.75,cluster_phonetic,20
lake,476,0.75,cluster_phonetic,20
lake,476,0.75,cluster_phonetic,4
knack,477,0.75,cluster_phonetic,4
snack,477,0.75,cluster_phonetic,20
snack,477,0.75,cluster_phonetic,20
snack,477,0.75,cluster_phonetic,20
snack,477,0.75,cluster_phonetic,20
snack,477,0.75,cluster_phonetic,4
ugly,478,0.75,cluster_phonetic,20
ugly,478,0.75,cluster_phonetic,20
ugly,478,0.75,cluster_phonetic,20
ugly,478,0.75,cluster_phonetic,20
ugly,478,0.75,cluster_phonetic,4
daddy,479,0.75,cluster_phonetic,19
daddy,479,0.75,cluster_phonetic,19
daddy,479,0.75,cluster_phonetic,19
daddy,479,0.75,cluster_phonetic,19
daddy,479,0.75,cluster_phonetic,19
lately,480,0.75,cluster_phonetic,19
lately,480,0.75,cluster_phonetic,19
lately,480,0.75,cluster_phonetic,19
lately,480,0.75,cluster_phonetic,19
lately,480,0.75,cluster_phonetic,19
miracle,481,0.75,cluster_phonetic,19
miracle,481,0.75,cluster_phonetic,19
miracle,481,0.75,cluster_phonetic,19
miracle,481,0.75,cluster_phonetic,19
miracle,481,0.75,cluster_phonetic,19
comical,482,0.75,cluster_phonetic,4
critical,482,0.75,cluster_phonetic,5
critical,482,0.75,cluster_phonetic,5
critical,482,0.75,cluster_phonetic,5
critical,482,0.75,cluster_phonetic,5
critical,482,0.75,cluster_phonetic,4
inimical,482,0.75,cluster_phonetic,4
magical,482,0.75,cluster_phonetic,4
medical,482,0.75,cluster_phonetic,4
musical,482,0.75,cluster_phonetic,4
mystical,482,0.75,cluster_phonetic,4
physical,482,0.75,cluster_phonetic,4
poetical,482,0.75,cluster_phonetic,4
political,482,0.75,cluster_phonetic,4
problematical,482,0.75,cluster_phonetic,4
radical,482,0.75,cluster_phonetic,19
radical,482,0.75,cluster_phonetic,19
radical,482,0.75,cluster_phonetic,19
radical,482,0.75,cluster_phonetic,19
radical,482,0.75,cluster_phonetic,19
rhetorical,482,0.75,cluster_phonetic,4
satirical,482,0.75,cluster_phonetic,4
tyrannical,482,0.75,cluster_phonetic,4
whimsical,482,0.75,cluster_phonetic,4
strongest,483,0.75,cluster_phonetic,19
strongest,483,0.75,cluster_phonetic,19
strongest,483,0.75,cluster_phonetic,19
strongest,483,0.75,cluster_phonetic,19
strongest,483,0.75,cluster_phonetic,19
basic,484,0.75,cluster_phonetic,19
basic,484,0.75,cluster_phonetic,19
basic,484,0.75,cluster_phonetic,19
basic,484,0.75,cluster_phonetic,19
basic,484,0.75,cluster_phonetic,19
lit,485,0.75,cluster_phonetic,19
lit,485,0.75,cluster_phonetic,19
lit,485,0.75,cluster_phonetic,19
lit,485,0.75,cluster_phonetic,19
lit,485,0.75,cluster_phonetic,19
magic,486,0.75,cluster_phonetic,19
magic,486,0.75,cluster_phonetic,19
magic,486,0.75,cluster_phonetic,19
magic,486,0.75,cluster_phonetic,19
magic,486,0.75,cluster_phonetic,19
tragic,486,0.75,cluster_phonetic,7
tragic,486,0.75,cluster_phonetic,7
tragic,486,0.75,cluster_phonetic,7
tragic,486,0.75,cluster_phonetic,7
tragic,486,0.75,cluster_phonetic,7
control,487,0.75,cluster_phonetic,19
control,487,0.75,cluster_phonetic,19
control,487,0.75,cluster_phonetic,19
control,487,0.75,cluster_phonetic,19
control,487,0.75,cluster_phonetic,19
mo,488,0.75,cluster_phonetic,19
mo,488,0.75,cluster_phonetic,19
mo,488,0.75,cluster_phonetic,19
mo,488,0.75,cluster_phonetic,19
ty,489,0.75,cluster_phonetic,19
ty,489,0.75,cluster_phonetic,19
ty,489,0.75,cluster_phonetic,19
ty,489,0.75,cluster_phonetic,19
estate,490,0.75,cluster_phonetic,4
state,490,0.75,cluster_phonetic,19
state,490,0.75,cluster_phonetic,19
state,490,0.75,cluster_phonetic,19
state,490,0.75,cluster_phonetic,19
state,490,0.75,cluster_phonetic,19
boss,491,0.75,cluster_phonetic,19
boss,491,0.75,cluster_phonetic,19
boss,491,0.75,cluster_phonetic,19
boss,491,0.75,cluster_phonetic,19
boss,491,0.75,cluster_phonetic,19
emboss,491,0.75,cluster_phonetic,4
ja,492,0.75,cluster_phonetic,19
ja,492,0.75,cluster_phonetic,19
ja,492,0.75,cluster_phonetic,19
ja,492,0.75,cluster_phonetic,19
thot,493,0.75,cluster_phonetic,19
thot,493,0.75,cluster_phonetic,19
thot,493,0.75,cluster_phonetic,19
thot,493,0.75,cluster_phonetic,19
thot,493,0.75,cluster_phonetic,19
nou,494,0.75,cluster_phonetic,19
nou,494,0.75,cluster_phonetic,19
nou,494,0.75,cluster_phonetic,19
nou,494,0.75,cluster_phonetic,19
nou,494,0.75,cluster_phonetic,19
pushin,495,0.75,cluster_phonetic,19
pushin',495,0.75,cluster_phonetic,19
pushin',495,0.75,cluster_phonetic,19
pushin',495,0.75,cluster_phonetic,19
pushin',495,0.75,cluster_phonetic,19
broke,496,0.75,cluster_phonetic,19
broke,496,0.75,cluster_phonetic,19
broke,496,0.75,cluster_phonetic,19
broke,496,0.75,cluster_phonetic,19
broke,496,0.75,cluster_phonetic,4
wall,497,0.75,cluster_phonetic,19
wall,497,0.75,cluster_phonetic,19
wall,497,0.75,cluster_phonetic,19
wall,497,0.75,cluster_phonetic,19
wall,497,0.75,cluster_phonetic,4
own,498,0.75,cluster_phonetic,19
own,498,0.75,cluster_phonetic,19
own,498,0.75,cluster_phonetic,19
own,498,0.75,cluster_phonetic,19
own,498,0.75,cluster_phonetic,4
lap,499,0.75,cluster_phonetic,19
lap,499,0.75,cluster_phonetic,19
lap,499,0.75,cluster_phonetic,19
lap,499,0.75,cluster_phonetic,19
lap,499,0.75,cluster_phonetic,4
step,500,0.75,cluster_phonetic,19
step,500,0.75,cluster_phonetic,19
step,500,0.75,cluster_phonetic,19
step,500,0.75,cluster_phonetic,19
step,500,0.75,cluster_phonetic,4
style,501,0.75,cluster_phonetic,19
style,501,0.75,cluster_phonetic,19
style,501,0.75,cluster_phonetic,19
style,501,0.75,cluster_phonetic,19
style,501,0.75,cluster_phonetic,4
wet,502,0.75,cluster_phonetic,19
wet,502,0.75,cluster_phonetic,19
wet,502,0.75,cluster_phonetic,19
wet,502,0.75,cluster_phonetic,19
wet,502,0.75,cluster_phonetic,4
bless,503,0.75,cluster_phonetic,4
less,503,0.75,cluster_phonetic,19
less,503,0.75,cluster_phonetic,19
less,503,0.75,cluster_phonetic,19
less,503,0.75,cluster_phonetic,19
less,503,0.75,cluster_phonetic,4
crime,504,0.75,cluster_phonetic,19
crime,504,0.75,cluster_phonetic,19
crime,504,0.75,cluster_phonetic,19
crime,504,0.75,cluster_phonetic,19
crime,504,0.75,cluster_phonetic,4
grime,504,0.75,cluster_phonetic,7
grime,504,0.75,cluster_phonetic,7
grime,504,0.75,cluster_phonetic,7
grime,504,0.75,cluster_phonetic,7
grime,504,0.75,cluster_phonetic,4
prime,504,0.75,cluster_phonetic,4
prime,504,0.75,cluster_phonetic,4
prime,504,0.75,cluster_phonetic,4
prime,504,0.75,cluster_phonetic,4
prime,504,0.75,cluster_phonetic,4
cake,505,0.75,cluster_phonetic,19
cake,505,0.75,cluster_phonetic,19
cake,505,0.75,cluster_phonetic,19
cake,505,0.75,cluster_phonetic,19
cake,505,0.75,cluster_phonetic,4
yet,506,0.75,cluster_phonetic,19
yet,506,0.75,cluster_phonetic,19
yet,506,0.75,cluster_phonetic,19
yet,506,0.75,cluster_phonetic,19
yet,506,0.75,cluster_phonetic,4
eat,507,0.75,cluster_phonetic,19
eat,507,0.75,cluster_phonetic,19
eat,507,0.75,cluster_phonetic,19
eat,507,0.75,cluster_phonetic,19
eat,507,0.75,cluster_phonetic,4
bum,508,0.75,cluster_phonetic,19
bum,508,0.75,cluster_phonetic,19
bum,508,0.75,cluster_phonetic,19
bum,508,0.75,cluster_phonetic,19
bum,508,0.75,cluster_phonetic,4
phenomenon,509,0.75,cluster_phonetic,19
phenomenon,509,0.75,cluster_phonetic,19
phenomenon,509,0.75,cluster_phonetic,19
phenomenon,509,0.75,cluster_phonetic,19
phenomenon,509,0.75,cluster_phonetic,4
mill,510,0.75,cluster_phonetic,19
mill,510,0.75,cluster_phonetic,18
mill,510,0.75,cluster_phonetic,18
mill,510,0.75,cluster_phonetic,18
mill,510,0.75,cluster_phonetic,4
bentley,511,0.75,cluster_phonetic,18
bentley,511,0.75,cluster_phonetic,18
bentley,511,0.75,cluster_phonetic,18
bentley,511,0.75,cluster_phonetic,18
bentley,511,0.75,cluster_phonetic,18
funny,512,0.75,cluster_phonetic,18
funny,512,0.75,cluster_phonetic,18
funny,512,0.75,cluster_phonetic,18
funny,512,0.75,cluster_phonetic,18
funny,512,0.75,cluster_phonetic,18
sunny,512,0.75,cluster_phonetic,4
kasi,513,0.75,cluster_phonetic,18
kasi,513,0.75,cluster_phonetic,18
kasi,513,0.75,cluster_phonetic,18
kasi,513,0.75,cluster_phonetic,18
kasi,513,0.75,cluster_phonetic,18
mercedes,514,0.75,cluster_phonetic,18
mercedes,514,0.75,cluster_phonetic,18
mercedes,514,0.75,cluster_phonetic,18
mercedes,514,0.75,cluster_phonetic,18
mercedes,514,0.75,cluster_phonetic,18
t,515,0.75,cluster_phonetic,18
t,515,0.75,cluster_phonetic,18
t,515,0.75,cluster_phonetic,18
t,515,0.75,cluster_phonetic,18
trees,516,0.75,cluster_phonetic,18
trees,516,0.75,cluster_phonetic,18
trees,516,0.75,cluster_phonetic,18
trees,516,0.75,cluster_phonetic,18
trees,516,0.75,cluster_phonetic,18
we,517,0.75,cluster_phonetic,18
we,517,0.75,cluster_phonetic,18
we,517,0.75,cluster_phonetic,18
we,517,0.75,cluster_phonetic,18
bags,518,0.75,cluster_phonetic,18
bags,518,0.75,cluster_phonetic,18
bags,518,0.75,cluster_phonetic,18
bags,518,0.75,cluster_phonetic,18
bags,518,0.75,cluster_phonetic,18
foreign,519,0.75,cluster_phonetic,18
foreign,519,0.75,cluster_phonetic,18
foreign,519,0.75,cluster_phonetic,18
foreign,519,0.75,cluster_phonetic,18
foreign,519,0.75,cluster_phonetic,18
gotta,520,0.75,cluster_phonetic,18
gotta,520,0.75,cluster_phonetic,18
gotta,520,0.75,cluster_phonetic,18
gotta,520,0.75,cluster_phonetic,18
gotta,520,0.75,cluster_phonetic,18
terracotta,520,0.75,cluster_phonetic,4
finest,521,0.75,cluster_phonetic,5
finest,521,0.75,cluster_phonetic,5
finest,521,0.75,cluster_phonetic,5
finest,521,0.75,cluster_phonetic,5
finest,521,0.75,cluster_phonetic,5
honest,521,0.75,cluster_phonetic,18
honest,521,0.75,cluster_phonetic,18
honest,521,0.75,cluster_phonetic,18
honest,521,0.75,cluster_phonetic,18
honest,521,0.75,cluster_phonetic,18
run,522,0.75,cluster_phonetic,18
run,522,0.75,cluster_phonetic,18
run,522,0.75,cluster_phonetic,18
run,522,0.75,cluster_phonetic,18
run,522,0.75,cluster_phonetic,18
wanna,523,0.75,cluster_phonetic,18
wanna,523,0.75,cluster_phonetic,18
wanna,523,0.75,cluster_phonetic,18
wanna,523,0.75,cluster_phonetic,18
wanna,523,0.75,cluster_phonetic,18
how,524,0.75,cluster_phonetic,18
how,524,0.75,cluster_phonetic,18
how,524,0.75,cluster_phonetic,18
how,524,0.75,cluster_phonetic,18
how,524,0.75,cluster_phonetic,18
twice,525,0.75,cluster_phonetic,18
twice,525,0.75,cluster_phonetic,18
twice,525,0.75,cluster_phonetic,18
twice,525,0.75,cluster_phonetic,18
twice,525,0.75,cluster_phonetic,18
ae,526,0.75,cluster_phonetic,18
ae,526,0.75,cluster_phonetic,18
ae,526,0.75,cluster_phonetic,18
ae,526,0.75,cluster_phonetic,18
ways,527,0.75,cluster_phonetic,18
ways,527,0.75,cluster_phonetic,18
ways,527,0.75,cluster_phonetic,18
ways,527,0.75,cluster_phonetic,18
ways,527,0.75,cluster_phonetic,18
job,528,0.75,cluster_phonetic,18
job,528,0.75,cluster_phonetic,18
job,528,0.75,cluster_phonetic,18
job,528,0.75,cluster_phonetic,18
job,528,0.75,cluster_phonetic,18
stars,529,0.75,cluster_phonetic,18
stars,529,0.75,cluster_phonetic,18
stars,529,0.75,cluster_phonetic,18
stars,529,0.75,cluster_phonetic,18
stars,529,0.75,cluster_phonetic,18
sauce,530,0.75,cluster_phonetic,18
sauce,530,0.75,cluster_phonetic,18
sauce,530,0.75,cluster_phonetic,18
sauce,530,0.75,cluster_phonetic,18
sauce,530,0.75,cluster_phonetic,18
twerkuje,531,0.75,cluster_phonetic,18
twerkuje,531,0.75,cluster_phonetic,18
twerkuje,531,0.75,cluster_phonetic,18
twerkuje,531,0.75,cluster_phonetic,18
twerkuje,531,0.75,cluster_phonetic,18
feet,532,0.75,cluster_phonetic,18
feet,532,0.75,cluster_phonetic,18
feet,532,0.75,cluster_phonetic,18
feet,532,0.75,cluster_phonetic,18
feet,532,0.75,cluster_phonetic,4
blast,533,0.75,cluster_phonetic,7
blast,533,0.75,cluster_phonetic,7
blast,533,0.75,cluster_phonetic,7
blast,533,0.75,cluster_phonetic,7
blast,533,0.75,cluster_phonetic,4
last,533,0.75,cluster_phonetic,18
last,533,0.75,cluster_phonetic,18
last,533,0.75,cluster_phonetic,18
last,533,0.75,cluster_phonetic,18
last,533,0.75,cluster_phonetic,4
mouth,534,0.75,cluster_phonetic,18
mouth,534,0.75,cluster_phonetic,18
mouth,534,0.75,cluster_phonetic,18
mouth,534,0.75,cluster_phonetic,18
mouth,534,0.75,cluster_phonetic,4
south,534,0.75,cluster_phonetic,4
betake,535,0.75,cluster_phonetic,4
mistake,535,0.75,cluster_phonetic,9
mistake,535,0.75,cluster_phonetic,9
mistake,535,0.75,cluster_phonetic,9
mistake,535,0.75,cluster_phonetic,9
mistake,535,0.75,cluster_phonetic,4
partake,535,0.75,cluster_phonetic,4
stake,535,0.75,cluster_phonetic,4
stake,535,0.75,cluster_phonetic,4
take,535,0.75,cluster_phonetic,18
take,535,0.75,cluster_phonetic,18
take,535,0.75,cluster_phonetic,18
take,535,0.75,cluster_phonetic,18
take,535,0.75,cluster_phonetic,4
attack,536,0.75,cluster_phonetic,18
attack,536,0.75,cluster_phonetic,18
attack,536,0.75,cluster_phonetic,18
attack,536,0.75,cluster_phonetic,18
attack,536,0.75,cluster_phonetic,4
stack,536,0.75,cluster_phonetic,10
stack,536,0.75,cluster_phonetic,10
stack,536,0.75,cluster_phonetic,10
stack,536,0.75,cluster_phonetic,10
stack,536,0.75,cluster_phonetic,4
tack,536,0.75,cluster_phonetic,4
eight,537,0.75,cluster_phonetic,4
eight,537,0.75,cluster_phonetic,4
eight,537,0.75,cluster_phonetic,4
eight,537,0.75,cluster_phonetic,4
eight,537,0.75,cluster_phonetic,4
straight,537,0.75,cluster_phonetic,18
straight,537,0.75,cluster_phonetic,18
straight,537,0.75,cluster_phonetic,18
straight,537,0.75,cluster_phonetic,18
straight,537,0.75,cluster_phonetic,4
weight,537,0.75,cluster_phonetic,4
drip,538,0.75,cluster_phonetic,18
drip,538,0.75,cluster_phonetic,18
drip,538,0.75,cluster_phonetic,18
drip,538,0.75,cluster_phonetic,18
drip,538,0.75,cluster_phonetic,4
spice,539,0.75,cluster_phonetic,18
spice,539,0.75,cluster_phonetic,18
spice,539,0.75,cluster_phonetic,18
spice,539,0.75,cluster_phonetic,18
spice,539,0.75,cluster_phonetic,4
acetate,540,0.75,cluster_phonetic,4
agitate,540,0.75,cluster_phonetic,4
annotate,540,0.75,cluster_phonetic,4
debilitate,540,0.75,cluster_phonetic,4
facilitate,540,0.75,cluster_phonetic,4
hesitate,540,0.75,cluster_phonetic,4
imitate,540,0.75,cluster_phonetic,4
irritate,540,0.75,cluster_phonetic,4
levitate,540,0.75,cluster_phonetic,6
levitate,540,0.75,cluster_phonetic,6
levitate,540,0.75,cluster_phonetic,6
levitate,540,0.75,cluster_phonetic,6
levitate,540,0.75,cluster_phonetic,6
meditate,540,0.75,cluster_phonetic,18
meditate,540,0.75,cluster_phonetic,18
meditate,540,0.75,cluster_phonetic,18
meditate,540,0.75,cluster_phonetic,18
meditate,540,0.75,cluster_phonetic,4
necessitate,540,0.75,cluster_phonetic,4
potentate,540,0.75,cluster_phonetic,4
precipitate,540,0.75,cluster_phonetic,4
premeditate,540,0.75,cluster_phonetic,4
rotate,540,0.75,cluster_phonetic,12
rotate,540,0.75,cluster_phonetic,12
rotate,540,0.75,cluster_phonetic,12
rotate,540,0.75,cluster_phonetic,12
rotate,540,0.75,cluster_phonetic,12
clean,541,0.75,cluster_phonetic,15
clean,541,0.75,cluster_phonetic,15
clean,541,0.75,cluster_phonetic,15
clean,541,0.75,cluster_phonetic,15
clean,541,0.75,cluster_phonetic,4
glean,541,0.75,cluster_phonetic,4
glean,541,0.75,cluster_phonetic,4
lean,541,0.75,cluster_phonetic,18
lean,541,0.75,cluster_phonetic,18
lean,541,0.75,cluster_phonetic,18
lean,541,0.75,cluster_phonetic,18
lean,541,0.75,cluster_phonetic,4
unclean,541,0.75,cluster_phonetic,4
card,542,0.75,cluster_phonetic,18
card,542,0.75,cluster_phonetic,18
card,542,0.75,cluster_phonetic,18
card,542,0.75,cluster_phonetic,18
card,542,0.75,cluster_phonetic,4
discard,542,0.75,cluster_phonetic,4
brass,543,0.75,cluster_phonetic,4
crass,543,0.75,cluster_phonetic,4
grass,543,0.75,cluster_phonetic,18
grass,543,0.75,cluster_phonetic,18
grass,543,0.75,cluster_phonetic,18
grass,543,0.75,cluster_phonetic,18
grass,543,0.75,cluster_phonetic,4
harass,543,0.75,cluster_phonetic,4
morass,543,0.75,cluster_phonetic,4
doin,544,0.75,cluster_phonetic,18
bih,545,0.75,cluster_phonetic,18
bih,545,0.75,cluster_phonetic,17
bih,545,0.75,cluster_phonetic,17
bih,545,0.75,cluster_phonetic,17
bih,545,0.75,cluster_phonetic,17
kenny,546,0.75,cluster_phonetic,17
kenny,546,0.75,cluster_phonetic,17
kenny,546,0.75,cluster_phonetic,17
kenny,546,0.75,cluster_phonetic,17
kenny,546,0.75,cluster_phonetic,17
nobody,547,0.75,cluster_phonetic,17
nobody,547,0.75,cluster_phonetic,17
nobody,547,0.75,cluster_phonetic,17
nobody,547,0.75,cluster_phonetic,17
nobody,547,0.75,cluster_phonetic,17
confused,548,0.75,cluster_phonetic,17
confused,548,0.75,cluster_phonetic,17
confused,548,0.75,cluster_phonetic,17
confused,548,0.75,cluster_phonetic,17
confused,548,0.75,cluster_phonetic,17
refused,548,0.75,cluster_phonetic,4
soda,549,0.75,cluster_phonetic,17
soda,549,0.75,cluster_phonetic,17
soda,549,0.75,cluster_phonetic,17
soda,549,0.75,cluster_phonetic,17
soda,549,0.75,cluster_phonetic,17
doin',550,0.75,cluster_phonetic,17
doin',550,0.75,cluster_phonetic,17
doin',550,0.75,cluster_phonetic,17
doin',550,0.75,cluster_phonetic,17
brown,551,0.75,cluster_phonetic,17
brown,551,0.75,cluster_phonetic,17
brown,551,0.75,cluster_phonetic,17
brown,551,0.75,cluster_phonetic,17
brown,551,0.75,cluster_phonetic,17
crown,551,0.75,cluster_phonetic,8
crown,551,0.75,cluster_phonetic,8
crown,551,0.75,cluster_phonetic,8
crown,551,0.75,cluster_phonetic,8
crown,551,0.75,cluster_phonetic,8
drown,551,0.75,cluster_phonetic,4
drown,551,0.75,cluster_phonetic,4
drown,551,0.75,cluster_phonetic,4
drown,551,0.75,cluster_phonetic,4
drown,551,0.75,cluster_phonetic,4
smoke,552,0.75,cluster_phonetic,17
smoke,552,0.75,cluster_phonetic,17
smoke,552,0.75,cluster_phonetic,17
smoke,552,0.75,cluster_phonetic,17
smoke,552,0.75,cluster_phonetic,17
throw,553,0.75,cluster_phonetic,17
throw,553,0.75,cluster_phonetic,17
throw,553,0.75,cluster_phonetic,17
throw,553,0.75,cluster_phonetic,17
throw,553,0.75,cluster_phonetic,17
birthday,554,0.75,cluster_phonetic,17
birthday,554,0.75,cluster_phonetic,17
birthday,554,0.75,cluster_phonetic,17
birthday,554,0.75,cluster_phonetic,17
birthday,554,0.75,cluster_phonetic,17
cheque,555,0.75,cluster_phonetic,17
cheque,555,0.75,cluster_phonetic,17
cheque,555,0.75,cluster_phonetic,17
cheque,555,0.75,cluster_phonetic,17
cheque,555,0.75,cluster_phonetic,17
n,556,0.75,cluster_phonetic,17
n,556,0.75,cluster_phonetic,17
n,556,0.75,cluster_phonetic,17
n,556,0.75,cluster_phonetic,17
stomp,557,0.75,cluster_phonetic,17
stomp,557,0.75,cluster_phonetic,17
stomp,557,0.75,cluster_phonetic,17
stomp,557,0.75,cluster_phonetic,17
stomp,557,0.75,cluster_phonetic,17
jag,558,0.75,cluster_phonetic,17
jag,558,0.75,cluster_phonetic,17
jag,558,0.75,cluster_phonetic,17
jag,558,0.75,cluster_phonetic,17
jag,558,0.75,cluster_phonetic,17
haha,559,0.75,cluster_phonetic,17
haha,559,0.75,cluster_phonetic,17
haha,559,0.75,cluster_phonetic,17
haha,559,0.75,cluster_phonetic,17
haha,559,0.75,cluster_phonetic,17
hahaha,559,0.75,cluster_phonetic,14
hahaha,559,0.75,cluster_phonetic,14
hahaha,559,0.75,cluster_phonetic,14
hahaha,559,0.75,cluster_phonetic,14
hahaha,559,0.75,cluster_phonetic,14
hahahaha,559,0.75,cluster_phonetic,4
hahahaha,559,0.75,cluster_phonetic,4
hahahaha,559,0.75,cluster_phonetic,4
hahahaha,559,0.75,cluster_phonetic,4
hahahaha,559,0.75,cluster_phonetic,4
nahi,560,0.75,cluster_phonetic,17
nahi,560,0.75,cluster_phonetic,17
nahi,560,0.75,cluster_phonetic,17
nahi,560,0.75,cluster_phonetic,17
nahi,560,0.75,cluster_phonetic,17
kairazz,561,0.75,cluster_phonetic,17
kairazz,561,0.75,cluster_phonetic,17
kairazz,561,0.75,cluster_phonetic,17
kairazz,561,0.75,cluster_phonetic,17
kairazz,561,0.75,cluster_phonetic,17
flexin,562,0.75,cluster_phonetic,17
flexin',562,0.75,cluster_phonetic,17
flexin',562,0.75,cluster_phonetic,17
flexin',562,0.75,cluster_phonetic,17
flexin',562,0.75,cluster_phonetic,17
oouu,563,0.75,cluster_phonetic,17
oouu,563,0.75,cluster_phonetic,17
oouu,563,0.75,cluster_phonetic,17
oouu,563,0.75,cluster_phonetic,17
oouu,563,0.75,cluster_phonetic,17
swatch,564,0.75,cluster_phonetic,4
watch,564,0.75,cluster_phonetic,17
watch,564,0.75,cluster_phonetic,17
watch,564,0.75,cluster_phonetic,17
watch,564,0.75,cluster_phonetic,17
watch,564,0.75,cluster_phonetic,4
men,565,0.75,cluster_phonetic,17
men,565,0.75,cluster_phonetic,17
men,565,0.75,cluster_phonetic,17
men,565,0.75,cluster_phonetic,17
men,565,0.75,cluster_phonetic,4
cell,566,0.75,cluster_phonetic,17
cell,566,0.75,cluster_phonetic,17
cell,566,0.75,cluster_phonetic,17
cell,566,0.75,cluster_phonetic,17
cell,566,0.75,cluster_phonetic,4
blink,567,0.75,cluster_phonetic,9
blink,567,0.75,cluster_phonetic,9
blink,567,0.75,cluster_phonetic,9
blink,567,0.75,cluster_phonetic,9
blink,567,0.75,cluster_phonetic,4
clink,567,0.75,cluster_phonetic,4
link,567,0.75,cluster_phonetic,17
link,567,0.75,cluster_phonetic,17
link,567,0.75,cluster_phonetic,17
link,567,0.75,cluster_phonetic,17
link,567,0.75,cluster_phonetic,4
tree,568,0.75,cluster_phonetic,17
tree,568,0.75,cluster_phonetic,17
tree,568,0.75,cluster_phonetic,17
tree,568,0.75,cluster_phonetic,17
tree,568,0.75,cluster_phonetic,4
aggravate,569,0.75,cluster_phonetic,4
captivate,569,0.75,cluster_phonetic,4
cultivate,569,0.75,cluster_phonetic,4
elevate,569,0.75,cluster_phonetic,17
elevate,569,0.75,cluster_phonetic,17
elevate,569,0.75,cluster_phonetic,17
elevate,569,0.75,cluster_phonetic,17
elevate,569,0.75,cluster_phonetic,4
innovate,569,0.75,cluster_phonetic,4
enshroud,570,0.75,cluster_phonetic,4
proud,570,0.75,cluster_phonetic,17
proud,570,0.75,cluster_phonetic,17
proud,570,0.75,cluster_phonetic,17
proud,570,0.75,cluster_phonetic,17
proud,570,0.75,cluster_phonetic,4
shroud,570,0.75,cluster_phonetic,4
shroud,570,0.75,cluster_phonetic,4
bland,571,0.75,cluster_phonetic,4
gland,571,0.75,cluster_phonetic,4
land,571,0.75,cluster_phonetic,17
land,571,0.75,cluster_phonetic,17
land,571,0.75,cluster_phonetic,17
land,571,0.75,cluster_phonetic,17
land,571,0.75,cluster_phonetic,4
clap,572,0.75,cluster_phonetic,17
clap,572,0.75,cluster_phonetic,17
clap,572,0.75,cluster_phonetic,17
clap,572,0.75,cluster_phonetic,17
clap,572,0.75,cluster_phonetic,4
behind,573,0.75,cluster_phonetic,17
behind,573,0.75,cluster_phonetic,17
behind,573,0.75,cluster_phonetic,17
behind,573,0.75,cluster_phonetic,17
behind,573,0.75,cluster_phonetic,4
beef,574,0.75,cluster_phonetic,17
beef,574,0.75,cluster_phonetic,17
beef,574,0.75,cluster_phonetic,17
beef,574,0.75,cluster_phonetic,17
beef,574,0.75,cluster_phonetic,4
come,575,0.75,cluster_phonetic,17
come,575,0.75,cluster_phonetic,17
come,575,0.75,cluster_phonetic,17
come,575,0.75,cluster_phonetic,17
come,575,0.75,cluster_phonetic,4
searchin,576,0.75,cluster_phonetic,17
searchin',576,0.75,cluster_phonetic,16
searchin',576,0.75,cluster_phonetic,16
searchin',576,0.75,cluster_phonetic,16
searchin',576,0.75,cluster_phonetic,16
watchin,576,0.75,cluster_phonetic,6
gan,577,0.75,cluster_phonetic,16
gan,577,0.75,cluster_phonetic,16
gan,577,0.75,cluster_phonetic,16
gan,577,0.75,cluster_phonetic,16
gan,577,0.75,cluster_phonetic,16
sam,578,0.75,cluster_phonetic,16
sam,578,0.75,cluster_phonetic,16
sam,578,0.75,cluster_phonetic,16
sam,578,0.75,cluster_phonetic,16
sam,578,0.75,cluster_phonetic,16
u,579,0.75,cluster_phonetic,16
u,579,0.75,cluster_phonetic,16
u,579,0.75,cluster_phonetic,16
u,579,0.75,cluster_phonetic,16
angels,580,0.75,cluster_phonetic,16
angels,580,0.75,cluster_phonetic,16
angels,580,0.75,cluster_phonetic,16
angels,580,0.75,cluster_phonetic,16
angels,580,0.75,cluster_phonetic,16
action,581,0.75,cluster_phonetic,7
action,581,0.75,cluster_phonetic,7
action,581,0.75,cluster_phonetic,7
action,581,0.75,cluster_phonetic,7
action,581,0.75,cluster_phonetic,7
ambition,581,0.75,cluster_phonetic,4
ambition,581,0.75,cluster_phonetic,4
ambition,581,0.75,cluster_phonetic,4
ambition,581,0.75,cluster_phonetic,4
ambition,581,0.75,cluster_phonetic,4
attention,581,0.75,cluster_phonetic,16
attention,581,0.75,cluster_phonetic,16
attention,581,0.75,cluster_phonetic,16
attention,581,0.75,cluster_phonetic,16
attention,581,0.75,cluster_phonetic,16
caution,581,0.75,cluster_phonetic,4
caution,581,0.75,cluster_phonetic,4
caution,581,0.75,cluster_phonetic,4
caution,581,0.75,cluster_phonetic,4
caution,581,0.75,cluster_phonetic,4
competition,581,0.75,cluster_phonetic,4
competition,581,0.75,cluster_phonetic,4
competition,581,0.75,cluster_phonetic,4
competition,581,0.75,cluster_phonetic,4
competition,581,0.75,cluster_phonetic,4
contraption,581,0.75,cluster_phonetic,4
creation,581,0.75,cluster_phonetic,4
creation,581,0.75,cluster_phonetic,4
creation,581,0.75,cluster_phonetic,4
creation,581,0.75,cluster_phonetic,4
creation,581,0.75,cluster_phonetic,4
damnation,581,0.75,cluster_phonetic,4
damnation,581,0.75,cluster_phonetic,4
damnation,581,0.75,cluster_phonetic,4
damnation,581,0.75,cluster_phonetic,4
damnation,581,0.75,cluster_phonetic,4
demonstration,581,0.75,cluster_phonetic,9
demonstration,581,0.75,cluster_phonetic,9
demonstration,581,0.75,cluster_phonetic,9
demonstration,581,0.75,cluster_phonetic,9
demonstration,581,0.75,cluster_phonetic,9
destination,581,0.75,cluster_phonetic,4
destination,581,0.75,cluster_phonetic,4
destination,581,0.75,cluster_phonetic,4
destination,581,0.75,cluster_phonetic,4
destination,581,0.75,cluster_phonetic,4
detection,581,0.75,cluster_phonetic,4
detection,581,0.75,cluster_phonetic,4
detection,581,0.75,cluster_phonetic,4
detection,581,0.75,cluster_phonetic,4
detection,581,0.75,cluster_phonetic,4
detention,581,0.75,cluster_phonetic,4
detention,581,0.75,cluster_phonetic,4
detention,581,0.75,cluster_phonetic,4
detention,581,0.75,cluster_phonetic,4
detention,581,0.75,cluster_phonetic,4
education,581,0.75,cluster_phonetic,5
education,581,0.75,cluster_phonetic,5
education,581,0.75,cluster_phonetic,5
education,581,0.75,cluster_phonetic,5
education,581,0.75,cluster_phonetic,5
emotion,581,0.75,cluster_phonetic,5
emotion,581,0.75,cluster_phonetic,5
emotion,581,0.75,cluster_phonetic,5
emotion,581,0.75,cluster_phonetic,5
emotion,581,0.75,cluster_phonetic,5
exhalation,581,0.75,cluster_phonetic,4
foundation,581,0.75,cluster_phonetic,4
foundation,581,0.75,cluster_phonetic,4
foundation,581,0.75,cluster_phonetic,4
foundation,581,0.75,cluster_phonetic,4
foundation,581,0.75,cluster_phonetic,4
function,581,0.75,cluster_phonetic,4
function,581,0.75,cluster_phonetic,4
function,581,0.75,cluster_phonetic,4
function,581,0.75,cluster_phonetic,4
function,581,0.75,cluster_phonetic,4
hesitation,581,0.75,cluster_phonetic,4
hesitation,581,0.75,cluster_phonetic,4
hesitation,581,0.75,cluster_phonetic,4
hesitation,581,0.75,cluster_phonetic,4
hesitation,581,0.75,cluster_phonetic,4
information,581,0.75,cluster_phonetic,4
information,581,0.75,cluster_phonetic,4
information,581,0.75,cluster_phonetic,4
information,581,0.75,cluster_phonetic,4
information,581,0.75,cluster_phonetic,4
motivation,581,0.75,cluster_phonetic,4
motivation,581,0.75,cluster_phonetic,4
motivation,581,0.75,cluster_phonetic,4
motivation,581,0.75,cluster_phonetic,4
motivation,581,0.75,cluster_phonetic,4
nation,581,0.75,cluster_phonetic,6
nation,581,0.75,cluster_phonetic,6
nation,581,0.75,cluster_phonetic,6
nation,581,0.75,cluster_phonetic,6
nation,581,0.75,cluster_phonetic,6
protection,581,0.75,cluster_phonetic,4
protection,581,0.75,cluster_phonetic,4
protection,581,0.75,cluster_phonetic,4
protection,581,0.75,cluster_phonetic,4
protection,581,0.75,cluster_phonetic,4
question,581,0.75,cluster_phonetic,6
question,581,0.75,cluster_phonetic,6
question,581,0.75,cluster_phonetic,6
question,581,0.75,cluster_phonetic,6
question,581,0.75,cluster_phonetic,6
situation,581,0.75,cluster_phonetic,4
situation,581,0.75,cluster_phonetic,4
situation,581,0.75,cluster_phonetic,4
situation,581,0.75,cluster_phonetic,4
situation,581,0.75,cluster_phonetic,4
vacation,581,0.75,cluster_phonetic,8
vacation,581,0.75,cluster_phonetic,8
vacation,581,0.75,cluster_phonetic,8
vacation,581,0.75,cluster_phonetic,8
vacation,581,0.75,cluster_phonetic,8
none,582,0.75,cluster_phonetic,16
none,582,0.75,cluster_phonetic,16
none,582,0.75,cluster_phonetic,16
none,582,0.75,cluster_phonetic,16
none,582,0.75,cluster_phonetic,16
problems,583,0.75,cluster_phonetic,16
problems,583,0.75,cluster_phonetic,16
problems,583,0.75,cluster_phonetic,16
problems,583,0.75,cluster_phonetic,16
problems,583,0.75,cluster_phonetic,16
salsa,584,0.75,cluster_phonetic,16
salsa,584,0.75,cluster_phonetic,16
salsa,584,0.75,cluster_phonetic,16
salsa,584,0.75,cluster_phonetic,16
salsa,584,0.75,cluster_phonetic,16
amityville,585,0.75,cluster_phonetic,16
amityville,585,0.75,cluster_phonetic,16
amityville,585,0.75,cluster_phonetic,16
amityville,585,0.75,cluster_phonetic,16
amityville,585,0.75,cluster_phonetic,16
bills,586,0.75,cluster_phonetic,16
bills,586,0.75,cluster_phonetic,16
bills,586,0.75,cluster_phonetic,16
bills,586,0.75,cluster_phonetic,16
bills,586,0.75,cluster_phonetic,16
chills,586,0.75,cluster_phonetic,11
chills,586,0.75,cluster_phonetic,11
chills,586,0.75,cluster_phonetic,11
chills,586,0.75,cluster_phonetic,11
chills,586,0.75,cluster_phonetic,11
hills,586,0.75,cluster_phonetic,15
hills,586,0.75,cluster_phonetic,15
hills,586,0.75,cluster_phonetic,15
hills,586,0.75,cluster_phonetic,15
hills,586,0.75,cluster_phonetic,15
mills,586,0.75,cluster_phonetic,6
mills,586,0.75,cluster_phonetic,6
mills,586,0.75,cluster_phonetic,6
mills,586,0.75,cluster_phonetic,6
mills,586,0.75,cluster_phonetic,6
pills,586,0.75,cluster_phonetic,12
pills,586,0.75,cluster_phonetic,12
pills,586,0.75,cluster_phonetic,12
pills,586,0.75,cluster_phonetic,12
pills,586,0.75,cluster_phonetic,12
finished,587,0.75,cluster_phonetic,16
finished,587,0.75,cluster_phonetic,16
finished,587,0.75,cluster_phonetic,16
finished,587,0.75,cluster_phonetic,16
finished,587,0.75,cluster_phonetic,16
sayin',588,0.75,cluster_phonetic,16
sayin',588,0.75,cluster_phonetic,16
sayin',588,0.75,cluster_phonetic,16
sayin',588,0.75,cluster_phonetic,16
broadcasting,589,0.75,cluster_phonetic,4
casting,589,0.75,cluster_phonetic,4
crafting,589,0.75,cluster_phonetic,4
creating,589,0.75,cluster_phonetic,4
cutting,589,0.75,cluster_phonetic,4
drifting,589,0.75,cluster_phonetic,4
eating,589,0.75,cluster_phonetic,7
eating,589,0.75,cluster_phonetic,7
eating,589,0.75,cluster_phonetic,7
eating,589,0.75,cluster_phonetic,7
eating,589,0.75,cluster_phonetic,7
getting,589,0.75,cluster_phonetic,4
getting,589,0.75,cluster_phonetic,4
getting,589,0.75,cluster_phonetic,4
getting,589,0.75,cluster_phonetic,4
getting,589,0.75,cluster_phonetic,4
hating,589,0.75,cluster_phonetic,4
hating,589,0.75,cluster_phonetic,4
hating,589,0.75,cluster_phonetic,4
hating,589,0.75,cluster_phonetic,4
hating,589,0.75,cluster_phonetic,4
haunting,589,0.75,cluster_phonetic,4
igniting,589,0.75,cluster_phonetic,4
plotting,589,0.75,cluster_phonetic,4
resonating,589,0.75,cluster_phonetic,4
suffocating,589,0.75,cluster_phonetic,4
waiting,589,0.75,cluster_phonetic,16
waiting,589,0.75,cluster_phonetic,16
waiting,589,0.75,cluster_phonetic,16
waiting,589,0.75,cluster_phonetic,16
waiting,589,0.75,cluster_phonetic,16
town,590,0.75,cluster_phonetic,16
town,590,0.75,cluster_phonetic,16
town,590,0.75,cluster_phonetic,16
town,590,0.75,cluster_phonetic,16
town,590,0.75,cluster_phonetic,16
wow,591,0.75,cluster_phonetic,16
wow,591,0.75,cluster_phonetic,16
wow,591,0.75,cluster_phonetic,16
wow,591,0.75,cluster_phonetic,16
wow,591,0.75,cluster_phonetic,16
halo,592,0.75,cluster_phonetic,16
halo,592,0.75,cluster_phonetic,16
halo,592,0.75,cluster_phonetic,16
halo,592,0.75,cluster_phonetic,16
halo,592,0.75,cluster_phonetic,16
pro,593,0.75,cluster_phonetic,16
pro,593,0.75,cluster_phonetic,16
pro,593,0.75,cluster_phonetic,16
pro,593,0.75,cluster_phonetic,16
pro,593,0.75,cluster_phonetic,16
dollars,594,0.75,cluster_phonetic,16
dollars,594,0.75,cluster_phonetic,16
dollars,594,0.75,cluster_phonetic,16
dollars,594,0.75,cluster_phonetic,16
dollars,594,0.75,cluster_phonetic,16
regulars,594,0.75,cluster_phonetic,4
ever,595,0.75,cluster_phonetic,4
ever,595,0.75,cluster_phonetic,4
ever,595,0.75,cluster_phonetic,4
ever,595,0.75,cluster_phonetic,4
ever,595,0.75,cluster_phonetic,4
forever,595,0.75,cluster_phonetic,16
forever,595,0.75,cluster_phonetic,16
forever,595,0.75,cluster_phonetic,16
forever,595,0.75,cluster_phonetic,16
forever,595,0.75,cluster_phonetic,16
however,595,0.75,cluster_phonetic,4
never,595,0.75,cluster_phonetic,7
never,595,0.75,cluster_phonetic,7
never,595,0.75,cluster_phonetic,7
never,595,0.75,cluster_phonetic,7
never,595,0.75,cluster_phonetic,7
whatever,595,0.75,cluster_phonetic,10
whatever,595,0.75,cluster_phonetic,10
whatever,595,0.75,cluster_phonetic,10
whatever,595,0.75,cluster_phonetic,10
whatever,595,0.75,cluster_phonetic,4
whenever,595,0.75,cluster_phonetic,4
wherever,595,0.75,cluster_phonetic,4
leisure,596,0.75,cluster_phonetic,4
leisure,596,0.75,cluster_phonetic,4
leisure,596,0.75,cluster_phonetic,4
leisure,596,0.75,cluster_phonetic,4
leisure,596,0.75,cluster_phonetic,4
pressure,596,0.75,cluster_phonetic,16
pressure,596,0.75,cluster_phonetic,16
pressure,596,0.75,cluster_phonetic,16
pressure,596,0.75,cluster_phonetic,16
pressure,596,0.75,cluster_phonetic,16
ga,597,0.75,cluster_phonetic,16
ga,597,0.75,cluster_phonetic,16
ga,597,0.75,cluster_phonetic,16
ga,597,0.75,cluster_phonetic,16
lollipop,598,0.75,cluster_phonetic,16
lollipop,598,0.75,cluster_phonetic,16
lollipop,598,0.75,cluster_phonetic,16
lollipop,598,0.75,cluster_phonetic,16
lollipop,598,0.75,cluster_phonetic,16
odds,599,0.75,cluster_phonetic,16
odds,599,0.75,cluster_phonetic,16
odds,599,0.75,cluster_phonetic,16
odds,599,0.75,cluster_phonetic,16
odds,599,0.75,cluster_phonetic,16
grizu,600,0.75,cluster_phonetic,16
grizu,600,0.75,cluster_phonetic,16
grizu,600,0.75,cluster_phonetic,16
grizu,600,0.75,cluster_phonetic,16
grizu,600,0.75,cluster_phonetic,16
lambo,601,0.75,cluster_phonetic,16
lambo,601,0.75,cluster_phonetic,16
lambo,601,0.75,cluster_phonetic,16
lambo,601,0.75,cluster_phonetic,16
lambo,601,0.75,cluster_phonetic,16
mami,602,0.75,cluster_phonetic,16
mami,602,0.75,cluster_phonetic,16
mami,602,0.75,cluster_phonetic,16
mami,602,0.75,cluster_phonetic,16
mami,602,0.75,cluster_phonetic,16
wifey,603,0.75,cluster_phonetic,16
wifey,603,0.75,cluster_phonetic,16
wifey,603,0.75,cluster_phonetic,16
wifey,603,0.75,cluster_phonetic,16
wifey,603,0.75,cluster_phonetic,16
first,604,0.75,cluster_phonetic,16
first,604,0.75,cluster_phonetic,16
first,604,0.75,cluster_phonetic,16
first,604,0.75,cluster_phonetic,16
first,604,0.75,cluster_phonetic,4
thirst,604,0.75,cluster_phonetic,4
hit,605,0.75,cluster_phonetic,16
hit,605,0.75,cluster_phonetic,16
hit,605,0.75,cluster_phonetic,16
hit,605,0.75,cluster_phonetic,16
hit,605,0.75,cluster_phonetic,4
crew,606,0.75,cluster_phonetic,16
crew,606,0.75,cluster_phonetic,16
crew,606,0.75,cluster_phonetic,16
crew,606,0.75,cluster_phonetic,16
crew,606,0.75,cluster_phonetic,4
screw,606,0.75,cluster_phonetic,4
mile,607,0.75,cluster_phonetic,4
smile,607,0.75,cluster_phonetic,16
smile,607,0.75,cluster_phonetic,16
smile,607,0.75,cluster_phonetic,16
smile,607,0.75,cluster_phonetic,16
smile,607,0.75,cluster_phonetic,4
awhile,608,0.75,cluster_phonetic,4
while,608,0.75,cluster_phonetic,16
while,608,0.75,cluster_phonetic,16
while,608,0.75,cluster_phonetic,16
while,608,0.75,cluster_phonetic,16
while,608,0.75,cluster_phonetic,4
discreet,609,0.75,cluster_phonetic,4
greet,609,0.75,cluster_phonetic,4
street,609,0.75,cluster_phonetic,16
street,609,0.75,cluster_phonetic,16
street,609,0.75,cluster_phonetic,16
street,609,0.75,cluster_phonetic,16
street,609,0.75,cluster_phonetic,4
disclose,610,0.75,cluster_phonetic,4
enclose,610,0.75,cluster_phonetic,4
foreclose,610,0.75,cluster_phonetic,4
lose,610,0.75,cluster_phonetic,16
lose,610,0.75,cluster_phonetic,16
lose,610,0.75,cluster_phonetic,16
lose,610,0.75,cluster_phonetic,16
lose,610,0.75,cluster_phonetic,4
grow,611,0.75,cluster_phonetic,16
grow,611,0.75,cluster_phonetic,16
grow,611,0.75,cluster_phonetic,16
grow,611,0.75,cluster_phonetic,16
grow,611,0.75,cluster_phonetic,4
knew,612,0.75,cluster_phonetic,16
knew,612,0.75,cluster_phonetic,16
knew,612,0.75,cluster_phonetic,16
knew,612,0.75,cluster_phonetic,16
knew,612,0.75,cluster_phonetic,4
awake,613,0.75,cluster_phonetic,15
awake,613,0.75,cluster_phonetic,15
awake,613,0.75,cluster_phonetic,15
awake,613,0.75,cluster_phonetic,15
awake,613,0.75,cluster_phonetic,4
wake,613,0.75,cluster_phonetic,16
wake,613,0.75,cluster_phonetic,16
wake,613,0.75,cluster_phonetic,16
wake,613,0.75,cluster_phonetic,16
wake,613,0.75,cluster_phonetic,4
boiling,614,0.75,cluster_phonetic,4
ceiling,614,0.75,cluster_phonetic,14
ceiling,614,0.75,cluster_phonetic,14
ceiling,614,0.75,cluster_phonetic,14
ceiling,614,0.75,cluster_phonetic,14
ceiling,614,0.75,cluster_phonetic,14
darling,614,0.75,cluster_phonetic,16
darling,614,0.75,cluster_phonetic,16
darling,614,0.75,cluster_phonetic,16
darling,614,0.75,cluster_phonetic,16
darling,614,0.75,cluster_phonetic,4
dealing,614,0.75,cluster_phonetic,6
dealing,614,0.75,cluster_phonetic,6
dealing,614,0.75,cluster_phonetic,6
dealing,614,0.75,cluster_phonetic,6
dealing,614,0.75,cluster_phonetic,6
feeling,614,0.75,cluster_phonetic,8
feeling,614,0.75,cluster_phonetic,8
feeling,614,0.75,cluster_phonetic,8
feeling,614,0.75,cluster_phonetic,8
feeling,614,0.75,cluster_phonetic,8
foundling,614,0.75,cluster_phonetic,4
pulling,614,0.75,cluster_phonetic,4
starling,614,0.75,cluster_phonetic,4
sterling,614,0.75,cluster_phonetic,4
stripling,614,0.75,cluster_phonetic,4
suckling,614,0.75,cluster_phonetic,4
swirling,614,0.75,cluster_phonetic,4
underling,614,0.75,cluster_phonetic,4
yearling,614,0.75,cluster_phonetic,4
energy,615,0.75,cluster_phonetic,16
energy,615,0.75,cluster_phonetic,16
energy,615,0.75,cluster_phonetic,16
energy,615,0.75,cluster_phonetic,16
energy,615,0.75,cluster_phonetic,4
hood,616,0.75,cluster_phonetic,16
hood,616,0.75,cluster_phonetic,16
hood,616,0.75,cluster_phonetic,16
hood,616,0.75,cluster_phonetic,16
hood,616,0.75,cluster_phonetic,4
boat,617,0.75,cluster_phonetic,16
boat,617,0.75,cluster_phonetic,16
boat,617,0.75,cluster_phonetic,16
boat,617,0.75,cluster_phonetic,16
boat,617,0.75,cluster_phonetic,4
start,618,0.75,cluster_phonetic,16
start,618,0.75,cluster_phonetic,16
start,618,0.75,cluster_phonetic,16
start,618,0.75,cluster_phonetic,16
start,618,0.75,cluster_phonetic,4
tart,618,0.75,cluster_phonetic,4
breathe,619,0.75,cluster_phonetic,16
breathe,619,0.75,cluster_phonetic,16
breathe,619,0.75,cluster_phonetic,16
breathe,619,0.75,cluster_phonetic,16
breathe,619,0.75,cluster_phonetic,4
sheathe,619,0.75,cluster_phonetic,4
walk,620,0.75,cluster_phonetic,16
walk,620,0.75,cluster_phonetic,16
walk,620,0.75,cluster_phonetic,16
walk,620,0.75,cluster_phonetic,16
walk,620,0.75,cluster_phonetic,4
relax,621,0.75,cluster_phonetic,16
relax,621,0.75,cluster_phonetic,16
relax,621,0.75,cluster_phonetic,16
relax,621,0.75,cluster_phonetic,16
relax,621,0.75,cluster_phonetic,4
family,622,0.75,cluster_phonetic,16
family,622,0.75,cluster_phonetic,16
family,622,0.75,cluster_phonetic,16
family,622,0.75,cluster_phonetic,16
family,622,0.75,cluster_phonetic,4
drew,623,0.75,cluster_phonetic,16
drew,623,0.75,cluster_phonetic,16
drew,623,0.75,cluster_phonetic,16
drew,623,0.75,cluster_phonetic,16
drew,623,0.75,cluster_phonetic,4
withdrew,623,0.75,cluster_phonetic,4
baith,624,0.75,cluster_phonetic,4
wraith,624,0.75,cluster_phonetic,16
wraith,624,0.75,cluster_phonetic,16
wraith,624,0.75,cluster_phonetic,16
wraith,624,0.75,cluster_phonetic,16
wraith,624,0.75,cluster_phonetic,4
wash,625,0.75,cluster_phonetic,16
wash,625,0.75,cluster_phonetic,16
wash,625,0.75,cluster_phonetic,16
wash,625,0.75,cluster_phonetic,16
wash,625,0.75,cluster_phonetic,4
sure,626,0.75,cluster_phonetic,16
sure,626,0.75,cluster_phonetic,14
sure,626,0.75,cluster_phonetic,14
sure,626,0.75,cluster_phonetic,14
sure,626,0.75,cluster_phonetic,4
brandi,627,0.75,cluster_phonetic,4
brandi,627,0.75,cluster_phonetic,4
brandi,627,0.75,cluster_phonetic,4
brandi,627,0.75,cluster_phonetic,4
brandi,627,0.75,cluster_phonetic,4
grandi,627,0.75,cluster_phonetic,15
grandi,627,0.75,cluster_phonetic,15
grandi,627,0.75,cluster_phonetic,15
grandi,627,0.75,cluster_phonetic,15
grandi,627,0.75,cluster_phonetic,15
key,628,0.75,cluster_phonetic,15
key,628,0.75,cluster_phonetic,15
key,628,0.75,cluster_phonetic,15
key,628,0.75,cluster_phonetic,15
key,628,0.75,cluster_phonetic,15
ne,629,0.75,cluster_phonetic,15
ne,629,0.75,cluster_phonetic,15
ne,629,0.75,cluster_phonetic,15
ne,629,0.75,cluster_phonetic,15
peeps,630,0.75,cluster_phonetic,15
peeps,630,0.75,cluster_phonetic,15
peeps,630,0.75,cluster_phonetic,15
peeps,630,0.75,cluster_phonetic,15
peeps,630,0.75,cluster_phonetic,15
weeps,630,0.75,cluster_phonetic,4
rollie,631,0.75,cluster_phonetic,15
rollie,631,0.75,cluster_phonetic,15
rollie,631,0.75,cluster_phonetic,15
rollie,631,0.75,cluster_phonetic,15
rollie,631,0.75,cluster_phonetic,15
slowly,632,0.75,cluster_phonetic,15
slowly,632,0.75,cluster_phonetic,15
slowly,632,0.75,cluster_phonetic,15
slowly,632,0.75,cluster_phonetic,15
slowly,632,0.75,cluster_phonetic,15
lambs,633,0.75,cluster_phonetic,15
lambs,633,0.75,cluster_phonetic,15
lambs,633,0.75,cluster_phonetic,15
lambs,633,0.75,cluster_phonetic,15
lambs,633,0.75,cluster_phonetic,15
swoosh,634,0.75,cluster_phonetic,15
swoosh,634,0.75,cluster_phonetic,15
swoosh,634,0.75,cluster_phonetic,15
swoosh,634,0.75,cluster_phonetic,15
swoosh,634,0.75,cluster_phonetic,15
april,635,0.75,cluster_phonetic,15
april,635,0.75,cluster_phonetic,15
april,635,0.75,cluster_phonetic,15
april,635,0.75,cluster_phonetic,15
april,635,0.75,cluster_phonetic,15
betcha,636,0.75,cluster_phonetic,15
betcha,636,0.75,cluster_phonetic,15
betcha,636,0.75,cluster_phonetic,15
betcha,636,0.75,cluster_phonetic,15
betcha,636,0.75,cluster_phonetic,15
dimensions,637,0.75,cluster_phonetic,4
millions,637,0.75,cluster_phonetic,4
millions,637,0.75,cluster_phonetic,4
millions,637,0.75,cluster_phonetic,4
millions,637,0.75,cluster_phonetic,4
millions,637,0.75,cluster_phonetic,4
options,637,0.75,cluster_phonetic,15
options,637,0.75,cluster_phonetic,15
options,637,0.75,cluster_phonetic,15
options,637,0.75,cluster_phonetic,15
options,637,0.75,cluster_phonetic,15
potions,637,0.75,cluster_phonetic,4
reverberations,637,0.75,cluster_phonetic,4
situations,637,0.75,cluster_phonetic,4
situations,637,0.75,cluster_phonetic,4
situations,637,0.75,cluster_phonetic,4
situations,637,0.75,cluster_phonetic,4
situations,637,0.75,cluster_phonetic,4
some,638,0.75,cluster_phonetic,15
some,638,0.75,cluster_phonetic,15
some,638,0.75,cluster_phonetic,15
some,638,0.75,cluster_phonetic,15
some,638,0.75,cluster_phonetic,15
stuck,639,0.75,cluster_phonetic,15
stuck,639,0.75,cluster_phonetic,15
stuck,639,0.75,cluster_phonetic,15
stuck,639,0.75,cluster_phonetic,15
stuck,639,0.75,cluster_phonetic,15
did,640,0.75,cluster_phonetic,15
did,640,0.75,cluster_phonetic,15
did,640,0.75,cluster_phonetic,15
did,640,0.75,cluster_phonetic,15
did,640,0.75,cluster_phonetic,15
traffic,641,0.75,cluster_phonetic,15
traffic,641,0.75,cluster_phonetic,15
traffic,641,0.75,cluster_phonetic,15
traffic,641,0.75,cluster_phonetic,15
traffic,641,0.75,cluster_phonetic,15
closed,642,0.75,cluster_phonetic,15
closed,642,0.75,cluster_phonetic,15
closed,642,0.75,cluster_phonetic,15
closed,642,0.75,cluster_phonetic,15
closed,642,0.75,cluster_phonetic,15
clothes,643,0.75,cluster_phonetic,15
clothes,643,0.75,cluster_phonetic,15
clothes,643,0.75,cluster_phonetic,15
clothes,643,0.75,cluster_phonetic,15
clothes,643,0.75,cluster_phonetic,15
coast,644,0.75,cluster_phonetic,15
coast,644,0.75,cluster_phonetic,15
coast,644,0.75,cluster_phonetic,15
coast,644,0.75,cluster_phonetic,15
coast,644,0.75,cluster_phonetic,15
toast,644,0.75,cluster_phonetic,4
died,645,0.75,cluster_phonetic,15
died,645,0.75,cluster_phonetic,15
died,645,0.75,cluster_phonetic,15
died,645,0.75,cluster_phonetic,15
died,645,0.75,cluster_phonetic,15
jive,646,0.75,cluster_phonetic,15
jive,646,0.75,cluster_phonetic,15
jive,646,0.75,cluster_phonetic,15
jive,646,0.75,cluster_phonetic,15
jive,646,0.75,cluster_phonetic,15
paid,647,0.75,cluster_phonetic,15
paid,647,0.75,cluster_phonetic,15
paid,647,0.75,cluster_phonetic,15
paid,647,0.75,cluster_phonetic,15
paid,647,0.75,cluster_phonetic,15
kush,648,0.75,cluster_phonetic,15
kush,648,0.75,cluster_phonetic,15
kush,648,0.75,cluster_phonetic,15
kush,648,0.75,cluster_phonetic,15
kush,648,0.75,cluster_phonetic,15
farted,649,0.75,cluster_phonetic,15
farted,649,0.75,cluster_phonetic,15
farted,649,0.75,cluster_phonetic,15
farted,649,0.75,cluster_phonetic,15
farted,649,0.75,cluster_phonetic,15
caillou,650,0.75,cluster_phonetic,15
caillou,650,0.75,cluster_phonetic,15
caillou,650,0.75,cluster_phonetic,15
caillou,650,0.75,cluster_phonetic,15
caillou,650,0.75,cluster_phonetic,15
cap,651,0.75,cluster_phonetic,15
cap,651,0.75,cluster_phonetic,15
cap,651,0.75,cluster_phonetic,15
cap,651,0.75,cluster_phonetic,15
cap,651,0.75,cluster_phonetic,4
touch,652,0.75,cluster_phonetic,15
touch,652,0.75,cluster_phonetic,15
touch,652,0.75,cluster_phonetic,15
touch,652,0.75,cluster_phonetic,15
touch,652,0.75,cluster_phonetic,4
shtick,653,0.75,cluster_phonetic,4
stick,653,0.75,cluster_phonetic,15
stick,653,0.75,cluster_phonetic,15
stick,653,0.75,cluster_phonetic,15
stick,653,0.75,cluster_phonetic,15
stick,653,0.75,cluster_phonetic,4
tick,653,0.75,cluster_phonetic,11
tick,653,0.75,cluster_phonetic,11
tick,653,0.75,cluster_phonetic,11
tick,653,0.75,cluster_phonetic,11
tick,653,0.75,cluster_phonetic,4
hop,654,0.75,cluster_phonetic,15
hop,654,0.75,cluster_phonetic,15
hop,654,0.75,cluster_phonetic,15
hop,654,0.75,cluster_phonetic,15
hop,654,0.75,cluster_phonetic,4
stage,655,0.75,cluster_phonetic,15
stage,655,0.75,cluster_phonetic,15
stage,655,0.75,cluster_phonetic,15
stage,655,0.75,cluster_phonetic,15
stage,655,0.75,cluster_phonetic,4
deep,656,0.75,cluster_phonetic,15
deep,656,0.75,cluster_phonetic,15
deep,656,0.75,cluster_phonetic,15
deep,656,0.75,cluster_phonetic,15
deep,656,0.75,cluster_phonetic,4
ghost,657,0.75,cluster_phonetic,15
ghost,657,0.75,cluster_phonetic,15
ghost,657,0.75,cluster_phonetic,15
ghost,657,0.75,cluster_phonetic,15
ghost,657,0.75,cluster_phonetic,4
host,657,0.75,cluster_phonetic,4
forsake,658,0.75,cluster_phonetic,4
sake,658,0.75,cluster_phonetic,15
sake,658,0.75,cluster_phonetic,15
sake,658,0.75,cluster_phonetic,15
sake,658,0.75,cluster_phonetic,15
sake,658,0.75,cluster_phonetic,4
caress,659,0.75,cluster_phonetic,4
caress,659,0.75,cluster_phonetic,4
cress,659,0.75,cluster_phonetic,4
depress,659,0.75,cluster_phonetic,4
digress,659,0.75,cluster_phonetic,4
distress,659,0.75,cluster_phonetic,4
distress,659,0.75,cluster_phonetic,4
dress,659,0.75,cluster_phonetic,4
express,659,0.75,cluster_phonetic,4
impress,659,0.75,cluster_phonetic,4
oppress,659,0.75,cluster_phonetic,4
press,659,0.75,cluster_phonetic,4
redress,659,0.75,cluster_phonetic,4
repress,659,0.75,cluster_phonetic,4
stress,659,0.75,cluster_phonetic,15
stress,659,0.75,cluster_phonetic,15
stress,659,0.75,cluster_phonetic,15
stress,659,0.75,cluster_phonetic,15
stress,659,0.75,cluster_phonetic,4
transgress,659,0.75,cluster_phonetic,4
tress,659,0.75,cluster_phonetic,4
monsoon,660,0.75,cluster_phonetic,4
soon,660,0.75,cluster_phonetic,15
soon,660,0.75,cluster_phonetic,15
soon,660,0.75,cluster_phonetic,15
soon,660,0.75,cluster_phonetic,15
soon,660,0.75,cluster_phonetic,4
they,661,0.75,cluster_phonetic,15
they,661,0.75,cluster_phonetic,15
they,661,0.75,cluster_phonetic,15
they,661,0.75,cluster_phonetic,4
bank,662,0.75,cluster_phonetic,15
bank,662,0.75,cluster_phonetic,15
bank,662,0.75,cluster_phonetic,15
bank,662,0.75,cluster_phonetic,15
bank,662,0.75,cluster_phonetic,4
pray,663,0.75,cluster_phonetic,15
pray,663,0.75,cluster_phonetic,15
pray,663,0.75,cluster_phonetic,15
pray,663,0.75,cluster_phonetic,15
pray,663,0.75,cluster_phonetic,4
spray,663,0.75,cluster_phonetic,9
spray,663,0.75,cluster_phonetic,9
spray,663,0.75,cluster_phonetic,9
spray,663,0.75,cluster_phonetic,9
spray,663,0.75,cluster_phonetic,9
lettuce,664,0.75,cluster_phonetic,15
lettuce,664,0.75,cluster_phonetic,15
lettuce,664,0.75,cluster_phonetic,15
lettuce,664,0.75,cluster_phonetic,15
lettuce,664,0.75,cluster_phonetic,4
band,665,0.75,cluster_phonetic,15
band,665,0.75,cluster_phonetic,15
band,665,0.75,cluster_phonetic,15
band,665,0.75,cluster_phonetic,15
band,665,0.75,cluster_phonetic,4
volcano,666,0.75,cluster_phonetic,15
volcano,666,0.75,cluster_phonetic,15
volcano,666,0.75,cluster_phonetic,15
volcano,666,0.75,cluster_phonetic,15
volcano,666,0.75,cluster_phonetic,4
negro,667,0.75,cluster_phonetic,15
negro,667,0.75,cluster_phonetic,15
negro,667,0.75,cluster_phonetic,15
negro,667,0.75,cluster_phonetic,15
negro,667,0.75,cluster_phonetic,4
tho,668,0.75,cluster_phonetic,15
tho,668,0.75,cluster_phonetic,14
tho,668,0.75,cluster_phonetic,14
tho,668,0.75,cluster_phonetic,14
tho,668,0.75,cluster_phonetic,14
dummy,669,0.75,cluster_phonetic,14
dummy,669,0.75,cluster_phonetic,14
dummy,669,0.75,cluster_phonetic,14
dummy,669,0.75,cluster_phonetic,14
dummy,669,0.75,cluster_phonetic,14
beans,670,0.75,cluster_phonetic,11
beans,670,0.75,cluster_phonetic,11
beans,670,0.75,cluster_phonetic,11
beans,670,0.75,cluster_phonetic,11
beans,670,0.75,cluster_phonetic,11
jeans,670,0.75,cluster_phonetic,14
jeans,670,0.75,cluster_phonetic,14
jeans,670,0.75,cluster_phonetic,14
jeans,670,0.75,cluster_phonetic,14
jeans,670,0.75,cluster_phonetic,14
means,670,0.75,cluster_phonetic,7
means,670,0.75,cluster_phonetic,7
means,670,0.75,cluster_phonetic,7
means,670,0.75,cluster_phonetic,7
means,670,0.75,cluster_phonetic,7
sea,671,0.75,cluster_phonetic,14
sea,671,0.75,cluster_phonetic,14
sea,671,0.75,cluster_phonetic,14
sea,671,0.75,cluster_phonetic,14
sea,671,0.75,cluster_phonetic,14
dormitory,672,0.75,cluster_phonetic,4
factory,672,0.75,cluster_phonetic,4
factory,672,0.75,cluster_phonetic,4
history,672,0.75,cluster_phonetic,6
history,672,0.75,cluster_phonetic,6
history,672,0.75,cluster_phonetic,6
history,672,0.75,cluster_phonetic,6
history,672,0.75,cluster_phonetic,4
perfunctory,672,0.75,cluster_phonetic,4
rectory,672,0.75,cluster_phonetic,4
story,672,0.75,cluster_phonetic,14
story,672,0.75,cluster_phonetic,14
story,672,0.75,cluster_phonetic,14
story,672,0.75,cluster_phonetic,14
story,672,0.75,cluster_phonetic,14
victory,672,0.75,cluster_phonetic,4
hu,673,0.75,cluster_phonetic,14
hu,673,0.75,cluster_phonetic,14
hu,673,0.75,cluster_phonetic,14
hu,673,0.75,cluster_phonetic,14
guns,674,0.75,cluster_phonetic,14
guns,674,0.75,cluster_phonetic,14
guns,674,0.75,cluster_phonetic,14
guns,674,0.75,cluster_phonetic,14
guns,674,0.75,cluster_phonetic,14
listen,675,0.75,cluster_phonetic,14
listen,675,0.75,cluster_phonetic,14
listen,675,0.75,cluster_phonetic,14
listen,675,0.75,cluster_phonetic,14
listen,675,0.75,cluster_phonetic,14
doing,676,0.75,cluster_phonetic,8
doing,676,0.75,cluster_phonetic,8
doing,676,0.75,cluster_phonetic,8
doing,676,0.75,cluster_phonetic,8
doing,676,0.75,cluster_phonetic,8
echoing,676,0.75,cluster_phonetic,4
going,676,0.75,cluster_phonetic,14
going,676,0.75,cluster_phonetic,14
going,676,0.75,cluster_phonetic,14
going,676,0.75,cluster_phonetic,14
going,676,0.75,cluster_phonetic,14
clips,677,0.75,cluster_phonetic,11
clips,677,0.75,cluster_phonetic,11
clips,677,0.75,cluster_phonetic,11
clips,677,0.75,cluster_phonetic,11
clips,677,0.75,cluster_phonetic,4
lips,677,0.75,cluster_phonetic,14
lips,677,0.75,cluster_phonetic,14
lips,677,0.75,cluster_phonetic,14
lips,677,0.75,cluster_phonetic,14
lips,677,0.75,cluster_phonetic,14
courtship,678,0.75,cluster_phonetic,4
fellowship,678,0.75,cluster_phonetic,4
spaceship,678,0.75,cluster_phonetic,14
spaceship,678,0.75,cluster_phonetic,14
spaceship,678,0.75,cluster_phonetic,14
spaceship,678,0.75,cluster_phonetic,14
spaceship,678,0.75,cluster_phonetic,14
starship,678,0.75,cluster_phonetic,7
starship,678,0.75,cluster_phonetic,7
starship,678,0.75,cluster_phonetic,7
starship,678,0.75,cluster_phonetic,7
starship,678,0.75,cluster_phonetic,7
workmanship,678,0.75,cluster_phonetic,4
ghetto,679,0.75,cluster_phonetic,14
ghetto,679,0.75,cluster_phonetic,14
ghetto,679,0.75,cluster_phonetic,14
ghetto,679,0.75,cluster_phonetic,14
ghetto,679,0.75,cluster_phonetic,14
libretto,679,0.75,cluster_phonetic,4
stiletto,679,0.75,cluster_phonetic,4
i'm,680,0.75,cluster_phonetic,14
i'm,680,0.75,cluster_phonetic,14
i'm,680,0.75,cluster_phonetic,14
i'm,680,0.75,cluster_phonetic,14
i'm,680,0.75,cluster_phonetic,14
yay,681,0.75,cluster_phonetic,14
yay,681,0.75,cluster_phonetic,14
yay,681,0.75,cluster_phonetic,14
yay,681,0.75,cluster_phonetic,14
yay,681,0.75,cluster_phonetic,14
reh,682,0.75,cluster_phonetic,14
reh,682,0.75,cluster_phonetic,14
reh,682,0.75,cluster_phonetic,14
reh,682,0.75,cluster_phonetic,14
reh,682,0.75,cluster_phonetic,14
ahh,683,0.75,cluster_phonetic,14
ahh,683,0.75,cluster_phonetic,14
ahh,683,0.75,cluster_phonetic,14
ahh,683,0.75,cluster_phonetic,14
ahh,683,0.75,cluster_phonetic,14
mob,684,0.75,cluster_phonetic,14
mob,684,0.75,cluster_phonetic,14
mob,684,0.75,cluster_phonetic,14
mob,684,0.75,cluster_phonetic,14
mob,684,0.75,cluster_phonetic,14
wa,685,0.75,cluster_phonetic,14
wa,685,0.75,cluster_phonetic,14
wa,685,0.75,cluster_phonetic,14
wa,685,0.75,cluster_phonetic,14
xans,686,0.75,cluster_phonetic,14
xans,686,0.75,cluster_phonetic,14
xans,686,0.75,cluster_phonetic,14
xans,686,0.75,cluster_phonetic,14
xans,686,0.75,cluster_phonetic,14
meds,687,0.75,cluster_phonetic,14
meds,687,0.75,cluster_phonetic,14
meds,687,0.75,cluster_phonetic,14
meds,687,0.75,cluster_phonetic,14
meds,687,0.75,cluster_phonetic,14
rjal,688,0.75,cluster_phonetic,14
rjal,688,0.75,cluster_phonetic,14
rjal,688,0.75,cluster_phonetic,14
rjal,688,0.75,cluster_phonetic,14
rjal,688,0.75,cluster_phonetic,14
harambe,689,0.75,cluster_phonetic,14
harambe,689,0.75,cluster_phonetic,14
harambe,689,0.75,cluster_phonetic,14
harambe,689,0.75,cluster_phonetic,14
harambe,689,0.75,cluster_phonetic,14
fam,690,0.75,cluster_phonetic,14
fam,690,0.75,cluster_phonetic,14
fam,690,0.75,cluster_phonetic,14
fam,690,0.75,cluster_phonetic,14
fam,690,0.75,cluster_phonetic,14
uhuh,691,0.75,cluster_phonetic,14
uhuh,691,0.75,cluster_phonetic,14
uhuh,691,0.75,cluster_phonetic,14
uhuh,691,0.75,cluster_phonetic,14
uhuh,691,0.75,cluster_phonetic,14
sky',692,0.75,cluster_phonetic,14
sky',692,0.75,cluster_phonetic,14
sky',692,0.75,cluster_phonetic,14
sky',692,0.75,cluster_phonetic,14
dovsan,693,0.75,cluster_phonetic,14
dovsan,693,0.75,cluster_phonetic,14
dovsan,693,0.75,cluster_phonetic,14
dovsan,693,0.75,cluster_phonetic,14
dovsan,693,0.75,cluster_phonetic,14
hn,694,0.75,cluster_phonetic,14
hn,694,0.75,cluster_phonetic,14
hn,694,0.75,cluster_phonetic,14
hn,694,0.75,cluster_phonetic,14
sack,695,0.75,cluster_phonetic,14
sack,695,0.75,cluster_phonetic,14
sack,695,0.75,cluster_phonetic,14
sack,695,0.75,cluster_phonetic,14
sack,695,0.75,cluster_phonetic,4
get,696,0.75,cluster_phonetic,14
get,696,0.75,cluster_phonetic,14
get,696,0.75,cluster_phonetic,14
get,696,0.75,cluster_phonetic,14
get,696,0.75,cluster_phonetic,4
creak,697,0.75,cluster_phonetic,4
freak,697,0.75,cluster_phonetic,14
freak,697,0.75,cluster_phonetic,14
freak,697,0.75,cluster_phonetic,14
freak,697,0.75,cluster_phonetic,14
freak,697,0.75,cluster_phonetic,4
streak,697,0.75,cluster_phonetic,4
wreak,697,0.75,cluster_phonetic,4
lonely,698,0.75,cluster_phonetic,14
lonely,698,0.75,cluster_phonetic,14
lonely,698,0.75,cluster_phonetic,14
lonely,698,0.75,cluster_phonetic,14
lonely,698,0.75,cluster_phonetic,4
cheese,699,0.75,cluster_phonetic,14
cheese,699,0.75,cluster_phonetic,14
cheese,699,0.75,cluster_phonetic,14
cheese,699,0.75,cluster_phonetic,14
cheese,699,0.75,cluster_phonetic,4
toes,700,0.75,cluster_phonetic,14
toes,700,0.75,cluster_phonetic,14
toes,700,0.75,cluster_phonetic,14
toes,700,0.75,cluster_phonetic,14
toes,700,0.75,cluster_phonetic,4
bite,701,0.75,cluster_phonetic,14
bite,701,0.75,cluster_phonetic,14
bite,701,0.75,cluster_phonetic,14
bite,701,0.75,cluster_phonetic,14
bite,701,0.75,cluster_phonetic,4
blain,702,0.75,cluster_phonetic,4
complain,702,0.75,cluster_phonetic,4
explain,702,0.75,cluster_phonetic,14
explain,702,0.75,cluster_phonetic,14
explain,702,0.75,cluster_phonetic,14
explain,702,0.75,cluster_phonetic,14
explain,702,0.75,cluster_phonetic,4
lain,702,0.75,cluster_phonetic,4
plain,702,0.75,cluster_phonetic,4
plain,702,0.75,cluster_phonetic,4
plain,702,0.75,cluster_phonetic,4
plain,702,0.75,cluster_phonetic,4
plain,702,0.75,cluster_phonetic,4
slain,702,0.75,cluster_phonetic,4
jet,703,0.75,cluster_phonetic,14
jet,703,0.75,cluster_phonetic,14
jet,703,0.75,cluster_phonetic,14
jet,703,0.75,cluster_phonetic,14
jet,703,0.75,cluster_phonetic,4
three,704,0.75,cluster_phonetic,14
three,704,0.75,cluster_phonetic,14
three,704,0.75,cluster_phonetic,14
three,704,0.75,cluster_phonetic,14
three,704,0.75,cluster_phonetic,4
seat,705,0.75,cluster_phonetic,14
seat,705,0.75,cluster_phonetic,14
seat,705,0.75,cluster_phonetic,14
seat,705,0.75,cluster_phonetic,14
seat,705,0.75,cluster_phonetic,4
pay,706,0.75,cluster_phonetic,14
pay,706,0.75,cluster_phonetic,14
pay,706,0.75,cluster_phonetic,14
pay,706,0.75,cluster_phonetic,14
pay,706,0.75,cluster_phonetic,4
dome,707,0.75,cluster_phonetic,14
dome,707,0.75,cluster_phonetic,14
dome,707,0.75,cluster_phonetic,14
dome,707,0.75,cluster_phonetic,14
dome,707,0.75,cluster_phonetic,4
hack,708,0.75,cluster_phonetic,4
hack,708,0.75,cluster_phonetic,4
whack,708,0.75,cluster_phonetic,14
whack,708,0.75,cluster_phonetic,14
whack,708,0.75,cluster_phonetic,14
whack,708,0.75,cluster_phonetic,14
whack,708,0.75,cluster_phonetic,4
eh,709,0.75,cluster_phonetic,14
eh,709,0.75,cluster_phonetic,14
eh,709,0.75,cluster_phonetic,14
eh,709,0.75,cluster_phonetic,4
afield,710,0.75,cluster_phonetic,4
field,710,0.75,cluster_phonetic,14
field,710,0.75,cluster_phonetic,14
field,710,0.75,cluster_phonetic,14
field,710,0.75,cluster_phonetic,14
field,710,0.75,cluster_phonetic,4
shield,710,0.75,cluster_phonetic,4
wield,710,0.75,cluster_phonetic,4
wield,710,0.75,cluster_phonetic,4
yield,710,0.75,cluster_phonetic,4
leaf,711,0.75,cluster_phonetic,14
leaf,711,0.75,cluster_phonetic,14
leaf,711,0.75,cluster_phonetic,14
leaf,711,0.75,cluster_phonetic,14
leaf,711,0.75,cluster_phonetic,4
pill,712,0.75,cluster_phonetic,14
pill,712,0.75,cluster_phonetic,14
pill,712,0.75,cluster_phonetic,14
pill,712,0.75,cluster_phonetic,14
pill,712,0.75,cluster_phonetic,4
spill,712,0.75,cluster_phonetic,4
reply,713,0.75,cluster_phonetic,14
reply,713,0.75,cluster_phonetic,14
reply,713,0.75,cluster_phonetic,14
reply,713,0.75,cluster_phonetic,14
reply,713,0.75,cluster_phonetic,4
weed,714,0.75,cluster_phonetic,14
weed,714,0.75,cluster_phonetic,14
weed,714,0.75,cluster_phonetic,14
weed,714,0.75,cluster_phonetic,14
weed,714,0.75,cluster_phonetic,4
safe,715,0.75,cluster_phonetic,14
safe,715,0.75,cluster_phonetic,14
safe,715,0.75,cluster_phonetic,14
safe,715,0.75,cluster_phonetic,14
safe,715,0.75,cluster_phonetic,4
unsafe,715,0.75,cluster_phonetic,4
gay,716,0.75,cluster_phonetic,14
gay,716,0.75,cluster_phonetic,14
gay,716,0.75,cluster_phonetic,14
gay,716,0.75,cluster_phonetic,14
gay,716,0.75,cluster_phonetic,4
sag,717,0.75,cluster_phonetic,14
sag,717,0.75,cluster_phonetic,14
sag,717,0.75,cluster_phonetic,14
sag,717,0.75,cluster_phonetic,14
sag,717,0.75,cluster_phonetic,4
daily,718,0.75,cluster_phonetic,14
daily,718,0.75,cluster_phonetic,14
daily,718,0.75,cluster_phonetic,14
daily,718,0.75,cluster_phonetic,14
daily,718,0.75,cluster_phonetic,4
gaily,718,0.75,cluster_phonetic,4
beverly,719,0.75,cluster_phonetic,13
beverly,719,0.75,cluster_phonetic,13
beverly,719,0.75,cluster_phonetic,13
beverly,719,0.75,cluster_phonetic,13
beverly,719,0.75,cluster_phonetic,13
fleek,720,0.75,cluster_phonetic,13
fleek,720,0.75,cluster_phonetic,13
fleek,720,0.75,cluster_phonetic,13
fleek,720,0.75,cluster_phonetic,13
fleek,720,0.75,cluster_phonetic,13
leek,720,0.75,cluster_phonetic,4
sleek,720,0.75,cluster_phonetic,4
hockey,721,0.75,cluster_phonetic,13
hockey,721,0.75,cluster_phonetic,13
hockey,721,0.75,cluster_phonetic,13
hockey,721,0.75,cluster_phonetic,13
hockey,721,0.75,cluster_phonetic,13
jockey,721,0.75,cluster_phonetic,4
pussy,722,0.75,cluster_phonetic,13
pussy,722,0.75,cluster_phonetic,13
pussy,722,0.75,cluster_phonetic,13
pussy,722,0.75,cluster_phonetic,13
pussy,722,0.75,cluster_phonetic,13
hoon,723,0.75,cluster_phonetic,13
hoon,723,0.75,cluster_phonetic,13
hoon,723,0.75,cluster_phonetic,13
hoon,723,0.75,cluster_phonetic,13
hoon,723,0.75,cluster_phonetic,13
typhoon,723,0.75,cluster_phonetic,4
nuggets,724,0.75,cluster_phonetic,13
nuggets,724,0.75,cluster_phonetic,13
nuggets,724,0.75,cluster_phonetic,13
nuggets,724,0.75,cluster_phonetic,13
nuggets,724,0.75,cluster_phonetic,13
often,725,0.75,cluster_phonetic,13
often,725,0.75,cluster_phonetic,13
often,725,0.75,cluster_phonetic,13
often,725,0.75,cluster_phonetic,13
often,725,0.75,cluster_phonetic,13
ones,726,0.75,cluster_phonetic,13
ones,726,0.75,cluster_phonetic,13
ones,726,0.75,cluster_phonetic,13
ones,726,0.75,cluster_phonetic,13
ones,726,0.75,cluster_phonetic,13
bucket,727,0.75,cluster_phonetic,10
bucket,727,0.75,cluster_phonetic,10
bucket,727,0.75,cluster_phonetic,10
bucket,727,0.75,cluster_phonetic,10
bucket,727,0.75,cluster_phonetic,10
cricket,727,0.75,cluster_phonetic,4
pocket,727,0.75,cluster_phonetic,13
pocket,727,0.75,cluster_phonetic,13
pocket,727,0.75,cluster_phonetic,13
pocket,727,0.75,cluster_phonetic,13
pocket,727,0.75,cluster_phonetic,13
rocket,727,0.75,cluster_phonetic,11
rocket,727,0.75,cluster_phonetic,11
rocket,727,0.75,cluster_phonetic,11
rocket,727,0.75,cluster_phonetic,11
rocket,727,0.75,cluster_phonetic,11
socket,727,0.75,cluster_phonetic,8
socket,727,0.75,cluster_phonetic,8
socket,727,0.75,cluster_phonetic,8
socket,727,0.75,cluster_phonetic,8
socket,727,0.75,cluster_phonetic,8
ticket,727,0.75,cluster_phonetic,4
wife,728,0.75,cluster_phonetic,13
wife,728,0.75,cluster_phonetic,13
wife,728,0.75,cluster_phonetic,13
wife,728,0.75,cluster_phonetic,13
wife,728,0.75,cluster_phonetic,13
j,729,0.75,cluster_phonetic,13
j,729,0.75,cluster_phonetic,13
j,729,0.75,cluster_phonetic,13
j,729,0.75,cluster_phonetic,13
else,730,0.75,cluster_phonetic,13
else,730,0.75,cluster_phonetic,13
else,730,0.75,cluster_phonetic,13
else,730,0.75,cluster_phonetic,13
else,730,0.75,cluster_phonetic,13
prepared,731,0.75,cluster_phonetic,4
prepared,731,0.75,cluster_phonetic,4
prepared,731,0.75,cluster_phonetic,4
prepared,731,0.75,cluster_phonetic,4
prepared,731,0.75,cluster_phonetic,4
scared,731,0.75,cluster_phonetic,13
scared,731,0.75,cluster_phonetic,13
scared,731,0.75,cluster_phonetic,13
scared,731,0.75,cluster_phonetic,13
scared,731,0.75,cluster_phonetic,13
snared,731,0.75,cluster_phonetic,4
yeh,732,0.75,cluster_phonetic,13
yeh,732,0.75,cluster_phonetic,13
yeh,732,0.75,cluster_phonetic,13
yeh,732,0.75,cluster_phonetic,13
yeh,732,0.75,cluster_phonetic,13
higher,733,0.75,cluster_phonetic,13
higher,733,0.75,cluster_phonetic,13
higher,733,0.75,cluster_phonetic,13
higher,733,0.75,cluster_phonetic,13
higher,733,0.75,cluster_phonetic,13
murder,734,0.75,cluster_phonetic,13
murder,734,0.75,cluster_phonetic,13
murder,734,0.75,cluster_phonetic,13
murder,734,0.75,cluster_phonetic,13
murder,734,0.75,cluster_phonetic,13
order,734,0.75,cluster_phonetic,5
order,734,0.75,cluster_phonetic,5
order,734,0.75,cluster_phonetic,5
order,734,0.75,cluster_phonetic,5
order,734,0.75,cluster_phonetic,5
shoulder,735,0.75,cluster_phonetic,13
shoulder,735,0.75,cluster_phonetic,13
shoulder,735,0.75,cluster_phonetic,13
shoulder,735,0.75,cluster_phonetic,13
shoulder,735,0.75,cluster_phonetic,13
solder,735,0.75,cluster_phonetic,4
shots,736,0.75,cluster_phonetic,13
shots,736,0.75,cluster_phonetic,13
shots,736,0.75,cluster_phonetic,13
shots,736,0.75,cluster_phonetic,13
shots,736,0.75,cluster_phonetic,13
blat,737,0.75,cluster_phonetic,13
blat,737,0.75,cluster_phonetic,13
blat,737,0.75,cluster_phonetic,13
blat,737,0.75,cluster_phonetic,13
blat,737,0.75,cluster_phonetic,13
brahh,738,0.75,cluster_phonetic,13
brahh,738,0.75,cluster_phonetic,13
brahh,738,0.75,cluster_phonetic,13
brahh,738,0.75,cluster_phonetic,13
brahh,738,0.75,cluster_phonetic,13
chrkhrr,739,0.75,cluster_phonetic,13
chrkhrr,739,0.75,cluster_phonetic,13
chrkhrr,739,0.75,cluster_phonetic,13
chrkhrr,739,0.75,cluster_phonetic,13
chrkhrr,739,0.75,cluster_phonetic,13
ysl,740,0.75,cluster_phonetic,13
ysl,740,0.75,cluster_phonetic,13
ysl,740,0.75,cluster_phonetic,13
ysl,740,0.75,cluster_phonetic,13
ysl,740,0.75,cluster_phonetic,13
zoogang,741,0.75,cluster_phonetic,13
zoogang,741,0.75,cluster_phonetic,13
zoogang,741,0.75,cluster_phonetic,13
zoogang,741,0.75,cluster_phonetic,13
zoogang,741,0.75,cluster_phonetic,13
coaie,742,0.75,cluster_phonetic,13
coaie,742,0.75,cluster_phonetic,13
coaie,742,0.75,cluster_phonetic,13
coaie,742,0.75,cluster_phonetic,13
coaie,742,0.75,cluster_phonetic,13
nai,743,0.75,cluster_phonetic,13
nai,743,0.75,cluster_phonetic,13
nai,743,0.75,cluster_phonetic,13
nai,743,0.75,cluster_phonetic,13
nai,743,0.75,cluster_phonetic,13
ouu,744,0.75,cluster_phonetic,13
ouu,744,0.75,cluster_phonetic,13
ouu,744,0.75,cluster_phonetic,13
ouu,744,0.75,cluster_phonetic,13
ouu,744,0.75,cluster_phonetic,13
bentleys,745,0.75,cluster_phonetic,13
bentleys,745,0.75,cluster_phonetic,13
bentleys,745,0.75,cluster_phonetic,13
bentleys,745,0.75,cluster_phonetic,13
bentleys,745,0.75,cluster_phonetic,13
ii,746,0.75,cluster_phonetic,13
ii,746,0.75,cluster_phonetic,13
ii,746,0.75,cluster_phonetic,13
ii,746,0.75,cluster_phonetic,13
nisciun,747,0.75,cluster_phonetic,13
nisciun,747,0.75,cluster_phonetic,13
nisciun,747,0.75,cluster_phonetic,13
nisciun,747,0.75,cluster_phonetic,13
nisciun,747,0.75,cluster_phonetic,13
brush,748,0.75,cluster_phonetic,4
crush,748,0.75,cluster_phonetic,4
frush,748,0.75,cluster_phonetic,4
rush,748,0.75,cluster_phonetic,13
rush,748,0.75,cluster_phonetic,13
rush,748,0.75,cluster_phonetic,13
rush,748,0.75,cluster_phonetic,13
rush,748,0.75,cluster_phonetic,4
thrush,748,0.75,cluster_phonetic,4
break,749,0.75,cluster_phonetic,13
break,749,0.75,cluster_phonetic,13
break,749,0.75,cluster_phonetic,13
break,749,0.75,cluster_phonetic,13
break,749,0.75,cluster_phonetic,4
close,750,0.75,cluster_phonetic,13
close,750,0.75,cluster_phonetic,13
close,750,0.75,cluster_phonetic,13
close,750,0.75,cluster_phonetic,13
close,750,0.75,cluster_phonetic,4
brave,751,0.75,cluster_phonetic,4
crave,751,0.75,cluster_phonetic,4
deprave,751,0.75,cluster_phonetic,4
engrave,751,0.75,cluster_phonetic,4
grave,751,0.75,cluster_phonetic,13
grave,751,0.75,cluster_phonetic,13
grave,751,0.75,cluster_phonetic,13
grave,751,0.75,cluster_phonetic,13
grave,751,0.75,cluster_phonetic,4
rave,751,0.75,cluster_phonetic,4
rave,751,0.75,cluster_phonetic,4
can,752,0.75,cluster_phonetic,13
can,752,0.75,cluster_phonetic,13
can,752,0.75,cluster_phonetic,13
can,752,0.75,cluster_phonetic,13
can,752,0.75,cluster_phonetic,4
win,753,0.75,cluster_phonetic,13
win,753,0.75,cluster_phonetic,13
win,753,0.75,cluster_phonetic,13
win,753,0.75,cluster_phonetic,13
win,753,0.75,cluster_phonetic,4
chase,754,0.75,cluster_phonetic,13
chase,754,0.75,cluster_phonetic,13
chase,754,0.75,cluster_phonetic,13
chase,754,0.75,cluster_phonetic,13
chase,754,0.75,cluster_phonetic,4
eye,755,0.75,cluster_phonetic,13
eye,755,0.75,cluster_phonetic,13
eye,755,0.75,cluster_phonetic,13
eye,755,0.75,cluster_phonetic,13
eye,755,0.75,cluster_phonetic,4
baste,756,0.75,cluster_phonetic,4
caste,756,0.75,cluster_phonetic,4
chaste,756,0.75,cluster_phonetic,4
haste,756,0.75,cluster_phonetic,4
paste,756,0.75,cluster_phonetic,4
taste,756,0.75,cluster_phonetic,13
taste,756,0.75,cluster_phonetic,13
taste,756,0.75,cluster_phonetic,13
taste,756,0.75,cluster_phonetic,13
taste,756,0.75,cluster_phonetic,4
waste,756,0.75,cluster_phonetic,13
waste,756,0.75,cluster_phonetic,13
waste,756,0.75,cluster_phonetic,13
waste,756,0.75,cluster_phonetic,13
waste,756,0.75,cluster_phonetic,4
new,757,0.75,cluster_phonetic,13
new,757,0.75,cluster_phonetic,13
new,757,0.75,cluster_phonetic,13
new,757,0.75,cluster_phonetic,13
new,757,0.75,cluster_phonetic,4
are,758,0.75,cluster_phonetic,13
are,758,0.75,cluster_phonetic,13
are,758,0.75,cluster_phonetic,13
are,758,0.75,cluster_phonetic,13
are,758,0.75,cluster_phonetic,4
sock,759,0.75,cluster_phonetic,13
sock,759,0.75,cluster_phonetic,13
sock,759,0.75,cluster_phonetic,13
sock,759,0.75,cluster_phonetic,13
sock,759,0.75,cluster_phonetic,4
amass,760,0.75,cluster_phonetic,4
mass,760,0.75,cluster_phonetic,13
mass,760,0.75,cluster_phonetic,13
mass,760,0.75,cluster_phonetic,13
mass,760,0.75,cluster_phonetic,13
mass,760,0.75,cluster_phonetic,4
bed,761,0.75,cluster_phonetic,13
bed,761,0.75,cluster_phonetic,13
bed,761,0.75,cluster_phonetic,13
bed,761,0.75,cluster_phonetic,13
bed,761,0.75,cluster_phonetic,4
battalion,762,0.75,cluster_phonetic,4
million,762,0.75,cluster_phonetic,13
million,762,0.75,cluster_phonetic,13
million,762,0.75,cluster_phonetic,13
million,762,0.75,cluster_phonetic,13
million,762,0.75,cluster_phonetic,4
heal,763,0.75,cluster_phonetic,13
heal,763,0.75,cluster_phonetic,13
heal,763,0.75,cluster_phonetic,13
heal,763,0.75,cluster_phonetic,13
heal,763,0.75,cluster_phonetic,4
rote,764,0.75,cluster_phonetic,4
wrote,764,0.75,cluster_phonetic,13
wrote,764,0.75,cluster_phonetic,13
wrote,764,0.75,cluster_phonetic,13
wrote,764,0.75,cluster_phonetic,13
wrote,764,0.75,cluster_phonetic,4
blade,765,0.75,cluster_phonetic,13
blade,765,0.75,cluster_phonetic,13
blade,765,0.75,cluster_phonetic,13
blade,765,0.75,cluster_phonetic,13
blade,765,0.75,cluster_phonetic,4
glade,765,0.75,cluster_phonetic,4
lade,765,0.75,cluster_phonetic,4
slade,765,0.75,cluster_phonetic,4
myl,766,0.75,cluster_phonetic,13
myl,766,0.75,cluster_phonetic,12
myl,766,0.75,cluster_phonetic,12
myl,766,0.75,cluster_phonetic,12
myl,766,0.75,cluster_phonetic,12
bitty,767,0.75,cluster_phonetic,12
bitty,767,0.75,cluster_phonetic,12
bitty,767,0.75,cluster_phonetic,12
bitty,767,0.75,cluster_phonetic,12
bitty,767,0.75,cluster_phonetic,12
kitty,767,0.75,cluster_phonetic,5
kitty,767,0.75,cluster_phonetic,5
kitty,767,0.75,cluster_phonetic,5
kitty,767,0.75,cluster_phonetic,5
kitty,767,0.75,cluster_phonetic,5
dirty,768,0.75,cluster_phonetic,12
dirty,768,0.75,cluster_phonetic,12
dirty,768,0.75,cluster_phonetic,12
dirty,768,0.75,cluster_phonetic,12
dirty,768,0.75,cluster_phonetic,12
goody,769,0.75,cluster_phonetic,12
goody,769,0.75,cluster_phonetic,12
goody,769,0.75,cluster_phonetic,12
goody,769,0.75,cluster_phonetic,12
goody,769,0.75,cluster_phonetic,12
groceries,770,0.75,cluster_phonetic,12
groceries,770,0.75,cluster_phonetic,12
groceries,770,0.75,cluster_phonetic,12
groceries,770,0.75,cluster_phonetic,12
groceries,770,0.75,cluster_phonetic,12
jeep,771,0.75,cluster_phonetic,12
jeep,771,0.75,cluster_phonetic,12
jeep,771,0.75,cluster_phonetic,12
jeep,771,0.75,cluster_phonetic,12
jeep,771,0.75,cluster_phonetic,12
mercy,772,0.75,cluster_phonetic,12
mercy,772,0.75,cluster_phonetic,12
mercy,772,0.75,cluster_phonetic,12
mercy,772,0.75,cluster_phonetic,12
mercy,772,0.75,cluster_phonetic,12
percy,772,0.75,cluster_phonetic,4
percy,772,0.75,cluster_phonetic,4
percy,772,0.75,cluster_phonetic,4
percy,772,0.75,cluster_phonetic,4
percy,772,0.75,cluster_phonetic,4
mans,773,0.75,cluster_phonetic,12
mans,773,0.75,cluster_phonetic,12
mans,773,0.75,cluster_phonetic,12
mans,773,0.75,cluster_phonetic,12
mans,773,0.75,cluster_phonetic,12
doo,774,0.75,cluster_phonetic,12
doo,774,0.75,cluster_phonetic,12
doo,774,0.75,cluster_phonetic,12
doo,774,0.75,cluster_phonetic,12
doo,774,0.75,cluster_phonetic,12
fools,775,0.75,cluster_phonetic,12
fools,775,0.75,cluster_phonetic,12
fools,775,0.75,cluster_phonetic,12
fools,775,0.75,cluster_phonetic,12
fools,775,0.75,cluster_phonetic,12
gun,776,0.75,cluster_phonetic,12
gun,776,0.75,cluster_phonetic,12
gun,776,0.75,cluster_phonetic,12
gun,776,0.75,cluster_phonetic,12
gun,776,0.75,cluster_phonetic,12
pockets,777,0.75,cluster_phonetic,12
pockets,777,0.75,cluster_phonetic,12
pockets,777,0.75,cluster_phonetic,12
pockets,777,0.75,cluster_phonetic,12
pockets,777,0.75,cluster_phonetic,12
simba,778,0.75,cluster_phonetic,12
simba,778,0.75,cluster_phonetic,12
simba,778,0.75,cluster_phonetic,12
simba,778,0.75,cluster_phonetic,12
simba,778,0.75,cluster_phonetic,12
mingle,779,0.75,cluster_phonetic,4
single,779,0.75,cluster_phonetic,12
single,779,0.75,cluster_phonetic,12
single,779,0.75,cluster_phonetic,12
single,779,0.75,cluster_phonetic,12
single,779,0.75,cluster_phonetic,12
uhh,780,0.75,cluster_phonetic,12
uhh,780,0.75,cluster_phonetic,12
uhh,780,0.75,cluster_phonetic,12
uhh,780,0.75,cluster_phonetic,12
uhh,780,0.75,cluster_phonetic,12
cris,781,0.75,cluster_phonetic,12
cris,781,0.75,cluster_phonetic,12
cris,781,0.75,cluster_phonetic,12
cris,781,0.75,cluster_phonetic,12
cris,781,0.75,cluster_phonetic,12
abridge,782,0.75,cluster_phonetic,4
bridge,782,0.75,cluster_phonetic,6
bridge,782,0.75,cluster_phonetic,6
bridge,782,0.75,cluster_phonetic,6
bridge,782,0.75,cluster_phonetic,6
bridge,782,0.75,cluster_phonetic,4
fridge,782,0.75,cluster_phonetic,12
fridge,782,0.75,cluster_phonetic,12
fridge,782,0.75,cluster_phonetic,12
fridge,782,0.75,cluster_phonetic,12
fridge,782,0.75,cluster_phonetic,12
midge,782,0.75,cluster_phonetic,4
ridge,782,0.75,cluster_phonetic,4
music,783,0.75,cluster_phonetic,12
music,783,0.75,cluster_phonetic,12
music,783,0.75,cluster_phonetic,12
music,783,0.75,cluster_phonetic,12
music,783,0.75,cluster_phonetic,12
rented,784,0.75,cluster_phonetic,5
rented,784,0.75,cluster_phonetic,5
rented,784,0.75,cluster_phonetic,5
rented,784,0.75,cluster_phonetic,5
rented,784,0.75,cluster_phonetic,5
tinted,784,0.75,cluster_phonetic,4
tinted,784,0.75,cluster_phonetic,4
tinted,784,0.75,cluster_phonetic,4
tinted,784,0.75,cluster_phonetic,4
tinted,784,0.75,cluster_phonetic,4
wanted,784,0.75,cluster_phonetic,12
wanted,784,0.75,cluster_phonetic,12
wanted,784,0.75,cluster_phonetic,12
wanted,784,0.75,cluster_phonetic,12
wanted,784,0.75,cluster_phonetic,12
shout,785,0.75,cluster_phonetic,12
shout,785,0.75,cluster_phonetic,12
shout,785,0.75,cluster_phonetic,12
shout,785,0.75,cluster_phonetic,12
shout,785,0.75,cluster_phonetic,12
intro,786,0.75,cluster_phonetic,12
intro,786,0.75,cluster_phonetic,12
intro,786,0.75,cluster_phonetic,12
intro,786,0.75,cluster_phonetic,12
intro,786,0.75,cluster_phonetic,12
tokyo,787,0.75,cluster_phonetic,12
tokyo,787,0.75,cluster_phonetic,12
tokyo,787,0.75,cluster_phonetic,12
tokyo,787,0.75,cluster_phonetic,12
tokyo,787,0.75,cluster_phonetic,12
wo,788,0.75,cluster_phonetic,12
wo,788,0.75,cluster_phonetic,12
wo,788,0.75,cluster_phonetic,12
wo,788,0.75,cluster_phonetic,12
knife,789,0.75,cluster_phonetic,12
knife,789,0.75,cluster_phonetic,12
knife,789,0.75,cluster_phonetic,12
knife,789,0.75,cluster_phonetic,12
knife,789,0.75,cluster_phonetic,12
flames,790,0.75,cluster_phonetic,4
flames,790,0.75,cluster_phonetic,4
flames,790,0.75,cluster_phonetic,4
flames,790,0.75,cluster_phonetic,4
flames,790,0.75,cluster_phonetic,4
games,790,0.75,cluster_phonetic,12
games,790,0.75,cluster_phonetic,12
games,790,0.75,cluster_phonetic,12
games,790,0.75,cluster_phonetic,12
games,790,0.75,cluster_phonetic,12
james,790,0.75,cluster_phonetic,4
james,790,0.75,cluster_phonetic,4
james,790,0.75,cluster_phonetic,4
james,790,0.75,cluster_phonetic,4
james,790,0.75,cluster_phonetic,4
names,790,0.75,cluster_phonetic,5
names,790,0.75,cluster_phonetic,5
names,790,0.75,cluster_phonetic,5
names,790,0.75,cluster_phonetic,5
names,790,0.75,cluster_phonetic,5
lens,791,0.75,cluster_phonetic,12
lens,791,0.75,cluster_phonetic,12
lens,791,0.75,cluster_phonetic,12
lens,791,0.75,cluster_phonetic,12
lens,791,0.75,cluster_phonetic,12
's,792,0.75,cluster_phonetic,8
's,792,0.75,cluster_phonetic,8
's,792,0.75,cluster_phonetic,8
's,792,0.75,cluster_phonetic,8
s,792,0.75,cluster_phonetic,12
s,792,0.75,cluster_phonetic,12
s,792,0.75,cluster_phonetic,12
s,792,0.75,cluster_phonetic,12
clockwork,793,0.75,cluster_phonetic,12
clockwork,793,0.75,cluster_phonetic,12
clockwork,793,0.75,cluster_phonetic,12
clockwork,793,0.75,cluster_phonetic,12
clockwork,793,0.75,cluster_phonetic,12
firework,793,0.75,cluster_phonetic,4
footwork,793,0.75,cluster_phonetic,8
footwork,793,0.75,cluster_phonetic,8
footwork,793,0.75,cluster_phonetic,8
footwork,793,0.75,cluster_phonetic,8
footwork,793,0.75,cluster_phonetic,8
girls,794,0.75,cluster_phonetic,12
girls,794,0.75,cluster_phonetic,12
girls,794,0.75,cluster_phonetic,12
girls,794,0.75,cluster_phonetic,12
girls,794,0.75,cluster_phonetic,12
danger,795,0.75,cluster_phonetic,4
danger,795,0.75,cluster_phonetic,4
danger,795,0.75,cluster_phonetic,4
danger,795,0.75,cluster_phonetic,4
danger,795,0.75,cluster_phonetic,4
ginger,795,0.75,cluster_phonetic,4
harbinger,795,0.75,cluster_phonetic,4
hunger,795,0.75,cluster_phonetic,5
hunger,795,0.75,cluster_phonetic,5
hunger,795,0.75,cluster_phonetic,5
hunger,795,0.75,cluster_phonetic,5
hunger,795,0.75,cluster_phonetic,4
linger,795,0.75,cluster_phonetic,4
longer,795,0.75,cluster_phonetic,4
longer,795,0.75,cluster_phonetic,4
longer,795,0.75,cluster_phonetic,4
longer,795,0.75,cluster_phonetic,4
longer,795,0.75,cluster_phonetic,4
messenger,795,0.75,cluster_phonetic,4
passenger,795,0.75,cluster_phonetic,4
plunger,795,0.75,cluster_phonetic,4
scavenger,795,0.75,cluster_phonetic,4
singer,795,0.75,cluster_phonetic,4
stranger,795,0.75,cluster_phonetic,12
stranger,795,0.75,cluster_phonetic,12
stranger,795,0.75,cluster_phonetic,12
stranger,795,0.75,cluster_phonetic,12
stranger,795,0.75,cluster_phonetic,12
stronger,795,0.75,cluster_phonetic,12
stronger,795,0.75,cluster_phonetic,12
stronger,795,0.75,cluster_phonetic,12
stronger,795,0.75,cluster_phonetic,12
stronger,795,0.75,cluster_phonetic,12
c'mon,796,0.75,cluster_phonetic,12
c'mon,796,0.75,cluster_phonetic,12
c'mon,796,0.75,cluster_phonetic,12
c'mon,796,0.75,cluster_phonetic,12
c'mon,796,0.75,cluster_phonetic,12
squad,797,0.75,cluster_phonetic,12
squad,797,0.75,cluster_phonetic,12
squad,797,0.75,cluster_phonetic,12
squad,797,0.75,cluster_phonetic,12
squad,797,0.75,cluster_phonetic,12
afya,798,0.75,cluster_phonetic,12
afya,798,0.75,cluster_phonetic,12
afya,798,0.75,cluster_phonetic,12
afya,798,0.75,cluster_phonetic,12
afya,798,0.75,cluster_phonetic,12
nilikataa,799,0.75,cluster_phonetic,12
nilikataa,799,0.75,cluster_phonetic,12
nilikataa,799,0.75,cluster_phonetic,12
nilikataa,799,0.75,cluster_phonetic,12
nilikataa,799,0.75,cluster_phonetic,12
huu,800,0.75,cluster_phonetic,12
huu,800,0.75,cluster_phonetic,12
huu,800,0.75,cluster_phonetic,12
huu,800,0.75,cluster_phonetic,12
huu,800,0.75,cluster_phonetic,12
saasholes,801,0.75,cluster_phonetic,12
saasholes,801,0.75,cluster_phonetic,12
saasholes,801,0.75,cluster_phonetic,12
saasholes,801,0.75,cluster_phonetic,12
saasholes,801,0.75,cluster_phonetic,12
xp,802,0.75,cluster_phonetic,12
xp,802,0.75,cluster_phonetic,12
xp,802,0.75,cluster_phonetic,12
xp,802,0.75,cluster_phonetic,12
glizzy,803,0.75,cluster_phonetic,12
glizzy,803,0.75,cluster_phonetic,12
glizzy,803,0.75,cluster_phonetic,12
glizzy,803,0.75,cluster_phonetic,12
glizzy,803,0.75,cluster_phonetic,12
unh,804,0.75,cluster_phonetic,12
unh,804,0.75,cluster_phonetic,12
unh,804,0.75,cluster_phonetic,12
unh,804,0.75,cluster_phonetic,12
unh,804,0.75,cluster_phonetic,12
geeker,805,0.75,cluster_phonetic,12
geeker,805,0.75,cluster_phonetic,12
geeker,805,0.75,cluster_phonetic,12
geeker,805,0.75,cluster_phonetic,12
geeker,805,0.75,cluster_phonetic,12
noc,806,0.75,cluster_phonetic,12
noc,806,0.75,cluster_phonetic,12
noc,806,0.75,cluster_phonetic,12
noc,806,0.75,cluster_phonetic,12
noc,806,0.75,cluster_phonetic,12
alo,807,0.75,cluster_phonetic,12
alo,807,0.75,cluster_phonetic,12
alo,807,0.75,cluster_phonetic,12
alo,807,0.75,cluster_phonetic,12
alo,807,0.75,cluster_phonetic,12
gemi,808,0.75,cluster_phonetic,12
gemi,808,0.75,cluster_phonetic,12
gemi,808,0.75,cluster_phonetic,12
gemi,808,0.75,cluster_phonetic,12
gemi,808,0.75,cluster_phonetic,12
jaano,809,0.75,cluster_phonetic,12
jaano,809,0.75,cluster_phonetic,12
jaano,809,0.75,cluster_phonetic,12
jaano,809,0.75,cluster_phonetic,12
jaano,809,0.75,cluster_phonetic,12
sonto,810,0.75,cluster_phonetic,12
sonto,810,0.75,cluster_phonetic,12
sonto,810,0.75,cluster_phonetic,12
sonto,810,0.75,cluster_phonetic,12
sonto,810,0.75,cluster_phonetic,12
gwuap,811,0.75,cluster_phonetic,12
gwuap,811,0.75,cluster_phonetic,12
gwuap,811,0.75,cluster_phonetic,12
gwuap,811,0.75,cluster_phonetic,12
gwuap,811,0.75,cluster_phonetic,12
bruh,812,0.75,cluster_phonetic,12
bruh,812,0.75,cluster_phonetic,12
bruh,812,0.75,cluster_phonetic,12
bruh,812,0.75,cluster_phonetic,12
bruh,812,0.75,cluster_phonetic,12
nhi,813,0.75,cluster_phonetic,12
nhi,813,0.75,cluster_phonetic,12
nhi,813,0.75,cluster_phonetic,12
nhi,813,0.75,cluster_phonetic,12
nhi,813,0.75,cluster_phonetic,12
nimi,814,0.75,cluster_phonetic,12
nimi,814,0.75,cluster_phonetic,12
nimi,814,0.75,cluster_phonetic,12
nimi,814,0.75,cluster_phonetic,12
nimi,814,0.75,cluster_phonetic,12
class,815,0.75,cluster_phonetic,12
class,815,0.75,cluster_phonetic,12
class,815,0.75,cluster_phonetic,12
class,815,0.75,cluster_phonetic,12
class,815,0.75,cluster_phonetic,4
glass,815,0.75,cluster_phonetic,9
glass,815,0.75,cluster_phonetic,9
glass,815,0.75,cluster_phonetic,9
glass,815,0.75,cluster_phonetic,9
glass,815,0.75,cluster_phonetic,9
lass,815,0.75,cluster_phonetic,4
lass,815,0.75,cluster_phonetic,4
make,816,0.75,cluster_phonetic,12
make,816,0.75,cluster_phonetic,12
make,816,0.75,cluster_phonetic,12
make,816,0.75,cluster_phonetic,12
make,816,0.75,cluster_phonetic,4
solo,817,0.75,cluster_phonetic,12
solo,817,0.75,cluster_phonetic,12
solo,817,0.75,cluster_phonetic,12
solo,817,0.75,cluster_phonetic,12
solo,817,0.75,cluster_phonetic,4
chair,818,0.75,cluster_phonetic,4
hair,818,0.75,cluster_phonetic,12
hair,818,0.75,cluster_phonetic,12
hair,818,0.75,cluster_phonetic,12
hair,818,0.75,cluster_phonetic,12
hair,818,0.75,cluster_phonetic,4
pass,819,0.75,cluster_phonetic,12
pass,819,0.75,cluster_phonetic,12
pass,819,0.75,cluster_phonetic,12
pass,819,0.75,cluster_phonetic,12
pass,819,0.75,cluster_phonetic,4
repass,819,0.75,cluster_phonetic,4
surpass,819,0.75,cluster_phonetic,4
deed,820,0.75,cluster_phonetic,4
indeed,820,0.75,cluster_phonetic,12
indeed,820,0.75,cluster_phonetic,12
indeed,820,0.75,cluster_phonetic,12
indeed,820,0.75,cluster_phonetic,12
indeed,820,0.75,cluster_phonetic,4
arrive,821,0.75,cluster_phonetic,4
contrive,821,0.75,cluster_phonetic,4
deprive,821,0.75,cluster_phonetic,4
derive,821,0.75,cluster_phonetic,4
drive,821,0.75,cluster_phonetic,12
drive,821,0.75,cluster_phonetic,12
drive,821,0.75,cluster_phonetic,12
drive,821,0.75,cluster_phonetic,12
drive,821,0.75,cluster_phonetic,4
strive,821,0.75,cluster_phonetic,4
thrive,821,0.75,cluster_phonetic,4
thrive,821,0.75,cluster_phonetic,4
decide,822,0.75,cluster_phonetic,12
decide,822,0.75,cluster_phonetic,12
decide,822,0.75,cluster_phonetic,12
decide,822,0.75,cluster_phonetic,12
decide,822,0.75,cluster_phonetic,4
fan,823,0.75,cluster_phonetic,12
fan,823,0.75,cluster_phonetic,12
fan,823,0.75,cluster_phonetic,12
fan,823,0.75,cluster_phonetic,12
fan,823,0.75,cluster_phonetic,4
message,824,0.75,cluster_phonetic,12
message,824,0.75,cluster_phonetic,12
message,824,0.75,cluster_phonetic,12
message,824,0.75,cluster_phonetic,12
message,824,0.75,cluster_phonetic,4
passage,824,0.75,cluster_phonetic,4
passage,824,0.75,cluster_phonetic,4
sausage,824,0.75,cluster_phonetic,4
loyal,825,0.75,cluster_phonetic,12
loyal,825,0.75,cluster_phonetic,12
loyal,825,0.75,cluster_phonetic,12
loyal,825,0.75,cluster_phonetic,12
loyal,825,0.75,cluster_phonetic,4
royal,825,0.75,cluster_phonetic,4
booth,826,0.75,cluster_phonetic,12
booth,826,0.75,cluster_phonetic,12
booth,826,0.75,cluster_phonetic,12
booth,826,0.75,cluster_phonetic,12
booth,826,0.75,cluster_phonetic,4
tooth,826,0.75,cluster_phonetic,4
blind,827,0.75,cluster_phonetic,12
blind,827,0.75,cluster_phonetic,12
blind,827,0.75,cluster_phonetic,12
blind,827,0.75,cluster_phonetic,12
blind,827,0.75,cluster_phonetic,4
aught,828,0.75,cluster_phonetic,4
bought,828,0.75,cluster_phonetic,4
bought,828,0.75,cluster_phonetic,4
brought,828,0.75,cluster_phonetic,4
caught,828,0.75,cluster_phonetic,8
caught,828,0.75,cluster_phonetic,8
caught,828,0.75,cluster_phonetic,8
caught,828,0.75,cluster_phonetic,8
caught,828,0.75,cluster_phonetic,4
fought,828,0.75,cluster_phonetic,4
fraught,828,0.75,cluster_phonetic,4
methought,828,0.75,cluster_phonetic,4
naught,828,0.75,cluster_phonetic,4
ought,828,0.75,cluster_phonetic,4
sought,828,0.75,cluster_phonetic,4
sought,828,0.75,cluster_phonetic,4
taught,828,0.75,cluster_phonetic,4
thought,828,0.75,cluster_phonetic,12
thought,828,0.75,cluster_phonetic,12
thought,828,0.75,cluster_phonetic,12
thought,828,0.75,cluster_phonetic,12
thought,828,0.75,cluster_phonetic,4
wrought,828,0.75,cluster_phonetic,4
wrought,828,0.75,cluster_phonetic,4
dethrone,829,0.75,cluster_phonetic,4
drone,829,0.75,cluster_phonetic,4
prone,829,0.75,cluster_phonetic,4
throne,829,0.75,cluster_phonetic,12
throne,829,0.75,cluster_phonetic,12
throne,829,0.75,cluster_phonetic,12
throne,829,0.75,cluster_phonetic,12
throne,829,0.75,cluster_phonetic,4
brank,830,0.75,cluster_phonetic,4
crank,830,0.75,cluster_phonetic,4
drank,830,0.75,cluster_phonetic,12
drank,830,0.75,cluster_phonetic,12
drank,830,0.75,cluster_phonetic,12
drank,830,0.75,cluster_phonetic,12
drank,830,0.75,cluster_phonetic,4
frank,830,0.75,cluster_phonetic,4
prank,830,0.75,cluster_phonetic,4
rank,830,0.75,cluster_phonetic,4
hurt,831,0.75,cluster_phonetic,12
hurt,831,0.75,cluster_phonetic,12
hurt,831,0.75,cluster_phonetic,12
hurt,831,0.75,cluster_phonetic,12
hurt,831,0.75,cluster_phonetic,4
belligerent,832,0.75,cluster_phonetic,4
concurrent,832,0.75,cluster_phonetic,4
different,832,0.75,cluster_phonetic,12
different,832,0.75,cluster_phonetic,12
different,832,0.75,cluster_phonetic,12
different,832,0.75,cluster_phonetic,12
different,832,0.75,cluster_phonetic,4
indifferent,832,0.75,cluster_phonetic,4
irreverent,832,0.75,cluster_phonetic,4
laurent,832,0.75,cluster_phonetic,9
laurent,832,0.75,cluster_phonetic,9
laurent,832,0.75,cluster_phonetic,9
laurent,832,0.75,cluster_phonetic,9
laurent,832,0.75,cluster_phonetic,9
reverent,832,0.75,cluster_phonetic,4
torrent,832,0.75,cluster_phonetic,4
chat,833,0.75,cluster_phonetic,12
chat,833,0.75,cluster_phonetic,12
chat,833,0.75,cluster_phonetic,12
chat,833,0.75,cluster_phonetic,12
chat,833,0.75,cluster_phonetic,4
mall,834,0.75,cluster_phonetic,12
mall,834,0.75,cluster_phonetic,12
mall,834,0.75,cluster_phonetic,12
mall,834,0.75,cluster_phonetic,12
mall,834,0.75,cluster_phonetic,4
small,834,0.75,cluster_phonetic,4
small,834,0.75,cluster_phonetic,4
entwine,835,0.75,cluster_phonetic,4
twine,835,0.75,cluster_phonetic,4
wine,835,0.75,cluster_phonetic,12
wine,835,0.75,cluster_phonetic,12
wine,835,0.75,cluster_phonetic,12
wine,835,0.75,cluster_phonetic,12
wine,835,0.75,cluster_phonetic,4
lovely,836,0.75,cluster_phonetic,12
lovely,836,0.75,cluster_phonetic,12
lovely,836,0.75,cluster_phonetic,12
lovely,836,0.75,cluster_phonetic,12
lovely,836,0.75,cluster_phonetic,4
teeth,837,0.75,cluster_phonetic,12
teeth,837,0.75,cluster_phonetic,12
teeth,837,0.75,cluster_phonetic,12
teeth,837,0.75,cluster_phonetic,12
teeth,837,0.75,cluster_phonetic,4
lullaby,838,0.75,cluster_phonetic,12
lullaby,838,0.75,cluster_phonetic,12
lullaby,838,0.75,cluster_phonetic,12
lullaby,838,0.75,cluster_phonetic,12
lullaby,838,0.75,cluster_phonetic,4
sto,839,0.75,cluster_phonetic,12
sto,839,0.75,cluster_phonetic,5
sto,839,0.75,cluster_phonetic,5
sto,839,0.75,cluster_phonetic,5
sto,839,0.75,cluster_phonetic,5
sto',839,0.75,cluster_phonetic,7
sto',839,0.75,cluster_phonetic,7
sto',839,0.75,cluster_phonetic,7
sto',839,0.75,cluster_phonetic,7
fifty,840,0.75,cluster_phonetic,11
fifty,840,0.75,cluster_phonetic,11
fifty,840,0.75,cluster_phonetic,11
fifty,840,0.75,cluster_phonetic,11
fifty,840,0.75,cluster_phonetic,11
knees,841,0.75,cluster_phonetic,11
knees,841,0.75,cluster_phonetic,11
knees,841,0.75,cluster_phonetic,11
knees,841,0.75,cluster_phonetic,11
knees,841,0.75,cluster_phonetic,11
lazy,842,0.75,cluster_phonetic,11
lazy,842,0.75,cluster_phonetic,11
lazy,842,0.75,cluster_phonetic,11
lazy,842,0.75,cluster_phonetic,11
lazy,842,0.75,cluster_phonetic,11
maybe,843,0.75,cluster_phonetic,11
maybe,843,0.75,cluster_phonetic,11
maybe,843,0.75,cluster_phonetic,11
maybe,843,0.75,cluster_phonetic,11
maybe,843,0.75,cluster_phonetic,11
dad,844,0.75,cluster_phonetic,11
dad,844,0.75,cluster_phonetic,11
dad,844,0.75,cluster_phonetic,11
dad,844,0.75,cluster_phonetic,11
dad,844,0.75,cluster_phonetic,11
gas,845,0.75,cluster_phonetic,11
gas,845,0.75,cluster_phonetic,11
gas,845,0.75,cluster_phonetic,11
gas,845,0.75,cluster_phonetic,11
gas,845,0.75,cluster_phonetic,11
issue,846,0.75,cluster_phonetic,11
issue,846,0.75,cluster_phonetic,11
issue,846,0.75,cluster_phonetic,11
issue,846,0.75,cluster_phonetic,11
issue,846,0.75,cluster_phonetic,11
diamonds,847,0.75,cluster_phonetic,11
diamonds,847,0.75,cluster_phonetic,11
diamonds,847,0.75,cluster_phonetic,11
diamonds,847,0.75,cluster_phonetic,11
diamonds,847,0.75,cluster_phonetic,11
blasphemous,848,0.75,cluster_phonetic,4
famous,848,0.75,cluster_phonetic,11
famous,848,0.75,cluster_phonetic,11
famous,848,0.75,cluster_phonetic,11
famous,848,0.75,cluster_phonetic,11
famous,848,0.75,cluster_phonetic,11
infamous,848,0.75,cluster_phonetic,4
magnanimous,848,0.75,cluster_phonetic,4
unanimous,848,0.75,cluster_phonetic,4
venomous,848,0.75,cluster_phonetic,4
venomous,848,0.75,cluster_phonetic,4
gonna,849,0.75,cluster_phonetic,11
gonna,849,0.75,cluster_phonetic,11
gonna,849,0.75,cluster_phonetic,11
gonna,849,0.75,cluster_phonetic,11
gonna,849,0.75,cluster_phonetic,11
madonna,849,0.75,cluster_phonetic,4
happen,850,0.75,cluster_phonetic,11
happen,850,0.75,cluster_phonetic,11
happen,850,0.75,cluster_phonetic,11
happen,850,0.75,cluster_phonetic,11
happen,850,0.75,cluster_phonetic,11
hundreds,851,0.75,cluster_phonetic,11
hundreds,851,0.75,cluster_phonetic,11
hundreds,851,0.75,cluster_phonetic,11
hundreds,851,0.75,cluster_phonetic,11
hundreds,851,0.75,cluster_phonetic,11
comma,852,0.75,cluster_phonetic,4
momma,852,0.75,cluster_phonetic,11
momma,852,0.75,cluster_phonetic,11
momma,852,0.75,cluster_phonetic,11
momma,852,0.75,cluster_phonetic,11
momma,852,0.75,cluster_phonetic,11
hideous,853,0.75,cluster_phonetic,4
nauseous,853,0.75,cluster_phonetic,11
nauseous,853,0.75,cluster_phonetic,11
nauseous,853,0.75,cluster_phonetic,11
nauseous,853,0.75,cluster_phonetic,11
nauseous,853,0.75,cluster_phonetic,11
righteous,853,0.75,cluster_phonetic,4
trouble,854,0.75,cluster_phonetic,11
trouble,854,0.75,cluster_phonetic,11
trouble,854,0.75,cluster_phonetic,11
trouble,854,0.75,cluster_phonetic,11
trouble,854,0.75,cluster_phonetic,11
omen,855,0.75,cluster_phonetic,4
women,855,0.75,cluster_phonetic,11
women,855,0.75,cluster_phonetic,11
women,855,0.75,cluster_phonetic,11
women,855,0.75,cluster_phonetic,11
women,855,0.75,cluster_phonetic,11
louis,856,0.75,cluster_phonetic,11
louis,856,0.75,cluster_phonetic,11
louis,856,0.75,cluster_phonetic,11
louis,856,0.75,cluster_phonetic,11
louis,856,0.75,cluster_phonetic,11
nothin,857,0.75,cluster_phonetic,11
nothin',857,0.75,cluster_phonetic,11
nothin',857,0.75,cluster_phonetic,11
nothin',857,0.75,cluster_phonetic,11
nothin',857,0.75,cluster_phonetic,11
somethin',857,0.75,cluster_phonetic,10
somethin',857,0.75,cluster_phonetic,10
somethin',857,0.75,cluster_phonetic,10
somethin',857,0.75,cluster_phonetic,10
crying,858,0.75,cluster_phonetic,5
crying,858,0.75,cluster_phonetic,5
crying,858,0.75,cluster_phonetic,5
crying,858,0.75,cluster_phonetic,5
crying,858,0.75,cluster_phonetic,5
dying,858,0.75,cluster_phonetic,10
dying,858,0.75,cluster_phonetic,10
dying,858,0.75,cluster_phonetic,10
dying,858,0.75,cluster_phonetic,10
dying,858,0.75,cluster_phonetic,10
intensifying,858,0.75,cluster_phonetic,4
lying,858,0.75,cluster_phonetic,8
lying,858,0.75,cluster_phonetic,8
lying,858,0.75,cluster_phonetic,8
lying,858,0.75,cluster_phonetic,8
lying,858,0.75,cluster_phonetic,8
playing,858,0.75,cluster_phonetic,4
playing,858,0.75,cluster_phonetic,4
playing,858,0.75,cluster_phonetic,4
playing,858,0.75,cluster_phonetic,4
playing,858,0.75,cluster_phonetic,4
saying,858,0.75,cluster_phonetic,11
saying,858,0.75,cluster_phonetic,11
saying,858,0.75,cluster_phonetic,11
saying,858,0.75,cluster_phonetic,11
saying,858,0.75,cluster_phonetic,11
trying,858,0.75,cluster_phonetic,4
trying,858,0.75,cluster_phonetic,4
trying,858,0.75,cluster_phonetic,4
trying,858,0.75,cluster_phonetic,4
trying,858,0.75,cluster_phonetic,4
rusted,859,0.75,cluster_phonetic,4
twisted,859,0.75,cluster_phonetic,7
twisted,859,0.75,cluster_phonetic,7
twisted,859,0.75,cluster_phonetic,7
twisted,859,0.75,cluster_phonetic,7
twisted,859,0.75,cluster_phonetic,7
wasted,859,0.75,cluster_phonetic,11
wasted,859,0.75,cluster_phonetic,11
wasted,859,0.75,cluster_phonetic,11
wasted,859,0.75,cluster_phonetic,11
wasted,859,0.75,cluster_phonetic,11
joke,860,0.75,cluster_phonetic,11
joke,860,0.75,cluster_phonetic,11
joke,860,0.75,cluster_phonetic,11
joke,860,0.75,cluster_phonetic,11
joke,860,0.75,cluster_phonetic,11
ko,861,0.75,cluster_phonetic,11
ko,861,0.75,cluster_phonetic,11
ko,861,0.75,cluster_phonetic,11
ko,861,0.75,cluster_phonetic,11
payroll,862,0.75,cluster_phonetic,11
payroll,862,0.75,cluster_phonetic,11
payroll,862,0.75,cluster_phonetic,11
payroll,862,0.75,cluster_phonetic,11
payroll,862,0.75,cluster_phonetic,11
psycho,863,0.75,cluster_phonetic,11
psycho,863,0.75,cluster_phonetic,11
psycho,863,0.75,cluster_phonetic,11
psycho,863,0.75,cluster_phonetic,11
psycho,863,0.75,cluster_phonetic,11
shows,864,0.75,cluster_phonetic,11
shows,864,0.75,cluster_phonetic,11
shows,864,0.75,cluster_phonetic,11
shows,864,0.75,cluster_phonetic,11
shows,864,0.75,cluster_phonetic,11
tomorrow,865,0.75,cluster_phonetic,11
tomorrow,865,0.75,cluster_phonetic,11
tomorrow,865,0.75,cluster_phonetic,11
tomorrow,865,0.75,cluster_phonetic,11
tomorrow,865,0.75,cluster_phonetic,11
paradise,866,0.75,cluster_phonetic,11
paradise,866,0.75,cluster_phonetic,11
paradise,866,0.75,cluster_phonetic,11
paradise,866,0.75,cluster_phonetic,11
paradise,866,0.75,cluster_phonetic,11
ashamed,867,0.75,cluster_phonetic,11
ashamed,867,0.75,cluster_phonetic,11
ashamed,867,0.75,cluster_phonetic,11
ashamed,867,0.75,cluster_phonetic,11
ashamed,867,0.75,cluster_phonetic,11
cafe,868,0.75,cluster_phonetic,11
cafe,868,0.75,cluster_phonetic,11
cafe,868,0.75,cluster_phonetic,11
cafe,868,0.75,cluster_phonetic,11
cafe,868,0.75,cluster_phonetic,11
changed,869,0.75,cluster_phonetic,11
changed,869,0.75,cluster_phonetic,11
changed,869,0.75,cluster_phonetic,11
changed,869,0.75,cluster_phonetic,11
changed,869,0.75,cluster_phonetic,11
kobe,870,0.75,cluster_phonetic,11
kobe,870,0.75,cluster_phonetic,11
kobe,870,0.75,cluster_phonetic,11
kobe,870,0.75,cluster_phonetic,11
kobe,870,0.75,cluster_phonetic,11
next,871,0.75,cluster_phonetic,11
next,871,0.75,cluster_phonetic,11
next,871,0.75,cluster_phonetic,11
next,871,0.75,cluster_phonetic,11
next,871,0.75,cluster_phonetic,11
beater,872,0.75,cluster_phonetic,4
beater,872,0.75,cluster_phonetic,4
beater,872,0.75,cluster_phonetic,4
beater,872,0.75,cluster_phonetic,4
beater,872,0.75,cluster_phonetic,4
hater,872,0.75,cluster_phonetic,4
hater,872,0.75,cluster_phonetic,4
hater,872,0.75,cluster_phonetic,4
hater,872,0.75,cluster_phonetic,4
hater,872,0.75,cluster_phonetic,4
later,872,0.75,cluster_phonetic,11
later,872,0.75,cluster_phonetic,11
later,872,0.75,cluster_phonetic,11
later,872,0.75,cluster_phonetic,11
later,872,0.75,cluster_phonetic,11
sweater,872,0.75,cluster_phonetic,5
sweater,872,0.75,cluster_phonetic,5
sweater,872,0.75,cluster_phonetic,5
sweater,872,0.75,cluster_phonetic,5
sweater,872,0.75,cluster_phonetic,5
water,872,0.75,cluster_phonetic,7
water,872,0.75,cluster_phonetic,7
water,872,0.75,cluster_phonetic,7
water,872,0.75,cluster_phonetic,7
water,872,0.75,cluster_phonetic,7
liquor,873,0.75,cluster_phonetic,11
liquor,873,0.75,cluster_phonetic,11
liquor,873,0.75,cluster_phonetic,11
liquor,873,0.75,cluster_phonetic,11
liquor,873,0.75,cluster_phonetic,11
caper,874,0.75,cluster_phonetic,4
paper,874,0.75,cluster_phonetic,11
paper,874,0.75,cluster_phonetic,11
paper,874,0.75,cluster_phonetic,11
paper,874,0.75,cluster_phonetic,11
paper,874,0.75,cluster_phonetic,11
word,875,0.75,cluster_phonetic,11
word,875,0.75,cluster_phonetic,11
word,875,0.75,cluster_phonetic,11
word,875,0.75,cluster_phonetic,11
word,875,0.75,cluster_phonetic,11
la,876,0.75,cluster_phonetic,11
la,876,0.75,cluster_phonetic,11
la,876,0.75,cluster_phonetic,11
la,876,0.75,cluster_phonetic,11
walmart,877,0.75,cluster_phonetic,11
walmart,877,0.75,cluster_phonetic,11
walmart,877,0.75,cluster_phonetic,11
walmart,877,0.75,cluster_phonetic,11
walmart,877,0.75,cluster_phonetic,11
kong,878,0.75,cluster_phonetic,11
kong,878,0.75,cluster_phonetic,11
kong,878,0.75,cluster_phonetic,11
kong,878,0.75,cluster_phonetic,11
kong,878,0.75,cluster_phonetic,11
guap,879,0.75,cluster_phonetic,11
guap,879,0.75,cluster_phonetic,11
guap,879,0.75,cluster_phonetic,11
guap,879,0.75,cluster_phonetic,11
guap,879,0.75,cluster_phonetic,11
yeahaaaa,880,0.75,cluster_phonetic,11
yeahaaaa,880,0.75,cluster_phonetic,11
yeahaaaa,880,0.75,cluster_phonetic,11
yeahaaaa,880,0.75,cluster_phonetic,11
yeahaaaa,880,0.75,cluster_phonetic,11
bros,881,0.75,cluster_phonetic,11
bros,881,0.75,cluster_phonetic,11
bros,881,0.75,cluster_phonetic,11
bros,881,0.75,cluster_phonetic,11
bros,881,0.75,cluster_phonetic,11
fotto,882,0.75,cluster_phonetic,11
fotto,882,0.75,cluster_phonetic,11
fotto,882,0.75,cluster_phonetic,11
fotto,882,0.75,cluster_phonetic,11
fotto,882,0.75,cluster_phonetic,11
finessin,883,0.75,cluster_phonetic,11
finessin',883,0.75,cluster_phonetic,11
finessin',883,0.75,cluster_phonetic,11
finessin',883,0.75,cluster_phonetic,11
finessin',883,0.75,cluster_phonetic,11
missin,883,0.75,cluster_phonetic,9
missin',883,0.75,cluster_phonetic,9
missin',883,0.75,cluster_phonetic,9
missin',883,0.75,cluster_phonetic,9
missin',883,0.75,cluster_phonetic,9
tossin,883,0.75,cluster_phonetic,4
tossin',883,0.75,cluster_phonetic,4
tossin',883,0.75,cluster_phonetic,4
tossin',883,0.75,cluster_phonetic,4
tossin',883,0.75,cluster_phonetic,4
crust,884,0.75,cluster_phonetic,4
crust,884,0.75,cluster_phonetic,4
distrust,884,0.75,cluster_phonetic,4
mistrust,884,0.75,cluster_phonetic,4
rust,884,0.75,cluster_phonetic,4
rust,884,0.75,cluster_phonetic,4
thrust,884,0.75,cluster_phonetic,4
trust,884,0.75,cluster_phonetic,11
trust,884,0.75,cluster_phonetic,11
trust,884,0.75,cluster_phonetic,11
trust,884,0.75,cluster_phonetic,11
trust,884,0.75,cluster_phonetic,4
install,885,0.75,cluster_phonetic,4
stall,885,0.75,cluster_phonetic,4
stall,885,0.75,cluster_phonetic,4
tall,885,0.75,cluster_phonetic,11
tall,885,0.75,cluster_phonetic,11
tall,885,0.75,cluster_phonetic,11
tall,885,0.75,cluster_phonetic,11
tall,885,0.75,cluster_phonetic,4
best,886,0.75,cluster_phonetic,11
best,886,0.75,cluster_phonetic,11
best,886,0.75,cluster_phonetic,11
best,886,0.75,cluster_phonetic,11
best,886,0.75,cluster_phonetic,4
rhyme,887,0.75,cluster_phonetic,11
rhyme,887,0.75,cluster_phonetic,11
rhyme,887,0.75,cluster_phonetic,11
rhyme,887,0.75,cluster_phonetic,11
rhyme,887,0.75,cluster_phonetic,4
thyme,887,0.75,cluster_phonetic,4
thyme,887,0.75,cluster_phonetic,4
hope,888,0.75,cluster_phonetic,11
hope,888,0.75,cluster_phonetic,11
hope,888,0.75,cluster_phonetic,11
hope,888,0.75,cluster_phonetic,11
hope,888,0.75,cluster_phonetic,4
keep,889,0.75,cluster_phonetic,11
keep,889,0.75,cluster_phonetic,11
keep,889,0.75,cluster_phonetic,11
keep,889,0.75,cluster_phonetic,11
keep,889,0.75,cluster_phonetic,4
cheat,890,0.75,cluster_phonetic,4
heat,890,0.75,cluster_phonetic,11
heat,890,0.75,cluster_phonetic,11
heat,890,0.75,cluster_phonetic,11
heat,890,0.75,cluster_phonetic,11
heat,890,0.75,cluster_phonetic,4
wheat,890,0.75,cluster_phonetic,4
sink,891,0.75,cluster_phonetic,11
sink,891,0.75,cluster_phonetic,11
sink,891,0.75,cluster_phonetic,11
sink,891,0.75,cluster_phonetic,11
sink,891,0.75,cluster_phonetic,4
photo,892,0.75,cluster_phonetic,11
photo,892,0.75,cluster_phonetic,11
photo,892,0.75,cluster_phonetic,11
photo,892,0.75,cluster_phonetic,11
photo,892,0.75,cluster_phonetic,4
apart,893,0.75,cluster_phonetic,10
apart,893,0.75,cluster_phonetic,10
apart,893,0.75,cluster_phonetic,10
apart,893,0.75,cluster_phonetic,10
apart,893,0.75,cluster_phonetic,4
depart,893,0.75,cluster_phonetic,4
impart,893,0.75,cluster_phonetic,4
part,893,0.75,cluster_phonetic,11
part,893,0.75,cluster_phonetic,11
part,893,0.75,cluster_phonetic,11
part,893,0.75,cluster_phonetic,11
part,893,0.75,cluster_phonetic,4
breeze,894,0.75,cluster_phonetic,4
freeze,894,0.75,cluster_phonetic,4
freeze,894,0.75,cluster_phonetic,4
freeze,894,0.75,cluster_phonetic,4
freeze,894,0.75,cluster_phonetic,4
freeze,894,0.75,cluster_phonetic,4
sneeze,894,0.75,cluster_phonetic,4
squeeze,894,0.75,cluster_phonetic,11
squeeze,894,0.75,cluster_phonetic,11
squeeze,894,0.75,cluster_phonetic,11
squeeze,894,0.75,cluster_phonetic,11
squeeze,894,0.75,cluster_phonetic,4
wheeze,894,0.75,cluster_phonetic,4
rebel,895,0.75,cluster_phonetic,11
rebel,895,0.75,cluster_phonetic,11
rebel,895,0.75,cluster_phonetic,11
rebel,895,0.75,cluster_phonetic,11
rebel,895,0.75,cluster_phonetic,4
weak,896,0.75,cluster_phonetic,11
weak,896,0.75,cluster_phonetic,11
weak,896,0.75,cluster_phonetic,11
weak,896,0.75,cluster_phonetic,11
weak,896,0.75,cluster_phonetic,4
snake,897,0.75,cluster_phonetic,11
snake,897,0.75,cluster_phonetic,11
snake,897,0.75,cluster_phonetic,11
snake,897,0.75,cluster_phonetic,11
snake,897,0.75,cluster_phonetic,4
corse,898,0.75,cluster_phonetic,4
endorse,898,0.75,cluster_phonetic,4
horse,898,0.75,cluster_phonetic,11
horse,898,0.75,cluster_phonetic,11
horse,898,0.75,cluster_phonetic,11
horse,898,0.75,cluster_phonetic,11
horse,898,0.75,cluster_phonetic,4
morse,898,0.75,cluster_phonetic,4
remorse,898,0.75,cluster_phonetic,4
dash,899,0.75,cluster_phonetic,11
dash,899,0.75,cluster_phonetic,11
dash,899,0.75,cluster_phonetic,11
dash,899,0.75,cluster_phonetic,11
dash,899,0.75,cluster_phonetic,4
pipe,900,0.75,cluster_phonetic,11
pipe,900,0.75,cluster_phonetic,11
pipe,900,0.75,cluster_phonetic,11
pipe,900,0.75,cluster_phonetic,11
pipe,900,0.75,cluster_phonetic,4
bespeak,901,0.75,cluster_phonetic,4
peak,901,0.75,cluster_phonetic,7
peak,901,0.75,cluster_phonetic,7
peak,901,0.75,cluster_phonetic,7
peak,901,0.75,cluster_phonetic,7
peak,901,0.75,cluster_phonetic,4
speak,901,0.75,cluster_phonetic,11
speak,901,0.75,cluster_phonetic,11
speak,901,0.75,cluster_phonetic,11
speak,901,0.75,cluster_phonetic,11
speak,901,0.75,cluster_phonetic,4
road,902,0.75,cluster_phonetic,11
road,902,0.75,cluster_phonetic,11
road,902,0.75,cluster_phonetic,11
road,902,0.75,cluster_phonetic,11
road,902,0.75,cluster_phonetic,4
domain,903,0.75,cluster_phonetic,4
domain,903,0.75,cluster_phonetic,4
main,903,0.75,cluster_phonetic,11
main,903,0.75,cluster_phonetic,11
main,903,0.75,cluster_phonetic,11
main,903,0.75,cluster_phonetic,11
main,903,0.75,cluster_phonetic,4
remain,903,0.75,cluster_phonetic,4
thru,904,0.75,cluster_phonetic,11
thru,904,0.75,cluster_phonetic,10
thru,904,0.75,cluster_phonetic,10
thru,904,0.75,cluster_phonetic,10
thru,904,0.75,cluster_phonetic,10
beats,905,0.75,cluster_phonetic,10
beats,905,0.75,cluster_phonetic,10
beats,905,0.75,cluster_phonetic,10
beats,905,0.75,cluster_phonetic,10
beats,905,0.75,cluster_phonetic,10
daisy,906,0.75,cluster_phonetic,10
daisy,906,0.75,cluster_phonetic,10
daisy,906,0.75,cluster_phonetic,10
daisy,906,0.75,cluster_phonetic,10
daisy,906,0.75,cluster_phonetic,10
fendi,907,0.75,cluster_phonetic,10
fendi,907,0.75,cluster_phonetic,10
fendi,907,0.75,cluster_phonetic,10
fendi,907,0.75,cluster_phonetic,10
fendi,907,0.75,cluster_phonetic,10
godly,908,0.75,cluster_phonetic,10
godly,908,0.75,cluster_phonetic,10
godly,908,0.75,cluster_phonetic,10
godly,908,0.75,cluster_phonetic,10
godly,908,0.75,cluster_phonetic,10
hobby,909,0.75,cluster_phonetic,6
hobby,909,0.75,cluster_phonetic,6
hobby,909,0.75,cluster_phonetic,6
hobby,909,0.75,cluster_phonetic,6
hobby,909,0.75,cluster_phonetic,6
lobby,909,0.75,cluster_phonetic,10
lobby,909,0.75,cluster_phonetic,10
lobby,909,0.75,cluster_phonetic,10
lobby,909,0.75,cluster_phonetic,10
lobby,909,0.75,cluster_phonetic,10
molly,910,0.75,cluster_phonetic,10
molly,910,0.75,cluster_phonetic,10
molly,910,0.75,cluster_phonetic,10
molly,910,0.75,cluster_phonetic,10
molly,910,0.75,cluster_phonetic,10
pony,911,0.75,cluster_phonetic,10
pony,911,0.75,cluster_phonetic,10
pony,911,0.75,cluster_phonetic,10
pony,911,0.75,cluster_phonetic,10
pony,911,0.75,cluster_phonetic,10
seal,912,0.75,cluster_phonetic,10
seal,912,0.75,cluster_phonetic,10
seal,912,0.75,cluster_phonetic,10
seal,912,0.75,cluster_phonetic,10
seal,912,0.75,cluster_phonetic,10
trophies,913,0.75,cluster_phonetic,10
trophies,913,0.75,cluster_phonetic,10
trophies,913,0.75,cluster_phonetic,10
trophies,913,0.75,cluster_phonetic,10
trophies,913,0.75,cluster_phonetic,10
backpack,914,0.75,cluster_phonetic,10
backpack,914,0.75,cluster_phonetic,10
backpack,914,0.75,cluster_phonetic,10
backpack,914,0.75,cluster_phonetic,10
backpack,914,0.75,cluster_phonetic,10
constitute,915,0.75,cluster_phonetic,4
destitute,915,0.75,cluster_phonetic,4
institute,915,0.75,cluster_phonetic,4
prostitute,915,0.75,cluster_phonetic,10
prostitute,915,0.75,cluster_phonetic,10
prostitute,915,0.75,cluster_phonetic,10
prostitute,915,0.75,cluster_phonetic,10
prostitute,915,0.75,cluster_phonetic,10
substitute,915,0.75,cluster_phonetic,4
armageddon,916,0.75,cluster_phonetic,10
armageddon,916,0.75,cluster_phonetic,10
armageddon,916,0.75,cluster_phonetic,10
armageddon,916,0.75,cluster_phonetic,10
armageddon,916,0.75,cluster_phonetic,10
bottle,917,0.75,cluster_phonetic,10
bottle,917,0.75,cluster_phonetic,10
bottle,917,0.75,cluster_phonetic,10
bottle,917,0.75,cluster_phonetic,10
bottle,917,0.75,cluster_phonetic,10
little,917,0.75,cluster_phonetic,4
little,917,0.75,cluster_phonetic,4
little,917,0.75,cluster_phonetic,4
little,917,0.75,cluster_phonetic,4
little,917,0.75,cluster_phonetic,4
mettle,917,0.75,cluster_phonetic,4
cable,918,0.75,cluster_phonetic,4
cable,918,0.75,cluster_phonetic,4
cable,918,0.75,cluster_phonetic,4
cable,918,0.75,cluster_phonetic,4
cable,918,0.75,cluster_phonetic,4
irreplaceable,918,0.75,cluster_phonetic,10
irreplaceable,918,0.75,cluster_phonetic,10
irreplaceable,918,0.75,cluster_phonetic,10
irreplaceable,918,0.75,cluster_phonetic,10
irreplaceable,918,0.75,cluster_phonetic,10
table,918,0.75,cluster_phonetic,9
table,918,0.75,cluster_phonetic,9
table,918,0.75,cluster_phonetic,9
table,918,0.75,cluster_phonetic,9
table,918,0.75,cluster_phonetic,9
vulnerable,918,0.75,cluster_phonetic,6
vulnerable,918,0.75,cluster_phonetic,6
vulnerable,918,0.75,cluster_phonetic,6
vulnerable,918,0.75,cluster_phonetic,6
vulnerable,918,0.75,cluster_phonetic,6
mala,919,0.75,cluster_phonetic,10
mala,919,0.75,cluster_phonetic,10
mala,919,0.75,cluster_phonetic,10
mala,919,0.75,cluster_phonetic,10
mala,919,0.75,cluster_phonetic,10
stupid,920,0.75,cluster_phonetic,10
stupid,920,0.75,cluster_phonetic,10
stupid,920,0.75,cluster_phonetic,10
stupid,920,0.75,cluster_phonetic,10
stupid,920,0.75,cluster_phonetic,10
thug,921,0.75,cluster_phonetic,10
thug,921,0.75,cluster_phonetic,10
thug,921,0.75,cluster_phonetic,10
thug,921,0.75,cluster_phonetic,10
thug,921,0.75,cluster_phonetic,10
anakin,922,0.75,cluster_phonetic,10
anakin,922,0.75,cluster_phonetic,10
anakin,922,0.75,cluster_phonetic,10
anakin,922,0.75,cluster_phonetic,10
anakin,922,0.75,cluster_phonetic,10
average,923,0.75,cluster_phonetic,10
average,923,0.75,cluster_phonetic,10
average,923,0.75,cluster_phonetic,10
average,923,0.75,cluster_phonetic,10
average,923,0.75,cluster_phonetic,10
bullshit,924,0.75,cluster_phonetic,10
bullshit,924,0.75,cluster_phonetic,10
bullshit,924,0.75,cluster_phonetic,10
bullshit,924,0.75,cluster_phonetic,10
bullshit,924,0.75,cluster_phonetic,10
kids,925,0.75,cluster_phonetic,10
kids,925,0.75,cluster_phonetic,10
kids,925,0.75,cluster_phonetic,10
kids,925,0.75,cluster_phonetic,10
kids,925,0.75,cluster_phonetic,10
started,926,0.75,cluster_phonetic,10
started,926,0.75,cluster_phonetic,10
started,926,0.75,cluster_phonetic,10
started,926,0.75,cluster_phonetic,10
started,926,0.75,cluster_phonetic,10
assholes,927,0.75,cluster_phonetic,10
assholes,927,0.75,cluster_phonetic,10
assholes,927,0.75,cluster_phonetic,10
assholes,927,0.75,cluster_phonetic,10
assholes,927,0.75,cluster_phonetic,10
bo,928,0.75,cluster_phonetic,10
bo,928,0.75,cluster_phonetic,10
bo,928,0.75,cluster_phonetic,10
bo,928,0.75,cluster_phonetic,10
code's,929,0.75,cluster_phonetic,4
codes,929,0.75,cluster_phonetic,10
codes,929,0.75,cluster_phonetic,10
codes,929,0.75,cluster_phonetic,10
codes,929,0.75,cluster_phonetic,10
codes,929,0.75,cluster_phonetic,10
doh,930,0.75,cluster_phonetic,10
doh,930,0.75,cluster_phonetic,10
doh,930,0.75,cluster_phonetic,10
doh,930,0.75,cluster_phonetic,10
doh,930,0.75,cluster_phonetic,10
snow,931,0.75,cluster_phonetic,10
snow,931,0.75,cluster_phonetic,10
snow,931,0.75,cluster_phonetic,10
snow,931,0.75,cluster_phonetic,10
snow,931,0.75,cluster_phonetic,10
syndrome,932,0.75,cluster_phonetic,10
syndrome,932,0.75,cluster_phonetic,10
syndrome,932,0.75,cluster_phonetic,10
syndrome,932,0.75,cluster_phonetic,10
syndrome,932,0.75,cluster_phonetic,10
won't,933,0.75,cluster_phonetic,10
won't,933,0.75,cluster_phonetic,10
won't,933,0.75,cluster_phonetic,10
won't,933,0.75,cluster_phonetic,10
won't,933,0.75,cluster_phonetic,10
wont,933,0.75,cluster_phonetic,4
hi,934,0.75,cluster_phonetic,10
hi,934,0.75,cluster_phonetic,10
hi,934,0.75,cluster_phonetic,10
hi,934,0.75,cluster_phonetic,10
lied,935,0.75,cluster_phonetic,10
lied,935,0.75,cluster_phonetic,10
lied,935,0.75,cluster_phonetic,10
lied,935,0.75,cluster_phonetic,10
lied,935,0.75,cluster_phonetic,10
pies,936,0.75,cluster_phonetic,10
pies,936,0.75,cluster_phonetic,10
pies,936,0.75,cluster_phonetic,10
pies,936,0.75,cluster_phonetic,10
pies,936,0.75,cluster_phonetic,10
spies,936,0.75,cluster_phonetic,9
spies,936,0.75,cluster_phonetic,9
spies,936,0.75,cluster_phonetic,9
spies,936,0.75,cluster_phonetic,9
spies,936,0.75,cluster_phonetic,9
anyway,937,0.75,cluster_phonetic,10
anyway,937,0.75,cluster_phonetic,10
anyway,937,0.75,cluster_phonetic,10
anyway,937,0.75,cluster_phonetic,10
anyway,937,0.75,cluster_phonetic,10
blaze,938,0.75,cluster_phonetic,10
blaze,938,0.75,cluster_phonetic,10
blaze,938,0.75,cluster_phonetic,10
blaze,938,0.75,cluster_phonetic,10
blaze,938,0.75,cluster_phonetic,10
glaze,938,0.75,cluster_phonetic,4
ben's,939,0.75,cluster_phonetic,10
ben's,939,0.75,cluster_phonetic,10
ben's,939,0.75,cluster_phonetic,10
ben's,939,0.75,cluster_phonetic,10
ben's,939,0.75,cluster_phonetic,10
killer,940,0.75,cluster_phonetic,10
killer,940,0.75,cluster_phonetic,10
killer,940,0.75,cluster_phonetic,10
killer,940,0.75,cluster_phonetic,10
killer,940,0.75,cluster_phonetic,10
miller,940,0.75,cluster_phonetic,4
reveller,940,0.75,cluster_phonetic,4
traveller,940,0.75,cluster_phonetic,4
mcgregor,941,0.75,cluster_phonetic,10
mcgregor,941,0.75,cluster_phonetic,10
mcgregor,941,0.75,cluster_phonetic,10
mcgregor,941,0.75,cluster_phonetic,10
mcgregor,941,0.75,cluster_phonetic,10
choice,942,0.75,cluster_phonetic,7
choice,942,0.75,cluster_phonetic,7
choice,942,0.75,cluster_phonetic,7
choice,942,0.75,cluster_phonetic,7
choice,942,0.75,cluster_phonetic,7
voice,942,0.75,cluster_phonetic,10
voice,942,0.75,cluster_phonetic,10
voice,942,0.75,cluster_phonetic,10
voice,942,0.75,cluster_phonetic,10
voice,942,0.75,cluster_phonetic,10
stock,943,0.75,cluster_phonetic,4
tock,943,0.75,cluster_phonetic,10
tock,943,0.75,cluster_phonetic,10
tock,943,0.75,cluster_phonetic,10
tock,943,0.75,cluster_phonetic,10
tock,943,0.75,cluster_phonetic,10
dog,944,0.75,cluster_phonetic,10
dog,944,0.75,cluster_phonetic,10
dog,944,0.75,cluster_phonetic,10
dog,944,0.75,cluster_phonetic,10
dog,944,0.75,cluster_phonetic,10
hunnids,945,0.75,cluster_phonetic,10
hunnids,945,0.75,cluster_phonetic,10
hunnids,945,0.75,cluster_phonetic,10
hunnids,945,0.75,cluster_phonetic,10
hunnids,945,0.75,cluster_phonetic,10
homies,946,0.75,cluster_phonetic,10
homies,946,0.75,cluster_phonetic,10
homies,946,0.75,cluster_phonetic,10
homies,946,0.75,cluster_phonetic,10
homies,946,0.75,cluster_phonetic,10
',947,0.75,cluster_phonetic,10
',947,0.75,cluster_phonetic,10
',947,0.75,cluster_phonetic,10
',947,0.75,cluster_phonetic,10
gopnik,948,0.75,cluster_phonetic,10
gopnik,948,0.75,cluster_phonetic,10
gopnik,948,0.75,cluster_phonetic,10
gopnik,948,0.75,cluster_phonetic,10
gopnik,948,0.75,cluster_phonetic,10
mobbing,949,0.75,cluster_phonetic,10
mobbing,949,0.75,cluster_phonetic,10
mobbing,949,0.75,cluster_phonetic,10
mobbing,949,0.75,cluster_phonetic,10
mobbing,949,0.75,cluster_phonetic,10
bhi,950,0.75,cluster_phonetic,10
bhi,950,0.75,cluster_phonetic,10
bhi,950,0.75,cluster_phonetic,10
bhi,950,0.75,cluster_phonetic,10
bhi,950,0.75,cluster_phonetic,10
morti,951,0.75,cluster_phonetic,10
morti,951,0.75,cluster_phonetic,10
morti,951,0.75,cluster_phonetic,10
morti,951,0.75,cluster_phonetic,10
morti,951,0.75,cluster_phonetic,10
shawdie,952,0.75,cluster_phonetic,10
shawdie,952,0.75,cluster_phonetic,10
shawdie,952,0.75,cluster_phonetic,10
shawdie,952,0.75,cluster_phonetic,10
shawdie,952,0.75,cluster_phonetic,10
zao,953,0.75,cluster_phonetic,10
zao,953,0.75,cluster_phonetic,10
zao,953,0.75,cluster_phonetic,10
zao,953,0.75,cluster_phonetic,10
zao,953,0.75,cluster_phonetic,10
extendo,954,0.75,cluster_phonetic,10
extendo,954,0.75,cluster_phonetic,10
extendo,954,0.75,cluster_phonetic,10
extendo,954,0.75,cluster_phonetic,10
extendo,954,0.75,cluster_phonetic,10
zgradi,955,0.75,cluster_phonetic,10
zgradi,955,0.75,cluster_phonetic,10
zgradi,955,0.75,cluster_phonetic,10
zgradi,955,0.75,cluster_phonetic,10
zgradi,955,0.75,cluster_phonetic,10
kiss,956,0.75,cluster_phonetic,10
kiss,956,0.75,cluster_phonetic,10
kiss,956,0.75,cluster_phonetic,10
kiss,956,0.75,cluster_phonetic,10
kiss,956,0.75,cluster_phonetic,4
meet,957,0.75,cluster_phonetic,10
meet,957,0.75,cluster_phonetic,10
meet,957,0.75,cluster_phonetic,10
meet,957,0.75,cluster_phonetic,10
meet,957,0.75,cluster_phonetic,4
mcqueen,958,0.75,cluster_phonetic,7
mcqueen,958,0.75,cluster_phonetic,7
mcqueen,958,0.75,cluster_phonetic,7
mcqueen,958,0.75,cluster_phonetic,7
mcqueen,958,0.75,cluster_phonetic,7
queen,958,0.75,cluster_phonetic,10
queen,958,0.75,cluster_phonetic,10
queen,958,0.75,cluster_phonetic,10
queen,958,0.75,cluster_phonetic,10
queen,958,0.75,cluster_phonetic,4
revive,959,0.75,cluster_phonetic,4
survive,959,0.75,cluster_phonetic,10
survive,959,0.75,cluster_phonetic,10
survive,959,0.75,cluster_phonetic,10
survive,959,0.75,cluster_phonetic,10
survive,959,0.75,cluster_phonetic,4
glow,960,0.75,cluster_phonetic,10
glow,960,0.75,cluster_phonetic,10
glow,960,0.75,cluster_phonetic,10
glow,960,0.75,cluster_phonetic,10
glow,960,0.75,cluster_phonetic,4
sun,961,0.75,cluster_phonetic,10
sun,961,0.75,cluster_phonetic,10
sun,961,0.75,cluster_phonetic,10
sun,961,0.75,cluster_phonetic,10
sun,961,0.75,cluster_phonetic,4
date,962,0.75,cluster_phonetic,10
date,962,0.75,cluster_phonetic,10
date,962,0.75,cluster_phonetic,10
date,962,0.75,cluster_phonetic,10
date,962,0.75,cluster_phonetic,4
sedate,962,0.75,cluster_phonetic,4
glory,963,0.75,cluster_phonetic,10
glory,963,0.75,cluster_phonetic,10
glory,963,0.75,cluster_phonetic,10
glory,963,0.75,cluster_phonetic,10
glory,963,0.75,cluster_phonetic,4
pillory,963,0.75,cluster_phonetic,4
forgive,964,0.75,cluster_phonetic,4
give,964,0.75,cluster_phonetic,10
give,964,0.75,cluster_phonetic,10
give,964,0.75,cluster_phonetic,10
give,964,0.75,cluster_phonetic,10
give,964,0.75,cluster_phonetic,4
wind,965,0.75,cluster_phonetic,10
wind,965,0.75,cluster_phonetic,10
wind,965,0.75,cluster_phonetic,10
wind,965,0.75,cluster_phonetic,10
wind,965,0.75,cluster_phonetic,4
fact,966,0.75,cluster_phonetic,10
fact,966,0.75,cluster_phonetic,10
fact,966,0.75,cluster_phonetic,10
fact,966,0.75,cluster_phonetic,10
fact,966,0.75,cluster_phonetic,4
necklace,967,0.75,cluster_phonetic,10
necklace,967,0.75,cluster_phonetic,10
necklace,967,0.75,cluster_phonetic,10
necklace,967,0.75,cluster_phonetic,10
necklace,967,0.75,cluster_phonetic,4
populace,967,0.75,cluster_phonetic,4
solace,967,0.75,cluster_phonetic,4
stuff,968,0.75,cluster_phonetic,10
stuff,968,0.75,cluster_phonetic,10
stuff,968,0.75,cluster_phonetic,10
stuff,968,0.75,cluster_phonetic,10
stuff,968,0.75,cluster_phonetic,4
map,969,0.75,cluster_phonetic,10
map,969,0.75,cluster_phonetic,10
map,969,0.75,cluster_phonetic,10
map,969,0.75,cluster_phonetic,10
map,969,0.75,cluster_phonetic,4
worse,970,0.75,cluster_phonetic,10
worse,970,0.75,cluster_phonetic,10
worse,970,0.75,cluster_phonetic,10
worse,970,0.75,cluster_phonetic,10
worse,970,0.75,cluster_phonetic,4
heel,971,0.75,cluster_phonetic,4
wheel,971,0.75,cluster_phonetic,10
wheel,971,0.75,cluster_phonetic,10
wheel,971,0.75,cluster_phonetic,10
wheel,971,0.75,cluster_phonetic,10
wheel,971,0.75,cluster_phonetic,4
ray,972,0.75,cluster_phonetic,10
ray,972,0.75,cluster_phonetic,10
ray,972,0.75,cluster_phonetic,10
ray,972,0.75,cluster_phonetic,10
ray,972,0.75,cluster_phonetic,4
earn,973,0.75,cluster_phonetic,4
learn,973,0.75,cluster_phonetic,10
learn,973,0.75,cluster_phonetic,10
learn,973,0.75,cluster_phonetic,10
learn,973,0.75,cluster_phonetic,10
learn,973,0.75,cluster_phonetic,4
yearn,973,0.75,cluster_phonetic,4
dirt,974,0.75,cluster_phonetic,10
dirt,974,0.75,cluster_phonetic,10
dirt,974,0.75,cluster_phonetic,10
dirt,974,0.75,cluster_phonetic,10
dirt,974,0.75,cluster_phonetic,4
set,975,0.75,cluster_phonetic,10
set,975,0.75,cluster_phonetic,10
set,975,0.75,cluster_phonetic,10
set,975,0.75,cluster_phonetic,10
set,975,0.75,cluster_phonetic,4
ship,976,0.75,cluster_phonetic,10
ship,976,0.75,cluster_phonetic,10
ship,976,0.75,cluster_phonetic,10
ship,976,0.75,cluster_phonetic,10
ship,976,0.75,cluster_phonetic,4
atone,977,0.75,cluster_phonetic,4
stone,977,0.75,cluster_phonetic,4
stone,977,0.75,cluster_phonetic,4
stone,977,0.75,cluster_phonetic,4
stone,977,0.75,cluster_phonetic,4
stone,977,0.75,cluster_phonetic,4
tone,977,0.75,cluster_phonetic,10
tone,977,0.75,cluster_phonetic,10
tone,977,0.75,cluster_phonetic,10
tone,977,0.75,cluster_phonetic,10
tone,977,0.75,cluster_phonetic,4
correct,978,0.75,cluster_phonetic,10
correct,978,0.75,cluster_phonetic,10
correct,978,0.75,cluster_phonetic,10
correct,978,0.75,cluster_phonetic,10
correct,978,0.75,cluster_phonetic,4
direct,978,0.75,cluster_phonetic,4
erect,978,0.75,cluster_phonetic,4
incorrect,978,0.75,cluster_phonetic,4
indirect,978,0.75,cluster_phonetic,4
busy,979,0.75,cluster_phonetic,10
busy,979,0.75,cluster_phonetic,10
busy,979,0.75,cluster_phonetic,10
busy,979,0.75,cluster_phonetic,10
busy,979,0.75,cluster_phonetic,4
cape,980,0.75,cluster_phonetic,4
escape,980,0.75,cluster_phonetic,10
escape,980,0.75,cluster_phonetic,10
escape,980,0.75,cluster_phonetic,10
escape,980,0.75,cluster_phonetic,10
escape,980,0.75,cluster_phonetic,4
scape,980,0.75,cluster_phonetic,4
star,981,0.75,cluster_phonetic,10
star,981,0.75,cluster_phonetic,10
star,981,0.75,cluster_phonetic,10
star,981,0.75,cluster_phonetic,10
star,981,0.75,cluster_phonetic,4
superstar,981,0.75,cluster_phonetic,7
superstar,981,0.75,cluster_phonetic,7
superstar,981,0.75,cluster_phonetic,7
superstar,981,0.75,cluster_phonetic,7
superstar,981,0.75,cluster_phonetic,7
fill,982,0.75,cluster_phonetic,10
fill,982,0.75,cluster_phonetic,10
fill,982,0.75,cluster_phonetic,10
fill,982,0.75,cluster_phonetic,10
fill,982,0.75,cluster_phonetic,4
breathin,983,0.75,cluster_phonetic,4
breathin',983,0.75,cluster_phonetic,4
breathin',983,0.75,cluster_phonetic,4
breathin',983,0.75,cluster_phonetic,4
breathin',983,0.75,cluster_phonetic,4
somethin,983,0.75,cluster_phonetic,10
comin,984,0.75,cluster_phonetic,10
poppin,985,0.75,cluster_phonetic,9
poppin',985,0.75,cluster_phonetic,8
poppin',985,0.75,cluster_phonetic,8
poppin',985,0.75,cluster_phonetic,8
poppin',985,0.75,cluster_phonetic,8
rippin,985,0.75,cluster_phonetic,4
rippin,985,0.75,cluster_phonetic,4
rippin,985,0.75,cluster_phonetic,4
rippin,985,0.75,cluster_phonetic,4
rippin,985,0.75,cluster_phonetic,4
sippin,985,0.75,cluster_phonetic,8
sippin,985,0.75,cluster_phonetic,8
sippin,985,0.75,cluster_phonetic,8
sippin,985,0.75,cluster_phonetic,8
sippin,985,0.75,cluster_phonetic,8
trippin,985,0.75,cluster_phonetic,10
trippin',985,0.75,cluster_phonetic,8
trippin',985,0.75,cluster_phonetic,8
trippin',985,0.75,cluster_phonetic,8
trippin',985,0.75,cluster_phonetic,8
cuz,986,0.75,cluster_phonetic,10
cuz,986,0.75,cluster_phonetic,9
cuz,986,0.75,cluster_phonetic,9
cuz,986,0.75,cluster_phonetic,9
cuz,986,0.75,cluster_phonetic,9
buddy,987,0.75,cluster_phonetic,9
buddy,987,0.75,cluster_phonetic,9
buddy,987,0.75,cluster_phonetic,9
buddy,987,0.75,cluster_phonetic,9
buddy,987,0.75,cluster_phonetic,9
ruddy,987,0.75,cluster_phonetic,4
ghastly,988,0.75,cluster_phonetic,4
honestly,988,0.75,cluster_phonetic,9
honestly,988,0.75,cluster_phonetic,9
honestly,988,0.75,cluster_phonetic,9
honestly,988,0.75,cluster_phonetic,9
honestly,988,0.75,cluster_phonetic,9
justly,988,0.75,cluster_phonetic,4
lastly,988,0.75,cluster_phonetic,4
lastly,988,0.75,cluster_phonetic,4
lastly,988,0.75,cluster_phonetic,4
lastly,988,0.75,cluster_phonetic,4
lastly,988,0.75,cluster_phonetic,4
kamikaze,989,0.75,cluster_phonetic,9
kamikaze,989,0.75,cluster_phonetic,9
kamikaze,989,0.75,cluster_phonetic,9
kamikaze,989,0.75,cluster_phonetic,9
kamikaze,989,0.75,cluster_phonetic,9
ki,990,0.75,cluster_phonetic,9
ki,990,0.75,cluster_phonetic,9
ki,990,0.75,cluster_phonetic,9
ki,990,0.75,cluster_phonetic,9
police,991,0.75,cluster_phonetic,9
police,991,0.75,cluster_phonetic,9
police,991,0.75,cluster_phonetic,9
police,991,0.75,cluster_phonetic,9
police,991,0.75,cluster_phonetic,9
roti,992,0.75,cluster_phonetic,9
roti,992,0.75,cluster_phonetic,9
roti,992,0.75,cluster_phonetic,9
roti,992,0.75,cluster_phonetic,9
roti,992,0.75,cluster_phonetic,9
seems,993,0.75,cluster_phonetic,9
seems,993,0.75,cluster_phonetic,9
seems,993,0.75,cluster_phonetic,9
seems,993,0.75,cluster_phonetic,9
seems,993,0.75,cluster_phonetic,9
shady,994,0.75,cluster_phonetic,9
shady,994,0.75,cluster_phonetic,9
shady,994,0.75,cluster_phonetic,9
shady,994,0.75,cluster_phonetic,9
shady,994,0.75,cluster_phonetic,9
picky,995,0.75,cluster_phonetic,4
picky,995,0.75,cluster_phonetic,4
picky,995,0.75,cluster_phonetic,4
picky,995,0.75,cluster_phonetic,4
picky,995,0.75,cluster_phonetic,4
sticky,995,0.75,cluster_phonetic,9
sticky,995,0.75,cluster_phonetic,9
sticky,995,0.75,cluster_phonetic,9
sticky,995,0.75,cluster_phonetic,9
sticky,995,0.75,cluster_phonetic,9
te,996,0.75,cluster_phonetic,9
te,996,0.75,cluster_phonetic,9
te,996,0.75,cluster_phonetic,9
te,996,0.75,cluster_phonetic,9
v,997,0.75,cluster_phonetic,9
v,997,0.75,cluster_phonetic,9
v,997,0.75,cluster_phonetic,9
v,997,0.75,cluster_phonetic,9
wavy,998,0.75,cluster_phonetic,9
wavy,998,0.75,cluster_phonetic,9
wavy,998,0.75,cluster_phonetic,9
wavy,998,0.75,cluster_phonetic,9
wavy,998,0.75,cluster_phonetic,9
jack,999,0.75,cluster_phonetic,9
jack,999,0.75,cluster_phonetic,9
jack,999,0.75,cluster_phonetic,9
jack,999,0.75,cluster_phonetic,9
jack,999,0.75,cluster_phonetic,9
mac,1000,0.75,cluster_phonetic,9
mac,1000,0.75,cluster_phonetic,9
mac,1000,0.75,cluster_phonetic,9
mac,1000,0.75,cluster_phonetic,9
mac,1000,0.75,cluster_phonetic,9
max,1001,0.75,cluster_phonetic,9
max,1001,0.75,cluster_phonetic,9
max,1001,0.75,cluster_phonetic,9
max,1001,0.75,cluster_phonetic,9
max,1001,0.75,cluster_phonetic,9
wack,1002,0.75,cluster_phonetic,9
wack,1002,0.75,cluster_phonetic,9
wack,1002,0.75,cluster_phonetic,9
wack,1002,0.75,cluster_phonetic,9
wack,1002,0.75,cluster_phonetic,9
moves,1003,0.75,cluster_phonetic,9
moves,1003,0.75,cluster_phonetic,9
moves,1003,0.75,cluster_phonetic,9
moves,1003,0.75,cluster_phonetic,9
moves,1003,0.75,cluster_phonetic,9
views,1004,0.75,cluster_phonetic,9
views,1004,0.75,cluster_phonetic,9
views,1004,0.75,cluster_phonetic,9
views,1004,0.75,cluster_phonetic,9
views,1004,0.75,cluster_phonetic,9
champion,1005,0.75,cluster_phonetic,9
champion,1005,0.75,cluster_phonetic,9
champion,1005,0.75,cluster_phonetic,9
champion,1005,0.75,cluster_phonetic,9
champion,1005,0.75,cluster_phonetic,9
christmas,1006,0.75,cluster_phonetic,9
christmas,1006,0.75,cluster_phonetic,9
christmas,1006,0.75,cluster_phonetic,9
christmas,1006,0.75,cluster_phonetic,9
christmas,1006,0.75,cluster_phonetic,9
accomplishment,1007,0.75,cluster_phonetic,4
acknowledgment,1007,0.75,cluster_phonetic,4
apartment,1007,0.75,cluster_phonetic,4
apartment,1007,0.75,cluster_phonetic,4
apartment,1007,0.75,cluster_phonetic,4
apartment,1007,0.75,cluster_phonetic,4
apartment,1007,0.75,cluster_phonetic,4
argument,1007,0.75,cluster_phonetic,4
astonishment,1007,0.75,cluster_phonetic,4
banishment,1007,0.75,cluster_phonetic,4
basement,1007,0.75,cluster_phonetic,5
basement,1007,0.75,cluster_phonetic,5
basement,1007,0.75,cluster_phonetic,5
basement,1007,0.75,cluster_phonetic,5
basement,1007,0.75,cluster_phonetic,5
battlement,1007,0.75,cluster_phonetic,4
blandishment,1007,0.75,cluster_phonetic,4
commitment,1007,0.75,cluster_phonetic,9
commitment,1007,0.75,cluster_phonetic,9
commitment,1007,0.75,cluster_phonetic,9
commitment,1007,0.75,cluster_phonetic,9
commitment,1007,0.75,cluster_phonetic,9
complement,1007,0.75,cluster_phonetic,4
concealment,1007,0.75,cluster_phonetic,4
condiment,1007,0.75,cluster_phonetic,4
detriment,1007,0.75,cluster_phonetic,4
element,1007,0.75,cluster_phonetic,4
embellishment,1007,0.75,cluster_phonetic,4
establishment,1007,0.75,cluster_phonetic,4
excrement,1007,0.75,cluster_phonetic,4
experiment,1007,0.75,cluster_phonetic,4
experiment,1007,0.75,cluster_phonetic,4
government,1007,0.75,cluster_phonetic,4
implement,1007,0.75,cluster_phonetic,4
imprisonment,1007,0.75,cluster_phonetic,4
indictment,1007,0.75,cluster_phonetic,4
instrument,1007,0.75,cluster_phonetic,4
ligament,1007,0.75,cluster_phonetic,4
management,1007,0.75,cluster_phonetic,4
moment,1007,0.75,cluster_phonetic,6
moment,1007,0.75,cluster_phonetic,6
moment,1007,0.75,cluster_phonetic,6
moment,1007,0.75,cluster_phonetic,6
moment,1007,0.75,cluster_phonetic,6
monument,1007,0.75,cluster_phonetic,4
nourishment,1007,0.75,cluster_phonetic,4
ornament,1007,0.75,cluster_phonetic,4
parliament,1007,0.75,cluster_phonetic,4
punishment,1007,0.75,cluster_phonetic,4
regiment,1007,0.75,cluster_phonetic,4
rudiment,1007,0.75,cluster_phonetic,4
sacrament,1007,0.75,cluster_phonetic,4
sediment,1007,0.75,cluster_phonetic,4
sentiment,1007,0.75,cluster_phonetic,4
settlement,1007,0.75,cluster_phonetic,4
supplement,1007,0.75,cluster_phonetic,4
temperament,1007,0.75,cluster_phonetic,4
tenement,1007,0.75,cluster_phonetic,4
testament,1007,0.75,cluster_phonetic,4
testament,1007,0.75,cluster_phonetic,4
tournament,1007,0.75,cluster_phonetic,4
vehement,1007,0.75,cluster_phonetic,4
faded,1008,0.75,cluster_phonetic,9
faded,1008,0.75,cluster_phonetic,9
faded,1008,0.75,cluster_phonetic,9
faded,1008,0.75,cluster_phonetic,9
faded,1008,0.75,cluster_phonetic,9
ducked,1009,0.75,cluster_phonetic,4
fucked,1009,0.75,cluster_phonetic,9
fucked,1009,0.75,cluster_phonetic,9
fucked,1009,0.75,cluster_phonetic,9
fucked,1009,0.75,cluster_phonetic,9
fucked,1009,0.75,cluster_phonetic,9
plucked,1009,0.75,cluster_phonetic,4
plucked,1009,0.75,cluster_phonetic,4
plucked,1009,0.75,cluster_phonetic,4
plucked,1009,0.75,cluster_phonetic,4
plucked,1009,0.75,cluster_phonetic,4
shucked,1009,0.75,cluster_phonetic,4
shucked,1009,0.75,cluster_phonetic,4
shucked,1009,0.75,cluster_phonetic,4
shucked,1009,0.75,cluster_phonetic,4
shucked,1009,0.75,cluster_phonetic,4
sucked,1009,0.75,cluster_phonetic,4
hump,1010,0.75,cluster_phonetic,9
hump,1010,0.75,cluster_phonetic,9
hump,1010,0.75,cluster_phonetic,9
hump,1010,0.75,cluster_phonetic,9
hump,1010,0.75,cluster_phonetic,9
idol,1011,0.75,cluster_phonetic,9
idol,1011,0.75,cluster_phonetic,9
idol,1011,0.75,cluster_phonetic,9
idol,1011,0.75,cluster_phonetic,9
idol,1011,0.75,cluster_phonetic,9
lungs,1012,0.75,cluster_phonetic,9
lungs,1012,0.75,cluster_phonetic,9
lungs,1012,0.75,cluster_phonetic,9
lungs,1012,0.75,cluster_phonetic,9
lungs,1012,0.75,cluster_phonetic,9
model,1013,0.75,cluster_phonetic,9
model,1013,0.75,cluster_phonetic,9
model,1013,0.75,cluster_phonetic,9
model,1013,0.75,cluster_phonetic,9
model,1013,0.75,cluster_phonetic,9
models,1014,0.75,cluster_phonetic,9
models,1014,0.75,cluster_phonetic,9
models,1014,0.75,cluster_phonetic,9
models,1014,0.75,cluster_phonetic,9
models,1014,0.75,cluster_phonetic,9
son,1015,0.75,cluster_phonetic,9
son,1015,0.75,cluster_phonetic,9
son,1015,0.75,cluster_phonetic,9
son,1015,0.75,cluster_phonetic,9
son,1015,0.75,cluster_phonetic,9
sul,1016,0.75,cluster_phonetic,9
sul,1016,0.75,cluster_phonetic,9
sul,1016,0.75,cluster_phonetic,9
sul,1016,0.75,cluster_phonetic,9
sul,1016,0.75,cluster_phonetic,9
system,1017,0.75,cluster_phonetic,9
system,1017,0.75,cluster_phonetic,9
system,1017,0.75,cluster_phonetic,9
system,1017,0.75,cluster_phonetic,9
system,1017,0.75,cluster_phonetic,9
shift,1018,0.75,cluster_phonetic,9
shift,1018,0.75,cluster_phonetic,9
shift,1018,0.75,cluster_phonetic,9
shift,1018,0.75,cluster_phonetic,9
shift,1018,0.75,cluster_phonetic,9
swim,1019,0.75,cluster_phonetic,9
swim,1019,0.75,cluster_phonetic,9
swim,1019,0.75,cluster_phonetic,9
swim,1019,0.75,cluster_phonetic,9
swim,1019,0.75,cluster_phonetic,9
doubt,1020,0.75,cluster_phonetic,9
doubt,1020,0.75,cluster_phonetic,9
doubt,1020,0.75,cluster_phonetic,9
doubt,1020,0.75,cluster_phonetic,9
doubt,1020,0.75,cluster_phonetic,9
fold,1021,0.75,cluster_phonetic,9
fold,1021,0.75,cluster_phonetic,9
fold,1021,0.75,cluster_phonetic,9
fold,1021,0.75,cluster_phonetic,9
fold,1021,0.75,cluster_phonetic,9
consoles,1022,0.75,cluster_phonetic,4
holes,1022,0.75,cluster_phonetic,9
holes,1022,0.75,cluster_phonetic,9
holes,1022,0.75,cluster_phonetic,9
holes,1022,0.75,cluster_phonetic,9
holes,1022,0.75,cluster_phonetic,9
knows,1023,0.75,cluster_phonetic,9
knows,1023,0.75,cluster_phonetic,9
knows,1023,0.75,cluster_phonetic,9
knows,1023,0.75,cluster_phonetic,9
knows,1023,0.75,cluster_phonetic,9
pesos,1024,0.75,cluster_phonetic,9
pesos,1024,0.75,cluster_phonetic,9
pesos,1024,0.75,cluster_phonetic,9
pesos,1024,0.75,cluster_phonetic,9
pesos,1024,0.75,cluster_phonetic,9
besides,1025,0.75,cluster_phonetic,4
guides,1025,0.75,cluster_phonetic,4
hides,1025,0.75,cluster_phonetic,4
resides,1025,0.75,cluster_phonetic,4
sides,1025,0.75,cluster_phonetic,9
sides,1025,0.75,cluster_phonetic,9
sides,1025,0.75,cluster_phonetic,9
sides,1025,0.75,cluster_phonetic,9
sides,1025,0.75,cluster_phonetic,9
beyonce,1026,0.75,cluster_phonetic,9
beyonce,1026,0.75,cluster_phonetic,9
beyonce,1026,0.75,cluster_phonetic,9
beyonce,1026,0.75,cluster_phonetic,9
beyonce,1026,0.75,cluster_phonetic,9
mei,1027,0.75,cluster_phonetic,9
mei,1027,0.75,cluster_phonetic,9
mei,1027,0.75,cluster_phonetic,9
mei,1027,0.75,cluster_phonetic,9
mei,1027,0.75,cluster_phonetic,9
suitcase,1028,0.75,cluster_phonetic,9
suitcase,1028,0.75,cluster_phonetic,9
suitcase,1028,0.75,cluster_phonetic,9
suitcase,1028,0.75,cluster_phonetic,9
suitcase,1028,0.75,cluster_phonetic,9
hours,1029,0.75,cluster_phonetic,9
hours,1029,0.75,cluster_phonetic,9
hours,1029,0.75,cluster_phonetic,9
hours,1029,0.75,cluster_phonetic,9
hours,1029,0.75,cluster_phonetic,9
bigger,1030,0.75,cluster_phonetic,7
bigger,1030,0.75,cluster_phonetic,7
bigger,1030,0.75,cluster_phonetic,7
bigger,1030,0.75,cluster_phonetic,7
bigger,1030,0.75,cluster_phonetic,7
trigger,1030,0.75,cluster_phonetic,9
trigger,1030,0.75,cluster_phonetic,9
trigger,1030,0.75,cluster_phonetic,9
trigger,1030,0.75,cluster_phonetic,9
trigger,1030,0.75,cluster_phonetic,9
fart,1031,0.75,cluster_phonetic,9
fart,1031,0.75,cluster_phonetic,9
fart,1031,0.75,cluster_phonetic,9
fart,1031,0.75,cluster_phonetic,9
fart,1031,0.75,cluster_phonetic,9
knots,1032,0.75,cluster_phonetic,9
knots,1032,0.75,cluster_phonetic,9
knots,1032,0.75,cluster_phonetic,9
knots,1032,0.75,cluster_phonetic,9
knots,1032,0.75,cluster_phonetic,9
store,1033,0.75,cluster_phonetic,9
store,1033,0.75,cluster_phonetic,9
store,1033,0.75,cluster_phonetic,9
store,1033,0.75,cluster_phonetic,9
store,1033,0.75,cluster_phonetic,9
stores,1034,0.75,cluster_phonetic,5
stores,1034,0.75,cluster_phonetic,5
stores,1034,0.75,cluster_phonetic,5
stores,1034,0.75,cluster_phonetic,5
stores,1034,0.75,cluster_phonetic,5
whores,1034,0.75,cluster_phonetic,9
whores,1034,0.75,cluster_phonetic,9
whores,1034,0.75,cluster_phonetic,9
whores,1034,0.75,cluster_phonetic,9
whores,1034,0.75,cluster_phonetic,9
karu,1035,0.75,cluster_phonetic,9
karu,1035,0.75,cluster_phonetic,9
karu,1035,0.75,cluster_phonetic,9
karu,1035,0.75,cluster_phonetic,9
karu,1035,0.75,cluster_phonetic,9
owayha,1036,0.75,cluster_phonetic,9
owayha,1036,0.75,cluster_phonetic,9
owayha,1036,0.75,cluster_phonetic,9
owayha,1036,0.75,cluster_phonetic,9
owayha,1036,0.75,cluster_phonetic,9
tidalfacts,1037,0.75,cluster_phonetic,9
tidalfacts,1037,0.75,cluster_phonetic,9
tidalfacts,1037,0.75,cluster_phonetic,9
tidalfacts,1037,0.75,cluster_phonetic,9
tidalfacts,1037,0.75,cluster_phonetic,9
ahhhhhhhhh,1038,0.75,cluster_phonetic,9
ahhhhhhhhh,1038,0.75,cluster_phonetic,9
ahhhhhhhhh,1038,0.75,cluster_phonetic,9
ahhhhhhhhh,1038,0.75,cluster_phonetic,9
ahhhhhhhhh,1038,0.75,cluster_phonetic,9
ahhhhhhhhhhhhhh,1038,0.75,cluster_phonetic,5
ahhhhhhhhhhhhhh,1038,0.75,cluster_phonetic,5
ahhhhhhhhhhhhhh,1038,0.75,cluster_phonetic,5
ahhhhhhhhhhhhhh,1038,0.75,cluster_phonetic,5
ahhhhhhhhhhhhhh,1038,0.75,cluster_phonetic,5
ohhhhh,1038,0.75,cluster_phonetic,4
ohhhhh,1038,0.75,cluster_phonetic,4
ohhhhh,1038,0.75,cluster_phonetic,4
ohhhhh,1038,0.75,cluster_phonetic,4
ohhhhh,1038,0.75,cluster_phonetic,4
dracu,1039,0.75,cluster_phonetic,9
dracu,1039,0.75,cluster_phonetic,9
dracu,1039,0.75,cluster_phonetic,9
dracu,1039,0.75,cluster_phonetic,9
dracu,1039,0.75,cluster_phonetic,9
nabu,1040,0.75,cluster_phonetic,9
nabu,1040,0.75,cluster_phonetic,9
nabu,1040,0.75,cluster_phonetic,9
nabu,1040,0.75,cluster_phonetic,9
nabu,1040,0.75,cluster_phonetic,9
ouuu,1041,0.75,cluster_phonetic,9
ouuu,1041,0.75,cluster_phonetic,9
ouuu,1041,0.75,cluster_phonetic,9
ouuu,1041,0.75,cluster_phonetic,9
ouuu,1041,0.75,cluster_phonetic,9
bhai,1042,0.75,cluster_phonetic,9
bhai,1042,0.75,cluster_phonetic,9
bhai,1042,0.75,cluster_phonetic,9
bhai,1042,0.75,cluster_phonetic,9
bhai,1042,0.75,cluster_phonetic,9
mobbin,1043,0.75,cluster_phonetic,9
mobbin',1043,0.75,cluster_phonetic,9
mobbin',1043,0.75,cluster_phonetic,9
mobbin',1043,0.75,cluster_phonetic,9
mobbin',1043,0.75,cluster_phonetic,9
seks,1044,0.75,cluster_phonetic,9
seks,1044,0.75,cluster_phonetic,9
seks,1044,0.75,cluster_phonetic,9
seks,1044,0.75,cluster_phonetic,9
seks,1044,0.75,cluster_phonetic,9
bando,1045,0.75,cluster_phonetic,9
bando,1045,0.75,cluster_phonetic,9
bando,1045,0.75,cluster_phonetic,9
bando,1045,0.75,cluster_phonetic,9
bando,1045,0.75,cluster_phonetic,9
twerk,1046,0.75,cluster_phonetic,9
twerk,1046,0.75,cluster_phonetic,9
twerk,1046,0.75,cluster_phonetic,9
twerk,1046,0.75,cluster_phonetic,9
twerk,1046,0.75,cluster_phonetic,9
fg,1047,0.75,cluster_phonetic,9
fg,1047,0.75,cluster_phonetic,9
fg,1047,0.75,cluster_phonetic,9
fg,1047,0.75,cluster_phonetic,9
frontin,1048,0.75,cluster_phonetic,9
frontin',1048,0.75,cluster_phonetic,9
frontin',1048,0.75,cluster_phonetic,9
frontin',1048,0.75,cluster_phonetic,9
frontin',1048,0.75,cluster_phonetic,9
stuntin,1048,0.75,cluster_phonetic,5
stuntin',1048,0.75,cluster_phonetic,5
stuntin',1048,0.75,cluster_phonetic,5
stuntin',1048,0.75,cluster_phonetic,5
stuntin',1048,0.75,cluster_phonetic,5
skeci,1049,0.75,cluster_phonetic,9
skeci,1049,0.75,cluster_phonetic,9
skeci,1049,0.75,cluster_phonetic,9
skeci,1049,0.75,cluster_phonetic,9
skeci,1049,0.75,cluster_phonetic,9
tw,1050,0.75,cluster_phonetic,9
tw,1050,0.75,cluster_phonetic,9
tw,1050,0.75,cluster_phonetic,9
tw,1050,0.75,cluster_phonetic,9
rollo's,1051,0.75,cluster_phonetic,9
rollo's,1051,0.75,cluster_phonetic,9
rollo's,1051,0.75,cluster_phonetic,9
rollo's,1051,0.75,cluster_phonetic,9
rollo's,1051,0.75,cluster_phonetic,9
cheetos,1052,0.75,cluster_phonetic,9
cheetos,1052,0.75,cluster_phonetic,9
cheetos,1052,0.75,cluster_phonetic,9
cheetos,1052,0.75,cluster_phonetic,9
cheetos,1052,0.75,cluster_phonetic,9
maymi,1053,0.75,cluster_phonetic,9
maymi,1053,0.75,cluster_phonetic,9
maymi,1053,0.75,cluster_phonetic,9
maymi,1053,0.75,cluster_phonetic,9
maymi,1053,0.75,cluster_phonetic,9
shawty,1054,0.75,cluster_phonetic,9
shawty,1054,0.75,cluster_phonetic,9
shawty,1054,0.75,cluster_phonetic,9
shawty,1054,0.75,cluster_phonetic,9
shawty,1054,0.75,cluster_phonetic,9
dust,1055,0.75,cluster_phonetic,9
dust,1055,0.75,cluster_phonetic,9
dust,1055,0.75,cluster_phonetic,9
dust,1055,0.75,cluster_phonetic,9
dust,1055,0.75,cluster_phonetic,4
dark,1056,0.75,cluster_phonetic,9
dark,1056,0.75,cluster_phonetic,9
dark,1056,0.75,cluster_phonetic,9
dark,1056,0.75,cluster_phonetic,9
dark,1056,0.75,cluster_phonetic,4
six,1057,0.75,cluster_phonetic,9
six,1057,0.75,cluster_phonetic,9
six,1057,0.75,cluster_phonetic,9
six,1057,0.75,cluster_phonetic,9
six,1057,0.75,cluster_phonetic,4
cat,1058,0.75,cluster_phonetic,9
cat,1058,0.75,cluster_phonetic,9
cat,1058,0.75,cluster_phonetic,9
cat,1058,0.75,cluster_phonetic,9
cat,1058,0.75,cluster_phonetic,4
slay,1059,0.75,cluster_phonetic,9
slay,1059,0.75,cluster_phonetic,9
slay,1059,0.75,cluster_phonetic,9
slay,1059,0.75,cluster_phonetic,9
slay,1059,0.75,cluster_phonetic,4
crowd,1060,0.75,cluster_phonetic,9
crowd,1060,0.75,cluster_phonetic,9
crowd,1060,0.75,cluster_phonetic,9
crowd,1060,0.75,cluster_phonetic,9
crowd,1060,0.75,cluster_phonetic,4
fire,1061,0.75,cluster_phonetic,9
fire,1061,0.75,cluster_phonetic,9
fire,1061,0.75,cluster_phonetic,9
fire,1061,0.75,cluster_phonetic,9
fire,1061,0.75,cluster_phonetic,4
foreseen,1062,0.75,cluster_phonetic,4
seen,1062,0.75,cluster_phonetic,9
seen,1062,0.75,cluster_phonetic,9
seen,1062,0.75,cluster_phonetic,9
seen,1062,0.75,cluster_phonetic,9
seen,1062,0.75,cluster_phonetic,4
breath,1063,0.75,cluster_phonetic,7
breath,1063,0.75,cluster_phonetic,7
breath,1063,0.75,cluster_phonetic,7
breath,1063,0.75,cluster_phonetic,7
breath,1063,0.75,cluster_phonetic,4
death,1063,0.75,cluster_phonetic,9
death,1063,0.75,cluster_phonetic,9
death,1063,0.75,cluster_phonetic,9
death,1063,0.75,cluster_phonetic,9
death,1063,0.75,cluster_phonetic,4
arrest,1064,0.75,cluster_phonetic,4
crest,1064,0.75,cluster_phonetic,4
crest,1064,0.75,cluster_phonetic,4
rest,1064,0.75,cluster_phonetic,9
rest,1064,0.75,cluster_phonetic,9
rest,1064,0.75,cluster_phonetic,9
rest,1064,0.75,cluster_phonetic,9
rest,1064,0.75,cluster_phonetic,4
unrest,1064,0.75,cluster_phonetic,4
mell,1065,0.75,cluster_phonetic,4
smell,1065,0.75,cluster_phonetic,9
smell,1065,0.75,cluster_phonetic,9
smell,1065,0.75,cluster_phonetic,9
smell,1065,0.75,cluster_phonetic,9
smell,1065,0.75,cluster_phonetic,4
bread,1066,0.75,cluster_phonetic,4
bread,1066,0.75,cluster_phonetic,4
bread,1066,0.75,cluster_phonetic,4
bread,1066,0.75,cluster_phonetic,4
bread,1066,0.75,cluster_phonetic,4
read,1066,0.75,cluster_phonetic,9
read,1066,0.75,cluster_phonetic,9
read,1066,0.75,cluster_phonetic,9
read,1066,0.75,cluster_phonetic,9
read,1066,0.75,cluster_phonetic,4
spread,1066,0.75,cluster_phonetic,4
spread,1066,0.75,cluster_phonetic,4
thread,1066,0.75,cluster_phonetic,4
tread,1066,0.75,cluster_phonetic,4
unread,1066,0.75,cluster_phonetic,4
globe,1067,0.75,cluster_phonetic,9
globe,1067,0.75,cluster_phonetic,9
globe,1067,0.75,cluster_phonetic,9
globe,1067,0.75,cluster_phonetic,9
globe,1067,0.75,cluster_phonetic,4
dozen,1068,0.75,cluster_phonetic,9
dozen,1068,0.75,cluster_phonetic,9
dozen,1068,0.75,cluster_phonetic,9
dozen,1068,0.75,cluster_phonetic,9
dozen,1068,0.75,cluster_phonetic,4
frozen,1068,0.75,cluster_phonetic,4
couch,1069,0.75,cluster_phonetic,9
couch,1069,0.75,cluster_phonetic,9
couch,1069,0.75,cluster_phonetic,9
couch,1069,0.75,cluster_phonetic,9
couch,1069,0.75,cluster_phonetic,4
crouch,1069,0.75,cluster_phonetic,4
ouch,1069,0.75,cluster_phonetic,4
pouch,1069,0.75,cluster_phonetic,4
slouch,1069,0.75,cluster_phonetic,4
vouch,1069,0.75,cluster_phonetic,4
jetty,1070,0.75,cluster_phonetic,4
pretty,1070,0.75,cluster_phonetic,9
pretty,1070,0.75,cluster_phonetic,9
pretty,1070,0.75,cluster_phonetic,9
pretty,1070,0.75,cluster_phonetic,9
pretty,1070,0.75,cluster_phonetic,4
buy,1071,0.75,cluster_phonetic,9
buy,1071,0.75,cluster_phonetic,9
buy,1071,0.75,cluster_phonetic,9
buy,1071,0.75,cluster_phonetic,9
buy,1071,0.75,cluster_phonetic,4
look,1072,0.75,cluster_phonetic,9
look,1072,0.75,cluster_phonetic,9
look,1072,0.75,cluster_phonetic,9
look,1072,0.75,cluster_phonetic,9
look,1072,0.75,cluster_phonetic,4
stare,1073,0.75,cluster_phonetic,9
stare,1073,0.75,cluster_phonetic,9
stare,1073,0.75,cluster_phonetic,9
stare,1073,0.75,cluster_phonetic,9
stare,1073,0.75,cluster_phonetic,4
blunt,1074,0.75,cluster_phonetic,9
blunt,1074,0.75,cluster_phonetic,9
blunt,1074,0.75,cluster_phonetic,9
blunt,1074,0.75,cluster_phonetic,9
blunt,1074,0.75,cluster_phonetic,4
deny,1075,0.75,cluster_phonetic,9
deny,1075,0.75,cluster_phonetic,9
deny,1075,0.75,cluster_phonetic,9
deny,1075,0.75,cluster_phonetic,9
deny,1075,0.75,cluster_phonetic,4
heavy,1076,0.75,cluster_phonetic,9
heavy,1076,0.75,cluster_phonetic,9
heavy,1076,0.75,cluster_phonetic,9
heavy,1076,0.75,cluster_phonetic,9
heavy,1076,0.75,cluster_phonetic,4
colonnade,1077,0.75,cluster_phonetic,4
colonnade,1077,0.75,cluster_phonetic,4
grenade,1077,0.75,cluster_phonetic,4
grenade,1077,0.75,cluster_phonetic,4
lemonade,1077,0.75,cluster_phonetic,9
lemonade,1077,0.75,cluster_phonetic,9
lemonade,1077,0.75,cluster_phonetic,9
lemonade,1077,0.75,cluster_phonetic,9
lemonade,1077,0.75,cluster_phonetic,4
serenade,1077,0.75,cluster_phonetic,4
mix,1078,0.75,cluster_phonetic,9
mix,1078,0.75,cluster_phonetic,9
mix,1078,0.75,cluster_phonetic,9
mix,1078,0.75,cluster_phonetic,9
mix,1078,0.75,cluster_phonetic,4
alchemy,1079,0.75,cluster_phonetic,4
blasphemy,1079,0.75,cluster_phonetic,9
blasphemy,1079,0.75,cluster_phonetic,9
blasphemy,1079,0.75,cluster_phonetic,9
blasphemy,1079,0.75,cluster_phonetic,9
blasphemy,1079,0.75,cluster_phonetic,4
buck,1080,0.75,cluster_phonetic,9
buck,1080,0.75,cluster_phonetic,9
buck,1080,0.75,cluster_phonetic,9
buck,1080,0.75,cluster_phonetic,9
buck,1080,0.75,cluster_phonetic,4
character,1081,0.75,cluster_phonetic,9
character,1081,0.75,cluster_phonetic,9
character,1081,0.75,cluster_phonetic,9
character,1081,0.75,cluster_phonetic,9
character,1081,0.75,cluster_phonetic,4
specter,1081,0.75,cluster_phonetic,4
blank,1082,0.75,cluster_phonetic,4
clank,1082,0.75,cluster_phonetic,4
lank,1082,0.75,cluster_phonetic,4
plank,1082,0.75,cluster_phonetic,9
plank,1082,0.75,cluster_phonetic,9
plank,1082,0.75,cluster_phonetic,9
plank,1082,0.75,cluster_phonetic,9
plank,1082,0.75,cluster_phonetic,4
tea,1083,0.75,cluster_phonetic,9
tea,1083,0.75,cluster_phonetic,9
tea,1083,0.75,cluster_phonetic,9
tea,1083,0.75,cluster_phonetic,9
tea,1083,0.75,cluster_phonetic,4
'dro,1084,0.75,cluster_phonetic,5
'dro,1084,0.75,cluster_phonetic,5
'dro,1084,0.75,cluster_phonetic,5
'dro,1084,0.75,cluster_phonetic,5
dro,1084,0.75,cluster_phonetic,9
goin,1085,0.75,cluster_phonetic,9
clickin,1086,0.75,cluster_phonetic,4
clickin,1086,0.75,cluster_phonetic,4
clickin,1086,0.75,cluster_phonetic,4
clickin,1086,0.75,cluster_phonetic,4
clickin,1086,0.75,cluster_phonetic,4
fuckin',1086,0.75,cluster_phonetic,4
fuckin',1086,0.75,cluster_phonetic,4
fuckin',1086,0.75,cluster_phonetic,4
fuckin',1086,0.75,cluster_phonetic,4
motherfuckin,1086,0.75,cluster_phonetic,5
motherfuckin',1086,0.75,cluster_phonetic,5
motherfuckin',1086,0.75,cluster_phonetic,5
motherfuckin',1086,0.75,cluster_phonetic,5
motherfuckin',1086,0.75,cluster_phonetic,5
stickin,1086,0.75,cluster_phonetic,9
stickin,1086,0.75,cluster_phonetic,8
stickin,1086,0.75,cluster_phonetic,8
stickin,1086,0.75,cluster_phonetic,8
stickin,1086,0.75,cluster_phonetic,8
tickin,1086,0.75,cluster_phonetic,4
tickin,1086,0.75,cluster_phonetic,4
tickin,1086,0.75,cluster_phonetic,4
tickin,1086,0.75,cluster_phonetic,4
tickin,1086,0.75,cluster_phonetic,4
breezy,1087,0.75,cluster_phonetic,8
breezy,1087,0.75,cluster_phonetic,8
breezy,1087,0.75,cluster_phonetic,8
breezy,1087,0.75,cluster_phonetic,8
breezy,1087,0.75,cluster_phonetic,8
bully,1088,0.75,cluster_phonetic,8
bully,1088,0.75,cluster_phonetic,8
bully,1088,0.75,cluster_phonetic,8
bully,1088,0.75,cluster_phonetic,8
bully,1088,0.75,cluster_phonetic,8
cutie,1089,0.75,cluster_phonetic,8
cutie,1089,0.75,cluster_phonetic,8
cutie,1089,0.75,cluster_phonetic,8
cutie,1089,0.75,cluster_phonetic,8
cutie,1089,0.75,cluster_phonetic,8
chastity,1090,0.75,cluster_phonetic,4
entity,1090,0.75,cluster_phonetic,8
entity,1090,0.75,cluster_phonetic,8
entity,1090,0.75,cluster_phonetic,8
entity,1090,0.75,cluster_phonetic,8
entity,1090,0.75,cluster_phonetic,8
quantity,1090,0.75,cluster_phonetic,4
sanctity,1090,0.75,cluster_phonetic,4
haughty,1091,0.75,cluster_phonetic,4
naughty,1091,0.75,cluster_phonetic,8
naughty,1091,0.75,cluster_phonetic,8
naughty,1091,0.75,cluster_phonetic,8
naughty,1091,0.75,cluster_phonetic,8
naughty,1091,0.75,cluster_phonetic,8
plenty,1092,0.75,cluster_phonetic,8
plenty,1092,0.75,cluster_phonetic,8
plenty,1092,0.75,cluster_phonetic,8
plenty,1092,0.75,cluster_phonetic,8
plenty,1092,0.75,cluster_phonetic,8
twenty,1092,0.75,cluster_phonetic,4
ricky,1093,0.75,cluster_phonetic,8
ricky,1093,0.75,cluster_phonetic,8
ricky,1093,0.75,cluster_phonetic,8
ricky,1093,0.75,cluster_phonetic,8
ricky,1093,0.75,cluster_phonetic,8
thi,1094,0.75,cluster_phonetic,8
thi,1094,0.75,cluster_phonetic,8
thi,1094,0.75,cluster_phonetic,8
thi,1094,0.75,cluster_phonetic,8
thi,1094,0.75,cluster_phonetic,8
ze,1095,0.75,cluster_phonetic,8
ze,1095,0.75,cluster_phonetic,8
ze,1095,0.75,cluster_phonetic,8
ze,1095,0.75,cluster_phonetic,8
anne,1096,0.75,cluster_phonetic,8
anne,1096,0.75,cluster_phonetic,8
anne,1096,0.75,cluster_phonetic,8
anne,1096,0.75,cluster_phonetic,8
anne,1096,0.75,cluster_phonetic,8
facts,1097,0.75,cluster_phonetic,8
facts,1097,0.75,cluster_phonetic,8
facts,1097,0.75,cluster_phonetic,8
facts,1097,0.75,cluster_phonetic,8
facts,1097,0.75,cluster_phonetic,8
goddamn,1098,0.75,cluster_phonetic,8
goddamn,1098,0.75,cluster_phonetic,8
goddamn,1098,0.75,cluster_phonetic,8
goddamn,1098,0.75,cluster_phonetic,8
goddamn,1098,0.75,cluster_phonetic,8
had,1099,0.75,cluster_phonetic,8
had,1099,0.75,cluster_phonetic,8
had,1099,0.75,cluster_phonetic,8
had,1099,0.75,cluster_phonetic,8
underpants,1100,0.75,cluster_phonetic,8
underpants,1100,0.75,cluster_phonetic,8
underpants,1100,0.75,cluster_phonetic,8
underpants,1100,0.75,cluster_phonetic,8
underpants,1100,0.75,cluster_phonetic,8
dude,1101,0.75,cluster_phonetic,8
dude,1101,0.75,cluster_phonetic,8
dude,1101,0.75,cluster_phonetic,8
dude,1101,0.75,cluster_phonetic,8
dude,1101,0.75,cluster_phonetic,8
igloo,1102,0.75,cluster_phonetic,8
igloo,1102,0.75,cluster_phonetic,8
igloo,1102,0.75,cluster_phonetic,8
igloo,1102,0.75,cluster_phonetic,8
igloo,1102,0.75,cluster_phonetic,8
eka,1103,0.75,cluster_phonetic,8
eka,1103,0.75,cluster_phonetic,8
eka,1103,0.75,cluster_phonetic,8
eka,1103,0.75,cluster_phonetic,8
eka,1103,0.75,cluster_phonetic,8
lumps,1104,0.75,cluster_phonetic,8
lumps,1104,0.75,cluster_phonetic,8
lumps,1104,0.75,cluster_phonetic,8
lumps,1104,0.75,cluster_phonetic,8
lumps,1104,0.75,cluster_phonetic,8
of,1105,0.75,cluster_phonetic,8
of,1105,0.75,cluster_phonetic,8
of,1105,0.75,cluster_phonetic,8
of,1105,0.75,cluster_phonetic,8
arson,1106,0.75,cluster_phonetic,4
arson,1106,0.75,cluster_phonetic,4
parson,1106,0.75,cluster_phonetic,4
person,1106,0.75,cluster_phonetic,8
person,1106,0.75,cluster_phonetic,8
person,1106,0.75,cluster_phonetic,8
person,1106,0.75,cluster_phonetic,8
person,1106,0.75,cluster_phonetic,8
salvage,1107,0.75,cluster_phonetic,4
savage,1107,0.75,cluster_phonetic,8
savage,1107,0.75,cluster_phonetic,8
savage,1107,0.75,cluster_phonetic,8
savage,1107,0.75,cluster_phonetic,8
savage,1107,0.75,cluster_phonetic,8
trump,1108,0.75,cluster_phonetic,8
trump,1108,0.75,cluster_phonetic,8
trump,1108,0.75,cluster_phonetic,8
trump,1108,0.75,cluster_phonetic,8
trump,1108,0.75,cluster_phonetic,8
ugh,1109,0.75,cluster_phonetic,8
ugh,1109,0.75,cluster_phonetic,8
ugh,1109,0.75,cluster_phonetic,8
ugh,1109,0.75,cluster_phonetic,8
ugh,1109,0.75,cluster_phonetic,8
decision,1110,0.75,cluster_phonetic,6
decision,1110,0.75,cluster_phonetic,6
decision,1110,0.75,cluster_phonetic,6
decision,1110,0.75,cluster_phonetic,6
decision,1110,0.75,cluster_phonetic,6
emulsion,1110,0.75,cluster_phonetic,4
obsession,1110,0.75,cluster_phonetic,4
passion,1110,0.75,cluster_phonetic,4
passion,1110,0.75,cluster_phonetic,4
passion,1110,0.75,cluster_phonetic,4
passion,1110,0.75,cluster_phonetic,4
passion,1110,0.75,cluster_phonetic,4
precision,1110,0.75,cluster_phonetic,4
vision,1110,0.75,cluster_phonetic,8
vision,1110,0.75,cluster_phonetic,8
vision,1110,0.75,cluster_phonetic,8
vision,1110,0.75,cluster_phonetic,8
vision,1110,0.75,cluster_phonetic,8
ottoman,1111,0.75,cluster_phonetic,4
woman,1111,0.75,cluster_phonetic,8
woman,1111,0.75,cluster_phonetic,8
woman,1111,0.75,cluster_phonetic,8
woman,1111,0.75,cluster_phonetic,8
woman,1111,0.75,cluster_phonetic,8
amazing,1112,0.75,cluster_phonetic,8
amazing,1112,0.75,cluster_phonetic,8
amazing,1112,0.75,cluster_phonetic,8
amazing,1112,0.75,cluster_phonetic,8
amazing,1112,0.75,cluster_phonetic,8
freezing,1112,0.75,cluster_phonetic,4
freezing,1112,0.75,cluster_phonetic,4
freezing,1112,0.75,cluster_phonetic,4
freezing,1112,0.75,cluster_phonetic,4
freezing,1112,0.75,cluster_phonetic,4
adding,1113,0.75,cluster_phonetic,4
adding,1113,0.75,cluster_phonetic,4
adding,1113,0.75,cluster_phonetic,4
adding,1113,0.75,cluster_phonetic,4
adding,1113,0.75,cluster_phonetic,4
bleeding,1113,0.75,cluster_phonetic,8
bleeding,1113,0.75,cluster_phonetic,8
bleeding,1113,0.75,cluster_phonetic,8
bleeding,1113,0.75,cluster_phonetic,8
bleeding,1113,0.75,cluster_phonetic,8
blinding,1113,0.75,cluster_phonetic,4
decoding,1113,0.75,cluster_phonetic,4
ending,1113,0.75,cluster_phonetic,5
ending,1113,0.75,cluster_phonetic,5
ending,1113,0.75,cluster_phonetic,5
ending,1113,0.75,cluster_phonetic,5
ending,1113,0.75,cluster_phonetic,5
fading,1113,0.75,cluster_phonetic,4
fading,1113,0.75,cluster_phonetic,4
fading,1113,0.75,cluster_phonetic,4
fading,1113,0.75,cluster_phonetic,4
fading,1113,0.75,cluster_phonetic,4
feeding,1113,0.75,cluster_phonetic,4
finding,1113,0.75,cluster_phonetic,4
landing,1113,0.75,cluster_phonetic,4
landing,1113,0.75,cluster_phonetic,4
landing,1113,0.75,cluster_phonetic,4
landing,1113,0.75,cluster_phonetic,4
landing,1113,0.75,cluster_phonetic,4
shedding,1113,0.75,cluster_phonetic,4
speeding,1113,0.75,cluster_phonetic,4
speeding,1113,0.75,cluster_phonetic,4
speeding,1113,0.75,cluster_phonetic,4
speeding,1113,0.75,cluster_phonetic,4
speeding,1113,0.75,cluster_phonetic,4
welding,1113,0.75,cluster_phonetic,4
feelings,1114,0.75,cluster_phonetic,8
feelings,1114,0.75,cluster_phonetic,8
feelings,1114,0.75,cluster_phonetic,8
feelings,1114,0.75,cluster_phonetic,8
feelings,1114,0.75,cluster_phonetic,8
old,1115,0.75,cluster_phonetic,8
old,1115,0.75,cluster_phonetic,8
old,1115,0.75,cluster_phonetic,8
old,1115,0.75,cluster_phonetic,8
old,1115,0.75,cluster_phonetic,8
radio,1116,0.75,cluster_phonetic,8
radio,1116,0.75,cluster_phonetic,8
radio,1116,0.75,cluster_phonetic,8
radio,1116,0.75,cluster_phonetic,8
radio,1116,0.75,cluster_phonetic,8
soho,1117,0.75,cluster_phonetic,8
soho,1117,0.75,cluster_phonetic,8
soho,1117,0.75,cluster_phonetic,8
soho,1117,0.75,cluster_phonetic,8
soho,1117,0.75,cluster_phonetic,8
vero,1118,0.75,cluster_phonetic,8
vero,1118,0.75,cluster_phonetic,8
vero,1118,0.75,cluster_phonetic,8
vero,1118,0.75,cluster_phonetic,8
vero,1118,0.75,cluster_phonetic,8
bi,1119,0.75,cluster_phonetic,8
bi,1119,0.75,cluster_phonetic,8
bi,1119,0.75,cluster_phonetic,8
bi,1119,0.75,cluster_phonetic,8
hy,1120,0.75,cluster_phonetic,8
hy,1120,0.75,cluster_phonetic,8
hy,1120,0.75,cluster_phonetic,8
hy,1120,0.75,cluster_phonetic,8
mai,1121,0.75,cluster_phonetic,8
mai,1121,0.75,cluster_phonetic,8
mai,1121,0.75,cluster_phonetic,8
mai,1121,0.75,cluster_phonetic,8
mai,1121,0.75,cluster_phonetic,8
mike,1122,0.75,cluster_phonetic,8
mike,1122,0.75,cluster_phonetic,8
mike,1122,0.75,cluster_phonetic,8
mike,1122,0.75,cluster_phonetic,8
mike,1122,0.75,cluster_phonetic,8
likes,1123,0.75,cluster_phonetic,4
nikes,1123,0.75,cluster_phonetic,8
nikes,1123,0.75,cluster_phonetic,8
nikes,1123,0.75,cluster_phonetic,8
nikes,1123,0.75,cluster_phonetic,8
nikes,1123,0.75,cluster_phonetic,8
sunshine,1124,0.75,cluster_phonetic,8
sunshine,1124,0.75,cluster_phonetic,8
sunshine,1124,0.75,cluster_phonetic,8
sunshine,1124,0.75,cluster_phonetic,8
sunshine,1124,0.75,cluster_phonetic,8
cellophane,1125,0.75,cluster_phonetic,8
cellophane,1125,0.75,cluster_phonetic,8
cellophane,1125,0.75,cluster_phonetic,8
cellophane,1125,0.75,cluster_phonetic,8
cellophane,1125,0.75,cluster_phonetic,8
jane,1126,0.75,cluster_phonetic,8
jane,1126,0.75,cluster_phonetic,8
jane,1126,0.75,cluster_phonetic,8
jane,1126,0.75,cluster_phonetic,8
jane,1126,0.75,cluster_phonetic,8
feds,1127,0.75,cluster_phonetic,8
feds,1127,0.75,cluster_phonetic,8
feds,1127,0.75,cluster_phonetic,8
feds,1127,0.75,cluster_phonetic,8
feds,1127,0.75,cluster_phonetic,8
help,1128,0.75,cluster_phonetic,8
help,1128,0.75,cluster_phonetic,8
help,1128,0.75,cluster_phonetic,8
help,1128,0.75,cluster_phonetic,8
help,1128,0.75,cluster_phonetic,8
rolex,1129,0.75,cluster_phonetic,8
rolex,1129,0.75,cluster_phonetic,8
rolex,1129,0.75,cluster_phonetic,8
rolex,1129,0.75,cluster_phonetic,8
rolex,1129,0.75,cluster_phonetic,8
depend,1130,0.75,cluster_phonetic,4
expend,1130,0.75,cluster_phonetic,4
impend,1130,0.75,cluster_phonetic,4
misspend,1130,0.75,cluster_phonetic,4
spend,1130,0.75,cluster_phonetic,8
spend,1130,0.75,cluster_phonetic,8
spend,1130,0.75,cluster_phonetic,8
spend,1130,0.75,cluster_phonetic,8
spend,1130,0.75,cluster_phonetic,8
suspend,1130,0.75,cluster_phonetic,4
climber,1131,0.75,cluster_phonetic,8
climber,1131,0.75,cluster_phonetic,8
climber,1131,0.75,cluster_phonetic,8
climber,1131,0.75,cluster_phonetic,8
climber,1131,0.75,cluster_phonetic,8
cucumber,1131,0.75,cluster_phonetic,4
ember,1131,0.75,cluster_phonetic,4
number,1131,0.75,cluster_phonetic,8
number,1131,0.75,cluster_phonetic,8
number,1131,0.75,cluster_phonetic,8
number,1131,0.75,cluster_phonetic,8
number,1131,0.75,cluster_phonetic,8
remember,1131,0.75,cluster_phonetic,4
remember,1131,0.75,cluster_phonetic,4
remember,1131,0.75,cluster_phonetic,4
remember,1131,0.75,cluster_phonetic,4
remember,1131,0.75,cluster_phonetic,4
bitters,1132,0.75,cluster_phonetic,4
computers,1132,0.75,cluster_phonetic,5
computers,1132,0.75,cluster_phonetic,5
computers,1132,0.75,cluster_phonetic,5
computers,1132,0.75,cluster_phonetic,5
computers,1132,0.75,cluster_phonetic,5
eaters,1132,0.75,cluster_phonetic,8
eaters,1132,0.75,cluster_phonetic,8
eaters,1132,0.75,cluster_phonetic,8
eaters,1132,0.75,cluster_phonetic,8
eaters,1132,0.75,cluster_phonetic,8
haters,1132,0.75,cluster_phonetic,4
haters,1132,0.75,cluster_phonetic,4
haters,1132,0.75,cluster_phonetic,4
haters,1132,0.75,cluster_phonetic,4
haters,1132,0.75,cluster_phonetic,4
letters,1132,0.75,cluster_phonetic,4
letters,1132,0.75,cluster_phonetic,4
letters,1132,0.75,cluster_phonetic,4
letters,1132,0.75,cluster_phonetic,4
letters,1132,0.75,cluster_phonetic,4
scooters,1132,0.75,cluster_phonetic,7
scooters,1132,0.75,cluster_phonetic,7
scooters,1132,0.75,cluster_phonetic,7
scooters,1132,0.75,cluster_phonetic,7
scooters,1132,0.75,cluster_phonetic,7
shooters,1132,0.75,cluster_phonetic,7
shooters,1132,0.75,cluster_phonetic,7
shooters,1132,0.75,cluster_phonetic,7
shooters,1132,0.75,cluster_phonetic,7
shooters,1132,0.75,cluster_phonetic,7
sisters,1132,0.75,cluster_phonetic,8
sisters,1132,0.75,cluster_phonetic,8
sisters,1132,0.75,cluster_phonetic,8
sisters,1132,0.75,cluster_phonetic,8
sisters,1132,0.75,cluster_phonetic,8
familiar,1133,0.75,cluster_phonetic,8
familiar,1133,0.75,cluster_phonetic,8
familiar,1133,0.75,cluster_phonetic,8
familiar,1133,0.75,cluster_phonetic,8
familiar,1133,0.75,cluster_phonetic,8
liar,1133,0.75,cluster_phonetic,4
liar,1133,0.75,cluster_phonetic,4
forfeiture,1134,0.75,cluster_phonetic,4
furniture,1134,0.75,cluster_phonetic,4
future,1134,0.75,cluster_phonetic,8
future,1134,0.75,cluster_phonetic,8
future,1134,0.75,cluster_phonetic,8
future,1134,0.75,cluster_phonetic,8
future,1134,0.75,cluster_phonetic,8
investiture,1134,0.75,cluster_phonetic,4
overture,1134,0.75,cluster_phonetic,4
picture,1134,0.75,cluster_phonetic,8
picture,1134,0.75,cluster_phonetic,8
picture,1134,0.75,cluster_phonetic,8
picture,1134,0.75,cluster_phonetic,8
picture,1134,0.75,cluster_phonetic,8
temperature,1134,0.75,cluster_phonetic,4
herb,1135,0.75,cluster_phonetic,8
herb,1135,0.75,cluster_phonetic,8
herb,1135,0.75,cluster_phonetic,8
herb,1135,0.75,cluster_phonetic,8
herb,1135,0.75,cluster_phonetic,8
words,1136,0.75,cluster_phonetic,8
words,1136,0.75,cluster_phonetic,8
words,1136,0.75,cluster_phonetic,8
words,1136,0.75,cluster_phonetic,8
words,1136,0.75,cluster_phonetic,8
involved,1137,0.75,cluster_phonetic,8
involved,1137,0.75,cluster_phonetic,8
involved,1137,0.75,cluster_phonetic,8
involved,1137,0.75,cluster_phonetic,8
involved,1137,0.75,cluster_phonetic,8
across,1138,0.75,cluster_phonetic,4
cross,1138,0.75,cluster_phonetic,8
cross,1138,0.75,cluster_phonetic,8
cross,1138,0.75,cluster_phonetic,8
cross,1138,0.75,cluster_phonetic,8
cross,1138,0.75,cluster_phonetic,8
four,1139,0.75,cluster_phonetic,8
four,1139,0.75,cluster_phonetic,8
four,1139,0.75,cluster_phonetic,8
four,1139,0.75,cluster_phonetic,8
four,1139,0.75,cluster_phonetic,8
or,1140,0.75,cluster_phonetic,8
or,1140,0.75,cluster_phonetic,8
or,1140,0.75,cluster_phonetic,8
or,1140,0.75,cluster_phonetic,8
thoughts,1141,0.75,cluster_phonetic,8
thoughts,1141,0.75,cluster_phonetic,8
thoughts,1141,0.75,cluster_phonetic,8
thoughts,1141,0.75,cluster_phonetic,8
thoughts,1141,0.75,cluster_phonetic,8
choppa,1142,0.75,cluster_phonetic,8
choppa,1142,0.75,cluster_phonetic,8
choppa,1142,0.75,cluster_phonetic,8
choppa,1142,0.75,cluster_phonetic,8
choppa,1142,0.75,cluster_phonetic,8
killah,1143,0.75,cluster_phonetic,8
killah,1143,0.75,cluster_phonetic,8
killah,1143,0.75,cluster_phonetic,8
killah,1143,0.75,cluster_phonetic,8
killah,1143,0.75,cluster_phonetic,8
soulja,1144,0.75,cluster_phonetic,8
soulja,1144,0.75,cluster_phonetic,8
soulja,1144,0.75,cluster_phonetic,8
soulja,1144,0.75,cluster_phonetic,8
soulja,1144,0.75,cluster_phonetic,8
yawena,1145,0.75,cluster_phonetic,8
yawena,1145,0.75,cluster_phonetic,8
yawena,1145,0.75,cluster_phonetic,8
yawena,1145,0.75,cluster_phonetic,8
yawena,1145,0.75,cluster_phonetic,8
phoras,1146,0.75,cluster_phonetic,8
phoras,1146,0.75,cluster_phonetic,8
phoras,1146,0.75,cluster_phonetic,8
phoras,1146,0.75,cluster_phonetic,8
phoras,1146,0.75,cluster_phonetic,8
yigas,1147,0.75,cluster_phonetic,8
yigas,1147,0.75,cluster_phonetic,8
yigas,1147,0.75,cluster_phonetic,8
yigas,1147,0.75,cluster_phonetic,8
yigas,1147,0.75,cluster_phonetic,8
oke,1148,0.75,cluster_phonetic,8
oke,1148,0.75,cluster_phonetic,8
oke,1148,0.75,cluster_phonetic,8
oke,1148,0.75,cluster_phonetic,8
oke,1148,0.75,cluster_phonetic,8
razakel,1149,0.75,cluster_phonetic,8
razakel,1149,0.75,cluster_phonetic,8
razakel,1149,0.75,cluster_phonetic,8
razakel,1149,0.75,cluster_phonetic,8
razakel,1149,0.75,cluster_phonetic,8
phat,1150,0.75,cluster_phonetic,8
phat,1150,0.75,cluster_phonetic,8
phat,1150,0.75,cluster_phonetic,8
phat,1150,0.75,cluster_phonetic,8
phat,1150,0.75,cluster_phonetic,8
rari,1151,0.75,cluster_phonetic,8
rari,1151,0.75,cluster_phonetic,8
rari,1151,0.75,cluster_phonetic,8
rari,1151,0.75,cluster_phonetic,8
rari,1151,0.75,cluster_phonetic,8
ruci,1152,0.75,cluster_phonetic,8
ruci,1152,0.75,cluster_phonetic,8
ruci,1152,0.75,cluster_phonetic,8
ruci,1152,0.75,cluster_phonetic,8
ruci,1152,0.75,cluster_phonetic,8
sbh,1153,0.75,cluster_phonetic,8
sbh,1153,0.75,cluster_phonetic,8
sbh,1153,0.75,cluster_phonetic,8
sbh,1153,0.75,cluster_phonetic,8
sbh,1153,0.75,cluster_phonetic,8
choushi,1154,0.75,cluster_phonetic,8
choushi,1154,0.75,cluster_phonetic,8
choushi,1154,0.75,cluster_phonetic,8
choushi,1154,0.75,cluster_phonetic,8
choushi,1154,0.75,cluster_phonetic,8
bhm,1155,0.75,cluster_phonetic,8
bhm,1155,0.75,cluster_phonetic,8
bhm,1155,0.75,cluster_phonetic,8
bhm,1155,0.75,cluster_phonetic,8
bhm,1155,0.75,cluster_phonetic,8
kounas,1156,0.75,cluster_phonetic,8
kounas,1156,0.75,cluster_phonetic,8
kounas,1156,0.75,cluster_phonetic,8
kounas,1156,0.75,cluster_phonetic,8
kounas,1156,0.75,cluster_phonetic,8
kraj,1157,0.75,cluster_phonetic,8
kraj,1157,0.75,cluster_phonetic,8
kraj,1157,0.75,cluster_phonetic,8
kraj,1157,0.75,cluster_phonetic,8
kraj,1157,0.75,cluster_phonetic,8
tetris,1158,0.75,cluster_phonetic,8
tetris,1158,0.75,cluster_phonetic,8
tetris,1158,0.75,cluster_phonetic,8
tetris,1158,0.75,cluster_phonetic,8
tetris,1158,0.75,cluster_phonetic,8
radis,1159,0.75,cluster_phonetic,8
radis,1159,0.75,cluster_phonetic,8
radis,1159,0.75,cluster_phonetic,8
radis,1159,0.75,cluster_phonetic,8
radis,1159,0.75,cluster_phonetic,8
konji,1160,0.75,cluster_phonetic,8
konji,1160,0.75,cluster_phonetic,8
konji,1160,0.75,cluster_phonetic,8
konji,1160,0.75,cluster_phonetic,8
konji,1160,0.75,cluster_phonetic,8
poti,1161,0.75,cluster_phonetic,8
poti,1161,0.75,cluster_phonetic,8
poti,1161,0.75,cluster_phonetic,8
poti,1161,0.75,cluster_phonetic,8
poti,1161,0.75,cluster_phonetic,8
moorhdi,1162,0.75,cluster_phonetic,8
moorhdi,1162,0.75,cluster_phonetic,8
moorhdi,1162,0.75,cluster_phonetic,8
moorhdi,1162,0.75,cluster_phonetic,8
moorhdi,1162,0.75,cluster_phonetic,8
ponovo,1163,0.75,cluster_phonetic,8
ponovo,1163,0.75,cluster_phonetic,8
ponovo,1163,0.75,cluster_phonetic,8
ponovo,1163,0.75,cluster_phonetic,8
ponovo,1163,0.75,cluster_phonetic,8
antistatho,1164,0.75,cluster_phonetic,8
antistatho,1164,0.75,cluster_phonetic,8
antistatho,1164,0.75,cluster_phonetic,8
antistatho,1164,0.75,cluster_phonetic,8
antistatho,1164,0.75,cluster_phonetic,8
kupfuniwo,1165,0.75,cluster_phonetic,8
kupfuniwo,1165,0.75,cluster_phonetic,8
kupfuniwo,1165,0.75,cluster_phonetic,8
kupfuniwo,1165,0.75,cluster_phonetic,8
kupfuniwo,1165,0.75,cluster_phonetic,8
lolo,1166,0.75,cluster_phonetic,8
lolo,1166,0.75,cluster_phonetic,8
lolo,1166,0.75,cluster_phonetic,8
lolo,1166,0.75,cluster_phonetic,8
lolo,1166,0.75,cluster_phonetic,8
molto,1167,0.75,cluster_phonetic,8
molto,1167,0.75,cluster_phonetic,8
molto,1167,0.75,cluster_phonetic,8
molto,1167,0.75,cluster_phonetic,8
molto,1167,0.75,cluster_phonetic,8
mporo,1168,0.75,cluster_phonetic,8
mporo,1168,0.75,cluster_phonetic,8
mporo,1168,0.75,cluster_phonetic,8
mporo,1168,0.75,cluster_phonetic,8
mporo,1168,0.75,cluster_phonetic,8
sicko,1169,0.75,cluster_phonetic,8
sicko,1169,0.75,cluster_phonetic,8
sicko,1169,0.75,cluster_phonetic,8
sicko,1169,0.75,cluster_phonetic,8
sicko,1169,0.75,cluster_phonetic,8
carryminati,1170,0.75,cluster_phonetic,8
carryminati,1170,0.75,cluster_phonetic,8
carryminati,1170,0.75,cluster_phonetic,8
carryminati,1170,0.75,cluster_phonetic,8
carryminati,1170,0.75,cluster_phonetic,8
illuminati,1170,0.75,cluster_phonetic,4
illuminati,1170,0.75,cluster_phonetic,4
illuminati,1170,0.75,cluster_phonetic,4
illuminati,1170,0.75,cluster_phonetic,4
illuminati,1170,0.75,cluster_phonetic,4
pshw,1171,0.75,cluster_phonetic,8
pshw,1171,0.75,cluster_phonetic,8
pshw,1171,0.75,cluster_phonetic,8
pshw,1171,0.75,cluster_phonetic,8
pshw,1171,0.75,cluster_phonetic,8
rw,1172,0.75,cluster_phonetic,8
rw,1172,0.75,cluster_phonetic,8
rw,1172,0.75,cluster_phonetic,8
rw,1172,0.75,cluster_phonetic,8
bumpin,1173,0.75,cluster_phonetic,8
bumpin',1173,0.75,cluster_phonetic,8
bumpin',1173,0.75,cluster_phonetic,8
bumpin',1173,0.75,cluster_phonetic,8
bumpin',1173,0.75,cluster_phonetic,8
pimpin,1173,0.75,cluster_phonetic,5
pimpin',1173,0.75,cluster_phonetic,4
pimpin',1173,0.75,cluster_phonetic,4
pimpin',1173,0.75,cluster_phonetic,4
pimpin',1173,0.75,cluster_phonetic,4
mwen,1174,0.75,cluster_phonetic,8
mwen,1174,0.75,cluster_phonetic,8
mwen,1174,0.75,cluster_phonetic,8
mwen,1174,0.75,cluster_phonetic,8
mwen,1174,0.75,cluster_phonetic,8
papi,1175,0.75,cluster_phonetic,8
papi,1175,0.75,cluster_phonetic,8
papi,1175,0.75,cluster_phonetic,8
papi,1175,0.75,cluster_phonetic,8
papi,1175,0.75,cluster_phonetic,8
idioti,1176,0.75,cluster_phonetic,8
idioti,1176,0.75,cluster_phonetic,8
idioti,1176,0.75,cluster_phonetic,8
idioti,1176,0.75,cluster_phonetic,8
idioti,1176,0.75,cluster_phonetic,8
igh,1177,0.75,cluster_phonetic,8
igh,1177,0.75,cluster_phonetic,8
igh,1177,0.75,cluster_phonetic,8
igh,1177,0.75,cluster_phonetic,8
igh,1177,0.75,cluster_phonetic,8
ooo,1178,0.75,cluster_phonetic,8
ooo,1178,0.75,cluster_phonetic,8
ooo,1178,0.75,cluster_phonetic,8
ooo,1178,0.75,cluster_phonetic,8
ooo,1178,0.75,cluster_phonetic,8
renty,1179,0.75,cluster_phonetic,8
renty,1179,0.75,cluster_phonetic,8
renty,1179,0.75,cluster_phonetic,8
renty,1179,0.75,cluster_phonetic,8
renty,1179,0.75,cluster_phonetic,8
phonies,1180,0.75,cluster_phonetic,8
phonies,1180,0.75,cluster_phonetic,8
phonies,1180,0.75,cluster_phonetic,8
phonies,1180,0.75,cluster_phonetic,8
phonies,1180,0.75,cluster_phonetic,8
boof,1181,0.75,cluster_phonetic,8
boof,1181,0.75,cluster_phonetic,8
boof,1181,0.75,cluster_phonetic,8
boof,1181,0.75,cluster_phonetic,8
boof,1181,0.75,cluster_phonetic,8
fit,1182,0.75,cluster_phonetic,8
fit,1182,0.75,cluster_phonetic,8
fit,1182,0.75,cluster_phonetic,8
fit,1182,0.75,cluster_phonetic,8
fit,1182,0.75,cluster_phonetic,4
contrite,1183,0.75,cluster_phonetic,4
rite,1183,0.75,cluster_phonetic,4
rite,1183,0.75,cluster_phonetic,4
sprite,1183,0.75,cluster_phonetic,4
sprite,1183,0.75,cluster_phonetic,4
sprite,1183,0.75,cluster_phonetic,4
sprite,1183,0.75,cluster_phonetic,4
sprite,1183,0.75,cluster_phonetic,4
trite,1183,0.75,cluster_phonetic,4
write,1183,0.75,cluster_phonetic,8
write,1183,0.75,cluster_phonetic,8
write,1183,0.75,cluster_phonetic,8
write,1183,0.75,cluster_phonetic,8
write,1183,0.75,cluster_phonetic,4
dismiss,1184,0.75,cluster_phonetic,4
miss,1184,0.75,cluster_phonetic,8
miss,1184,0.75,cluster_phonetic,8
miss,1184,0.75,cluster_phonetic,8
miss,1184,0.75,cluster_phonetic,8
miss,1184,0.75,cluster_phonetic,4
remiss,1184,0.75,cluster_phonetic,4
brash,1185,0.75,cluster_phonetic,4
crash,1185,0.75,cluster_phonetic,5
crash,1185,0.75,cluster_phonetic,5
crash,1185,0.75,cluster_phonetic,5
crash,1185,0.75,cluster_phonetic,5
crash,1185,0.75,cluster_phonetic,4
rash,1185,0.75,cluster_phonetic,4
thrash,1185,0.75,cluster_phonetic,4
trash,1185,0.75,cluster_phonetic,8
trash,1185,0.75,cluster_phonetic,8
trash,1185,0.75,cluster_phonetic,8
trash,1185,0.75,cluster_phonetic,8
trash,1185,0.75,cluster_phonetic,4
lave,1186,0.75,cluster_phonetic,4
slave,1186,0.75,cluster_phonetic,8
slave,1186,0.75,cluster_phonetic,8
slave,1186,0.75,cluster_phonetic,8
slave,1186,0.75,cluster_phonetic,8
slave,1186,0.75,cluster_phonetic,4
jail,1187,0.75,cluster_phonetic,8
jail,1187,0.75,cluster_phonetic,8
jail,1187,0.75,cluster_phonetic,8
jail,1187,0.75,cluster_phonetic,8
jail,1187,0.75,cluster_phonetic,4
ace,1188,0.75,cluster_phonetic,8
ace,1188,0.75,cluster_phonetic,8
ace,1188,0.75,cluster_phonetic,8
ace,1188,0.75,cluster_phonetic,8
ace,1188,0.75,cluster_phonetic,4
affair,1189,0.75,cluster_phonetic,4
fair,1189,0.75,cluster_phonetic,8
fair,1189,0.75,cluster_phonetic,8
fair,1189,0.75,cluster_phonetic,8
fair,1189,0.75,cluster_phonetic,8
fair,1189,0.75,cluster_phonetic,4
sex,1190,0.75,cluster_phonetic,8
sex,1190,0.75,cluster_phonetic,8
sex,1190,0.75,cluster_phonetic,8
sex,1190,0.75,cluster_phonetic,8
sex,1190,0.75,cluster_phonetic,4
fear,1191,0.75,cluster_phonetic,8
fear,1191,0.75,cluster_phonetic,8
fear,1191,0.75,cluster_phonetic,8
fear,1191,0.75,cluster_phonetic,8
fear,1191,0.75,cluster_phonetic,4
blood,1192,0.75,cluster_phonetic,8
blood,1192,0.75,cluster_phonetic,8
blood,1192,0.75,cluster_phonetic,8
blood,1192,0.75,cluster_phonetic,8
blood,1192,0.75,cluster_phonetic,4
flood,1192,0.75,cluster_phonetic,4
rag,1193,0.75,cluster_phonetic,8
rag,1193,0.75,cluster_phonetic,8
rag,1193,0.75,cluster_phonetic,8
rag,1193,0.75,cluster_phonetic,8
rag,1193,0.75,cluster_phonetic,4
butt,1194,0.75,cluster_phonetic,8
butt,1194,0.75,cluster_phonetic,8
butt,1194,0.75,cluster_phonetic,8
butt,1194,0.75,cluster_phonetic,8
butt,1194,0.75,cluster_phonetic,4
fate,1195,0.75,cluster_phonetic,8
fate,1195,0.75,cluster_phonetic,8
fate,1195,0.75,cluster_phonetic,8
fate,1195,0.75,cluster_phonetic,8
fate,1195,0.75,cluster_phonetic,4
exist,1196,0.75,cluster_phonetic,8
exist,1196,0.75,cluster_phonetic,8
exist,1196,0.75,cluster_phonetic,8
exist,1196,0.75,cluster_phonetic,8
exist,1196,0.75,cluster_phonetic,4
art,1197,0.75,cluster_phonetic,8
art,1197,0.75,cluster_phonetic,8
art,1197,0.75,cluster_phonetic,8
art,1197,0.75,cluster_phonetic,8
art,1197,0.75,cluster_phonetic,4
heard,1198,0.75,cluster_phonetic,8
heard,1198,0.75,cluster_phonetic,8
heard,1198,0.75,cluster_phonetic,8
heard,1198,0.75,cluster_phonetic,8
heard,1198,0.75,cluster_phonetic,4
find,1199,0.75,cluster_phonetic,8
find,1199,0.75,cluster_phonetic,8
find,1199,0.75,cluster_phonetic,8
find,1199,0.75,cluster_phonetic,8
find,1199,0.75,cluster_phonetic,4
begin,1200,0.75,cluster_phonetic,8
begin,1200,0.75,cluster_phonetic,8
begin,1200,0.75,cluster_phonetic,8
begin,1200,0.75,cluster_phonetic,8
begin,1200,0.75,cluster_phonetic,4
cock,1201,0.75,cluster_phonetic,8
cock,1201,0.75,cluster_phonetic,8
cock,1201,0.75,cluster_phonetic,8
cock,1201,0.75,cluster_phonetic,8
cock,1201,0.75,cluster_phonetic,4
acquit,1202,0.75,cluster_phonetic,4
quit,1202,0.75,cluster_phonetic,8
quit,1202,0.75,cluster_phonetic,8
quit,1202,0.75,cluster_phonetic,8
quit,1202,0.75,cluster_phonetic,8
quit,1202,0.75,cluster_phonetic,4
nose,1203,0.75,cluster_phonetic,8
nose,1203,0.75,cluster_phonetic,8
nose,1203,0.75,cluster_phonetic,8
nose,1203,0.75,cluster_phonetic,8
nose,1203,0.75,cluster_phonetic,4
empty,1204,0.75,cluster_phonetic,8
empty,1204,0.75,cluster_phonetic,8
empty,1204,0.75,cluster_phonetic,8
empty,1204,0.75,cluster_phonetic,8
empty,1204,0.75,cluster_phonetic,4
hake,1205,0.75,cluster_phonetic,4
shake,1205,0.75,cluster_phonetic,8
shake,1205,0.75,cluster_phonetic,8
shake,1205,0.75,cluster_phonetic,8
shake,1205,0.75,cluster_phonetic,8
shake,1205,0.75,cluster_phonetic,4
ill,1206,0.75,cluster_phonetic,8
ill,1206,0.75,cluster_phonetic,8
ill,1206,0.75,cluster_phonetic,8
ill,1206,0.75,cluster_phonetic,8
ill,1206,0.75,cluster_phonetic,4
lip,1207,0.75,cluster_phonetic,8
lip,1207,0.75,cluster_phonetic,8
lip,1207,0.75,cluster_phonetic,8
lip,1207,0.75,cluster_phonetic,8
lip,1207,0.75,cluster_phonetic,4
dine,1208,0.75,cluster_phonetic,8
dine,1208,0.75,cluster_phonetic,8
dine,1208,0.75,cluster_phonetic,8
dine,1208,0.75,cluster_phonetic,8
dine,1208,0.75,cluster_phonetic,4
sleeve,1209,0.75,cluster_phonetic,8
sleeve,1209,0.75,cluster_phonetic,8
sleeve,1209,0.75,cluster_phonetic,8
sleeve,1209,0.75,cluster_phonetic,8
sleeve,1209,0.75,cluster_phonetic,4
fee,1210,0.75,cluster_phonetic,8
fee,1210,0.75,cluster_phonetic,8
fee,1210,0.75,cluster_phonetic,8
fee,1210,0.75,cluster_phonetic,8
fee,1210,0.75,cluster_phonetic,4
brake,1211,0.75,cluster_phonetic,4
drake,1211,0.75,cluster_phonetic,8
drake,1211,0.75,cluster_phonetic,8
drake,1211,0.75,cluster_phonetic,8
drake,1211,0.75,cluster_phonetic,8
drake,1211,0.75,cluster_phonetic,4
rake,1211,0.75,cluster_phonetic,4
force,1212,0.75,cluster_phonetic,8
force,1212,0.75,cluster_phonetic,8
force,1212,0.75,cluster_phonetic,8
force,1212,0.75,cluster_phonetic,8
force,1212,0.75,cluster_phonetic,4
trick,1213,0.75,cluster_phonetic,8
trick,1213,0.75,cluster_phonetic,8
trick,1213,0.75,cluster_phonetic,8
trick,1213,0.75,cluster_phonetic,8
trick,1213,0.75,cluster_phonetic,4
keys,1214,0.75,cluster_phonetic,8
keys,1214,0.75,cluster_phonetic,8
keys,1214,0.75,cluster_phonetic,8
keys,1214,0.75,cluster_phonetic,8
keys,1214,0.75,cluster_phonetic,4
bleed,1215,0.75,cluster_phonetic,8
bleed,1215,0.75,cluster_phonetic,8
bleed,1215,0.75,cluster_phonetic,8
bleed,1215,0.75,cluster_phonetic,8
bleed,1215,0.75,cluster_phonetic,4
adventurous,1216,0.75,cluster_phonetic,4
amorous,1216,0.75,cluster_phonetic,4
boisterous,1216,0.75,cluster_phonetic,4
cantankerous,1216,0.75,cluster_phonetic,4
dangerous,1216,0.75,cluster_phonetic,8
dangerous,1216,0.75,cluster_phonetic,8
dangerous,1216,0.75,cluster_phonetic,8
dangerous,1216,0.75,cluster_phonetic,8
dangerous,1216,0.75,cluster_phonetic,4
generous,1216,0.75,cluster_phonetic,4
humorous,1216,0.75,cluster_phonetic,4
idolatrous,1216,0.75,cluster_phonetic,4
lecherous,1216,0.75,cluster_phonetic,4
numerous,1216,0.75,cluster_phonetic,4
obstreperous,1216,0.75,cluster_phonetic,4
odorous,1216,0.75,cluster_phonetic,4
omnivorous,1216,0.75,cluster_phonetic,4
ponderous,1216,0.75,cluster_phonetic,4
porous,1216,0.75,cluster_phonetic,4
prosperous,1216,0.75,cluster_phonetic,4
rigorous,1216,0.75,cluster_phonetic,4
slanderous,1216,0.75,cluster_phonetic,4
sonorous,1216,0.75,cluster_phonetic,4
timorous,1216,0.75,cluster_phonetic,4
traitorous,1216,0.75,cluster_phonetic,4
treacherous,1216,0.75,cluster_phonetic,4
vigorous,1216,0.75,cluster_phonetic,4
viviparous,1216,0.75,cluster_phonetic,4
vociferous,1216,0.75,cluster_phonetic,4
dip,1217,0.75,cluster_phonetic,8
dip,1217,0.75,cluster_phonetic,8
dip,1217,0.75,cluster_phonetic,8
dip,1217,0.75,cluster_phonetic,8
dip,1217,0.75,cluster_phonetic,4
does,1218,0.75,cluster_phonetic,8
does,1218,0.75,cluster_phonetic,8
does,1218,0.75,cluster_phonetic,8
does,1218,0.75,cluster_phonetic,8
does,1218,0.75,cluster_phonetic,4
hummer,1219,0.75,cluster_phonetic,6
hummer,1219,0.75,cluster_phonetic,6
hummer,1219,0.75,cluster_phonetic,6
hummer,1219,0.75,cluster_phonetic,6
hummer,1219,0.75,cluster_phonetic,6
simmer,1219,0.75,cluster_phonetic,4
stammer,1219,0.75,cluster_phonetic,4
summer,1219,0.75,cluster_phonetic,8
summer,1219,0.75,cluster_phonetic,8
summer,1219,0.75,cluster_phonetic,8
summer,1219,0.75,cluster_phonetic,8
summer,1219,0.75,cluster_phonetic,4
episode,1220,0.75,cluster_phonetic,8
episode,1220,0.75,cluster_phonetic,8
episode,1220,0.75,cluster_phonetic,8
episode,1220,0.75,cluster_phonetic,8
episode,1220,0.75,cluster_phonetic,4
angular,1221,0.75,cluster_phonetic,4
particular,1221,0.75,cluster_phonetic,4
perpendicular,1221,0.75,cluster_phonetic,4
popular,1221,0.75,cluster_phonetic,4
regular,1221,0.75,cluster_phonetic,8
regular,1221,0.75,cluster_phonetic,8
regular,1221,0.75,cluster_phonetic,8
regular,1221,0.75,cluster_phonetic,8
regular,1221,0.75,cluster_phonetic,4
secular,1221,0.75,cluster_phonetic,4
singular,1221,0.75,cluster_phonetic,4
titular,1221,0.75,cluster_phonetic,4
wata,1222,0.75,cluster_phonetic,8
wata',1222,0.75,cluster_phonetic,6
wata',1222,0.75,cluster_phonetic,6
wata',1222,0.75,cluster_phonetic,6
wata',1222,0.75,cluster_phonetic,6
alley,1223,0.75,cluster_phonetic,7
alley,1223,0.75,cluster_phonetic,7
alley,1223,0.75,cluster_phonetic,7
alley,1223,0.75,cluster_phonetic,7
alley,1223,0.75,cluster_phonetic,7
galley,1223,0.75,cluster_phonetic,4
pulley,1223,0.75,cluster_phonetic,4
century,1224,0.75,cluster_phonetic,7
century,1224,0.75,cluster_phonetic,7
century,1224,0.75,cluster_phonetic,7
century,1224,0.75,cluster_phonetic,7
century,1224,0.75,cluster_phonetic,7
di,1225,0.75,cluster_phonetic,7
di,1225,0.75,cluster_phonetic,7
di,1225,0.75,cluster_phonetic,7
di,1225,0.75,cluster_phonetic,7
constancy,1226,0.75,cluster_phonetic,4
fancy,1226,0.75,cluster_phonetic,7
fancy,1226,0.75,cluster_phonetic,7
fancy,1226,0.75,cluster_phonetic,7
fancy,1226,0.75,cluster_phonetic,7
fancy,1226,0.75,cluster_phonetic,7
inconstancy,1226,0.75,cluster_phonetic,4
infancy,1226,0.75,cluster_phonetic,4
necromancy,1226,0.75,cluster_phonetic,4
vacancy,1226,0.75,cluster_phonetic,4
fiends,1227,0.75,cluster_phonetic,7
fiends,1227,0.75,cluster_phonetic,7
fiends,1227,0.75,cluster_phonetic,7
fiends,1227,0.75,cluster_phonetic,7
fiends,1227,0.75,cluster_phonetic,7
ladies,1228,0.75,cluster_phonetic,7
ladies,1228,0.75,cluster_phonetic,7
ladies,1228,0.75,cluster_phonetic,7
ladies,1228,0.75,cluster_phonetic,7
ladies,1228,0.75,cluster_phonetic,7
likely,1229,0.75,cluster_phonetic,7
likely,1229,0.75,cluster_phonetic,7
likely,1229,0.75,cluster_phonetic,7
likely,1229,0.75,cluster_phonetic,7
likely,1229,0.75,cluster_phonetic,7
macaroni,1230,0.75,cluster_phonetic,7
macaroni,1230,0.75,cluster_phonetic,7
macaroni,1230,0.75,cluster_phonetic,7
macaroni,1230,0.75,cluster_phonetic,7
macaroni,1230,0.75,cluster_phonetic,7
rookie,1231,0.75,cluster_phonetic,7
rookie,1231,0.75,cluster_phonetic,7
rookie,1231,0.75,cluster_phonetic,7
rookie,1231,0.75,cluster_phonetic,7
rookie,1231,0.75,cluster_phonetic,7
tsunami,1232,0.75,cluster_phonetic,7
tsunami,1232,0.75,cluster_phonetic,7
tsunami,1232,0.75,cluster_phonetic,7
tsunami,1232,0.75,cluster_phonetic,7
tsunami,1232,0.75,cluster_phonetic,7
z,1233,0.75,cluster_phonetic,7
z,1233,0.75,cluster_phonetic,7
z,1233,0.75,cluster_phonetic,7
z,1233,0.75,cluster_phonetic,7
fans,1234,0.75,cluster_phonetic,7
fans,1234,0.75,cluster_phonetic,7
fans,1234,0.75,cluster_phonetic,7
fans,1234,0.75,cluster_phonetic,7
fans,1234,0.75,cluster_phonetic,7
macs,1235,0.75,cluster_phonetic,7
macs,1235,0.75,cluster_phonetic,7
macs,1235,0.75,cluster_phonetic,7
macs,1235,0.75,cluster_phonetic,7
macs,1235,0.75,cluster_phonetic,7
wasteland,1236,0.75,cluster_phonetic,7
wasteland,1236,0.75,cluster_phonetic,7
wasteland,1236,0.75,cluster_phonetic,7
wasteland,1236,0.75,cluster_phonetic,7
wasteland,1236,0.75,cluster_phonetic,7
boom,1237,0.75,cluster_phonetic,7
boom,1237,0.75,cluster_phonetic,7
boom,1237,0.75,cluster_phonetic,7
boom,1237,0.75,cluster_phonetic,7
boom,1237,0.75,cluster_phonetic,7
cutlass,1238,0.75,cluster_phonetic,7
cutlass,1238,0.75,cluster_phonetic,7
cutlass,1238,0.75,cluster_phonetic,7
cutlass,1238,0.75,cluster_phonetic,7
cutlass,1238,0.75,cluster_phonetic,7
clutch,1239,0.75,cluster_phonetic,4
crutch,1239,0.75,cluster_phonetic,4
dutch,1239,0.75,cluster_phonetic,7
dutch,1239,0.75,cluster_phonetic,7
dutch,1239,0.75,cluster_phonetic,7
dutch,1239,0.75,cluster_phonetic,7
dutch,1239,0.75,cluster_phonetic,7
hutch,1239,0.75,cluster_phonetic,4
fullest,1240,0.75,cluster_phonetic,7
fullest,1240,0.75,cluster_phonetic,7
fullest,1240,0.75,cluster_phonetic,7
fullest,1240,0.75,cluster_phonetic,7
fullest,1240,0.75,cluster_phonetic,7
flotilla,1241,0.75,cluster_phonetic,4
godzilla,1241,0.75,cluster_phonetic,7
godzilla,1241,0.75,cluster_phonetic,7
godzilla,1241,0.75,cluster_phonetic,7
godzilla,1241,0.75,cluster_phonetic,7
godzilla,1241,0.75,cluster_phonetic,7
gorilla,1241,0.75,cluster_phonetic,4
villa,1241,0.75,cluster_phonetic,4
hundred,1242,0.75,cluster_phonetic,7
hundred,1242,0.75,cluster_phonetic,7
hundred,1242,0.75,cluster_phonetic,7
hundred,1242,0.75,cluster_phonetic,7
hundred,1242,0.75,cluster_phonetic,7
level,1243,0.75,cluster_phonetic,7
level,1243,0.75,cluster_phonetic,7
level,1243,0.75,cluster_phonetic,7
level,1243,0.75,cluster_phonetic,7
level,1243,0.75,cluster_phonetic,7
mafia,1244,0.75,cluster_phonetic,7
mafia,1244,0.75,cluster_phonetic,7
mafia,1244,0.75,cluster_phonetic,7
mafia,1244,0.75,cluster_phonetic,7
mafia,1244,0.75,cluster_phonetic,7
pistol,1245,0.75,cluster_phonetic,7
pistol,1245,0.75,cluster_phonetic,7
pistol,1245,0.75,cluster_phonetic,7
pistol,1245,0.75,cluster_phonetic,7
pistol,1245,0.75,cluster_phonetic,7
profit,1246,0.75,cluster_phonetic,7
profit,1246,0.75,cluster_phonetic,7
profit,1246,0.75,cluster_phonetic,7
profit,1246,0.75,cluster_phonetic,7
profit,1246,0.75,cluster_phonetic,7
launch,1247,0.75,cluster_phonetic,4
punch,1247,0.75,cluster_phonetic,7
punch,1247,0.75,cluster_phonetic,7
punch,1247,0.75,cluster_phonetic,7
punch,1247,0.75,cluster_phonetic,7
punch,1247,0.75,cluster_phonetic,7
um,1248,0.75,cluster_phonetic,7
um,1248,0.75,cluster_phonetic,7
um,1248,0.75,cluster_phonetic,7
um,1248,0.75,cluster_phonetic,7
big,1249,0.75,cluster_phonetic,7
big,1249,0.75,cluster_phonetic,7
big,1249,0.75,cluster_phonetic,7
big,1249,0.75,cluster_phonetic,7
big,1249,0.75,cluster_phonetic,7
blinded,1250,0.75,cluster_phonetic,7
blinded,1250,0.75,cluster_phonetic,7
blinded,1250,0.75,cluster_phonetic,7
blinded,1250,0.75,cluster_phonetic,7
blinded,1250,0.75,cluster_phonetic,7
wounded,1250,0.75,cluster_phonetic,4
wounded,1250,0.75,cluster_phonetic,4
wounded,1250,0.75,cluster_phonetic,4
wounded,1250,0.75,cluster_phonetic,4
wounded,1250,0.75,cluster_phonetic,4
comin',1251,0.75,cluster_phonetic,7
comin',1251,0.75,cluster_phonetic,7
comin',1251,0.75,cluster_phonetic,7
comin',1251,0.75,cluster_phonetic,7
dreaming,1252,0.75,cluster_phonetic,7
dreaming,1252,0.75,cluster_phonetic,7
dreaming,1252,0.75,cluster_phonetic,7
dreaming,1252,0.75,cluster_phonetic,7
dreaming,1252,0.75,cluster_phonetic,7
screaming,1252,0.75,cluster_phonetic,4
screaming,1252,0.75,cluster_phonetic,4
screaming,1252,0.75,cluster_phonetic,4
screaming,1252,0.75,cluster_phonetic,4
screaming,1252,0.75,cluster_phonetic,4
ostrich,1253,0.75,cluster_phonetic,7
ostrich,1253,0.75,cluster_phonetic,7
ostrich,1253,0.75,cluster_phonetic,7
ostrich,1253,0.75,cluster_phonetic,7
ostrich,1253,0.75,cluster_phonetic,7
outfit,1254,0.75,cluster_phonetic,7
outfit,1254,0.75,cluster_phonetic,7
outfit,1254,0.75,cluster_phonetic,7
outfit,1254,0.75,cluster_phonetic,7
outfit,1254,0.75,cluster_phonetic,7
breaking,1255,0.75,cluster_phonetic,6
breaking,1255,0.75,cluster_phonetic,6
breaking,1255,0.75,cluster_phonetic,6
breaking,1255,0.75,cluster_phonetic,6
breaking,1255,0.75,cluster_phonetic,6
cooking,1255,0.75,cluster_phonetic,4
cooking,1255,0.75,cluster_phonetic,4
cooking,1255,0.75,cluster_phonetic,4
cooking,1255,0.75,cluster_phonetic,4
cooking,1255,0.75,cluster_phonetic,4
leaking,1255,0.75,cluster_phonetic,5
leaking,1255,0.75,cluster_phonetic,5
leaking,1255,0.75,cluster_phonetic,5
leaking,1255,0.75,cluster_phonetic,5
leaking,1255,0.75,cluster_phonetic,5
sinking,1255,0.75,cluster_phonetic,4
sinking,1255,0.75,cluster_phonetic,4
sinking,1255,0.75,cluster_phonetic,4
sinking,1255,0.75,cluster_phonetic,4
sinking,1255,0.75,cluster_phonetic,4
talking,1255,0.75,cluster_phonetic,5
talking,1255,0.75,cluster_phonetic,5
talking,1255,0.75,cluster_phonetic,5
talking,1255,0.75,cluster_phonetic,5
talking,1255,0.75,cluster_phonetic,5
thinking,1255,0.75,cluster_phonetic,7
thinking,1255,0.75,cluster_phonetic,7
thinking,1255,0.75,cluster_phonetic,7
thinking,1255,0.75,cluster_phonetic,7
thinking,1255,0.75,cluster_phonetic,7
unpacking,1255,0.75,cluster_phonetic,4
walking,1255,0.75,cluster_phonetic,5
walking,1255,0.75,cluster_phonetic,5
walking,1255,0.75,cluster_phonetic,5
walking,1255,0.75,cluster_phonetic,5
walking,1255,0.75,cluster_phonetic,5
wish,1256,0.75,cluster_phonetic,7
wish,1256,0.75,cluster_phonetic,7
wish,1256,0.75,cluster_phonetic,7
wish,1256,0.75,cluster_phonetic,7
wish,1256,0.75,cluster_phonetic,7
gears,1257,0.75,cluster_phonetic,4
years,1257,0.75,cluster_phonetic,7
years,1257,0.75,cluster_phonetic,7
years,1257,0.75,cluster_phonetic,7
years,1257,0.75,cluster_phonetic,7
years,1257,0.75,cluster_phonetic,7
coke,1258,0.75,cluster_phonetic,7
coke,1258,0.75,cluster_phonetic,7
coke,1258,0.75,cluster_phonetic,7
coke,1258,0.75,cluster_phonetic,7
coke,1258,0.75,cluster_phonetic,7
flows,1259,0.75,cluster_phonetic,7
flows,1259,0.75,cluster_phonetic,7
flows,1259,0.75,cluster_phonetic,7
flows,1259,0.75,cluster_phonetic,7
flows,1259,0.75,cluster_phonetic,7
glows,1259,0.75,cluster_phonetic,4
gold,1260,0.75,cluster_phonetic,7
gold,1260,0.75,cluster_phonetic,7
gold,1260,0.75,cluster_phonetic,7
gold,1260,0.75,cluster_phonetic,7
gold,1260,0.75,cluster_phonetic,7
hole,1261,0.75,cluster_phonetic,7
hole,1261,0.75,cluster_phonetic,7
hole,1261,0.75,cluster_phonetic,7
hole,1261,0.75,cluster_phonetic,7
hole,1261,0.75,cluster_phonetic,7
whole,1261,0.75,cluster_phonetic,4
joe,1262,0.75,cluster_phonetic,7
joe,1262,0.75,cluster_phonetic,7
joe,1262,0.75,cluster_phonetic,7
joe,1262,0.75,cluster_phonetic,7
joe,1262,0.75,cluster_phonetic,7
lego,1263,0.75,cluster_phonetic,7
lego,1263,0.75,cluster_phonetic,7
lego,1263,0.75,cluster_phonetic,7
lego,1263,0.75,cluster_phonetic,7
lego,1263,0.75,cluster_phonetic,7
pole,1264,0.75,cluster_phonetic,7
pole,1264,0.75,cluster_phonetic,7
pole,1264,0.75,cluster_phonetic,7
pole,1264,0.75,cluster_phonetic,7
pole,1264,0.75,cluster_phonetic,7
porno,1265,0.75,cluster_phonetic,7
porno,1265,0.75,cluster_phonetic,7
porno,1265,0.75,cluster_phonetic,7
porno,1265,0.75,cluster_phonetic,7
porno,1265,0.75,cluster_phonetic,7
rainbow,1266,0.75,cluster_phonetic,7
rainbow,1266,0.75,cluster_phonetic,7
rainbow,1266,0.75,cluster_phonetic,7
rainbow,1266,0.75,cluster_phonetic,7
rainbow,1266,0.75,cluster_phonetic,7
dime,1267,0.75,cluster_phonetic,7
dime,1267,0.75,cluster_phonetic,7
dime,1267,0.75,cluster_phonetic,7
dime,1267,0.75,cluster_phonetic,7
dime,1267,0.75,cluster_phonetic,7
highlights,1268,0.75,cluster_phonetic,7
highlights,1268,0.75,cluster_phonetic,7
highlights,1268,0.75,cluster_phonetic,7
highlights,1268,0.75,cluster_phonetic,7
highlights,1268,0.75,cluster_phonetic,7
hypnotized,1269,0.75,cluster_phonetic,7
hypnotized,1269,0.75,cluster_phonetic,7
hypnotized,1269,0.75,cluster_phonetic,7
hypnotized,1269,0.75,cluster_phonetic,7
hypnotized,1269,0.75,cluster_phonetic,7
sighs,1270,0.75,cluster_phonetic,4
thighs,1270,0.75,cluster_phonetic,7
thighs,1270,0.75,cluster_phonetic,7
thighs,1270,0.75,cluster_phonetic,7
thighs,1270,0.75,cluster_phonetic,7
thighs,1270,0.75,cluster_phonetic,7
earthquake,1271,0.75,cluster_phonetic,7
earthquake,1271,0.75,cluster_phonetic,7
earthquake,1271,0.75,cluster_phonetic,7
earthquake,1271,0.75,cluster_phonetic,7
earthquake,1271,0.75,cluster_phonetic,7
heavyweight,1272,0.75,cluster_phonetic,7
heavyweight,1272,0.75,cluster_phonetic,7
heavyweight,1272,0.75,cluster_phonetic,7
heavyweight,1272,0.75,cluster_phonetic,7
heavyweight,1272,0.75,cluster_phonetic,7
usa,1273,0.75,cluster_phonetic,7
usa,1273,0.75,cluster_phonetic,7
usa,1273,0.75,cluster_phonetic,7
usa,1273,0.75,cluster_phonetic,7
usa,1273,0.75,cluster_phonetic,7
checks,1274,0.75,cluster_phonetic,7
checks,1274,0.75,cluster_phonetic,7
checks,1274,0.75,cluster_phonetic,7
checks,1274,0.75,cluster_phonetic,7
checks,1274,0.75,cluster_phonetic,7
necks,1274,0.75,cluster_phonetic,5
necks,1274,0.75,cluster_phonetic,5
necks,1274,0.75,cluster_phonetic,5
necks,1274,0.75,cluster_phonetic,5
necks,1274,0.75,cluster_phonetic,5
bench,1275,0.75,cluster_phonetic,4
clench,1275,0.75,cluster_phonetic,4
drench,1275,0.75,cluster_phonetic,4
french,1275,0.75,cluster_phonetic,7
french,1275,0.75,cluster_phonetic,7
french,1275,0.75,cluster_phonetic,7
french,1275,0.75,cluster_phonetic,7
french,1275,0.75,cluster_phonetic,7
quench,1275,0.75,cluster_phonetic,4
retrench,1275,0.75,cluster_phonetic,4
stench,1275,0.75,cluster_phonetic,4
tench,1275,0.75,cluster_phonetic,4
trench,1275,0.75,cluster_phonetic,4
wench,1275,0.75,cluster_phonetic,4
wrench,1275,0.75,cluster_phonetic,4
ke,1276,0.75,cluster_phonetic,7
ke,1276,0.75,cluster_phonetic,7
ke,1276,0.75,cluster_phonetic,7
ke,1276,0.75,cluster_phonetic,7
nightmare,1277,0.75,cluster_phonetic,7
nightmare,1277,0.75,cluster_phonetic,7
nightmare,1277,0.75,cluster_phonetic,7
nightmare,1277,0.75,cluster_phonetic,7
nightmare,1277,0.75,cluster_phonetic,7
outlet,1278,0.75,cluster_phonetic,7
outlet,1278,0.75,cluster_phonetic,7
outlet,1278,0.75,cluster_phonetic,7
outlet,1278,0.75,cluster_phonetic,7
outlet,1278,0.75,cluster_phonetic,7
affect,1279,0.75,cluster_phonetic,4
disaffect,1279,0.75,cluster_phonetic,4
effect,1279,0.75,cluster_phonetic,4
infect,1279,0.75,cluster_phonetic,4
perfect,1279,0.75,cluster_phonetic,7
perfect,1279,0.75,cluster_phonetic,7
perfect,1279,0.75,cluster_phonetic,7
perfect,1279,0.75,cluster_phonetic,7
perfect,1279,0.75,cluster_phonetic,7
hurts,1280,0.75,cluster_phonetic,7
hurts,1280,0.75,cluster_phonetic,7
hurts,1280,0.75,cluster_phonetic,7
hurts,1280,0.75,cluster_phonetic,7
hurts,1280,0.75,cluster_phonetic,7
flickers,1281,0.75,cluster_phonetic,4
motherfuckers,1281,0.75,cluster_phonetic,7
motherfuckers,1281,0.75,cluster_phonetic,7
motherfuckers,1281,0.75,cluster_phonetic,7
motherfuckers,1281,0.75,cluster_phonetic,7
motherfuckers,1281,0.75,cluster_phonetic,7
sneakers,1281,0.75,cluster_phonetic,4
sneakers,1281,0.75,cluster_phonetic,4
sneakers,1281,0.75,cluster_phonetic,4
sneakers,1281,0.75,cluster_phonetic,4
sneakers,1281,0.75,cluster_phonetic,4
cops,1282,0.75,cluster_phonetic,7
cops,1282,0.75,cluster_phonetic,7
cops,1282,0.75,cluster_phonetic,7
cops,1282,0.75,cluster_phonetic,7
cops,1282,0.75,cluster_phonetic,7
sa,1283,0.75,cluster_phonetic,7
sa,1283,0.75,cluster_phonetic,7
sa,1283,0.75,cluster_phonetic,7
sa,1283,0.75,cluster_phonetic,7
shop,1284,0.75,cluster_phonetic,7
shop,1284,0.75,cluster_phonetic,7
shop,1284,0.75,cluster_phonetic,7
shop,1284,0.75,cluster_phonetic,7
shop,1284,0.75,cluster_phonetic,7
tours,1285,0.75,cluster_phonetic,4
yours,1285,0.75,cluster_phonetic,7
yours,1285,0.75,cluster_phonetic,7
yours,1285,0.75,cluster_phonetic,7
yours,1285,0.75,cluster_phonetic,7
yours,1285,0.75,cluster_phonetic,7
aya,1286,0.75,cluster_phonetic,7
aya,1286,0.75,cluster_phonetic,7
aya,1286,0.75,cluster_phonetic,7
aya,1286,0.75,cluster_phonetic,7
aya,1286,0.75,cluster_phonetic,7
muleobwa,1287,0.75,cluster_phonetic,7
muleobwa,1287,0.75,cluster_phonetic,7
muleobwa,1287,0.75,cluster_phonetic,7
muleobwa,1287,0.75,cluster_phonetic,7
muleobwa,1287,0.75,cluster_phonetic,7
beepin,1288,0.75,cluster_phonetic,7
beepin',1288,0.75,cluster_phonetic,7
beepin',1288,0.75,cluster_phonetic,7
beepin',1288,0.75,cluster_phonetic,7
beepin',1288,0.75,cluster_phonetic,7
keepin,1288,0.75,cluster_phonetic,4
thots,1289,0.75,cluster_phonetic,7
thots,1289,0.75,cluster_phonetic,7
thots,1289,0.75,cluster_phonetic,7
thots,1289,0.75,cluster_phonetic,7
thots,1289,0.75,cluster_phonetic,7
moonwalk,1290,0.75,cluster_phonetic,7
moonwalk,1290,0.75,cluster_phonetic,7
moonwalk,1290,0.75,cluster_phonetic,7
moonwalk,1290,0.75,cluster_phonetic,7
moonwalk,1290,0.75,cluster_phonetic,7
dawg,1291,0.75,cluster_phonetic,7
dawg,1291,0.75,cluster_phonetic,7
dawg,1291,0.75,cluster_phonetic,7
dawg,1291,0.75,cluster_phonetic,7
dawg,1291,0.75,cluster_phonetic,7
covid,1292,0.75,cluster_phonetic,7
covid,1292,0.75,cluster_phonetic,7
covid,1292,0.75,cluster_phonetic,7
covid,1292,0.75,cluster_phonetic,7
covid,1292,0.75,cluster_phonetic,7
bwa,1293,0.75,cluster_phonetic,7
bwa,1293,0.75,cluster_phonetic,7
bwa,1293,0.75,cluster_phonetic,7
bwa,1293,0.75,cluster_phonetic,7
bwa,1293,0.75,cluster_phonetic,7
ayye,1294,0.75,cluster_phonetic,7
ayye,1294,0.75,cluster_phonetic,7
ayye,1294,0.75,cluster_phonetic,7
ayye,1294,0.75,cluster_phonetic,7
ayye,1294,0.75,cluster_phonetic,7
nashawn,1295,0.75,cluster_phonetic,7
nashawn,1295,0.75,cluster_phonetic,7
nashawn,1295,0.75,cluster_phonetic,7
nashawn,1295,0.75,cluster_phonetic,7
nashawn,1295,0.75,cluster_phonetic,7
wassup,1296,0.75,cluster_phonetic,7
wassup,1296,0.75,cluster_phonetic,7
wassup,1296,0.75,cluster_phonetic,7
wassup,1296,0.75,cluster_phonetic,7
wassup,1296,0.75,cluster_phonetic,7
mn,1297,0.75,cluster_phonetic,7
mn,1297,0.75,cluster_phonetic,7
mn,1297,0.75,cluster_phonetic,7
mn,1297,0.75,cluster_phonetic,7
luthor,1298,0.75,cluster_phonetic,7
luthor,1298,0.75,cluster_phonetic,7
luthor,1298,0.75,cluster_phonetic,7
luthor,1298,0.75,cluster_phonetic,7
luthor,1298,0.75,cluster_phonetic,7
trawlerman,1299,0.75,cluster_phonetic,7
trawlerman,1299,0.75,cluster_phonetic,7
trawlerman,1299,0.75,cluster_phonetic,7
trawlerman,1299,0.75,cluster_phonetic,7
trawlerman,1299,0.75,cluster_phonetic,7
tch,1300,0.75,cluster_phonetic,7
tch,1300,0.75,cluster_phonetic,7
tch,1300,0.75,cluster_phonetic,7
tch,1300,0.75,cluster_phonetic,7
tch,1300,0.75,cluster_phonetic,7
bling,1301,0.75,cluster_phonetic,7
bling,1301,0.75,cluster_phonetic,7
bling,1301,0.75,cluster_phonetic,7
bling,1301,0.75,cluster_phonetic,7
bling,1301,0.75,cluster_phonetic,7
exhaling,1301,0.75,cluster_phonetic,4
bbaesseo,1302,0.75,cluster_phonetic,7
bbaesseo,1302,0.75,cluster_phonetic,7
bbaesseo,1302,0.75,cluster_phonetic,7
bbaesseo,1302,0.75,cluster_phonetic,7
bbaesseo,1302,0.75,cluster_phonetic,7
gidarigesseo,1302,0.75,cluster_phonetic,7
gidarigesseo,1302,0.75,cluster_phonetic,7
gidarigesseo,1302,0.75,cluster_phonetic,7
gidarigesseo,1302,0.75,cluster_phonetic,7
gidarigesseo,1302,0.75,cluster_phonetic,7
jeb'o,1303,0.75,cluster_phonetic,7
jeb'o,1303,0.75,cluster_phonetic,7
jeb'o,1303,0.75,cluster_phonetic,7
jeb'o,1303,0.75,cluster_phonetic,7
jeb'o,1303,0.75,cluster_phonetic,7
metrou,1304,0.75,cluster_phonetic,7
metrou,1304,0.75,cluster_phonetic,7
metrou,1304,0.75,cluster_phonetic,7
metrou,1304,0.75,cluster_phonetic,7
metrou,1304,0.75,cluster_phonetic,7
yaboi,1305,0.75,cluster_phonetic,7
yaboi,1305,0.75,cluster_phonetic,7
yaboi,1305,0.75,cluster_phonetic,7
yaboi,1305,0.75,cluster_phonetic,7
yaboi,1305,0.75,cluster_phonetic,7
yayo,1306,0.75,cluster_phonetic,7
yayo,1306,0.75,cluster_phonetic,7
yayo,1306,0.75,cluster_phonetic,7
yayo,1306,0.75,cluster_phonetic,7
yayo,1306,0.75,cluster_phonetic,7
hmm,1307,0.75,cluster_phonetic,7
hmm,1307,0.75,cluster_phonetic,7
hmm,1307,0.75,cluster_phonetic,7
hmm,1307,0.75,cluster_phonetic,7
hmm,1307,0.75,cluster_phonetic,7
ecou,1308,0.75,cluster_phonetic,7
ecou,1308,0.75,cluster_phonetic,7
ecou,1308,0.75,cluster_phonetic,7
ecou,1308,0.75,cluster_phonetic,7
ecou,1308,0.75,cluster_phonetic,7
buzzin,1309,0.75,cluster_phonetic,7
buzzin',1309,0.75,cluster_phonetic,7
buzzin',1309,0.75,cluster_phonetic,7
buzzin',1309,0.75,cluster_phonetic,7
buzzin',1309,0.75,cluster_phonetic,7
zna,1310,0.75,cluster_phonetic,7
zna,1310,0.75,cluster_phonetic,7
zna,1310,0.75,cluster_phonetic,7
zna,1310,0.75,cluster_phonetic,7
zna,1310,0.75,cluster_phonetic,7
haa,1311,0.75,cluster_phonetic,7
haa,1311,0.75,cluster_phonetic,7
haa,1311,0.75,cluster_phonetic,7
haa,1311,0.75,cluster_phonetic,7
haa,1311,0.75,cluster_phonetic,7
icey,1312,0.75,cluster_phonetic,7
icey,1312,0.75,cluster_phonetic,7
icey,1312,0.75,cluster_phonetic,7
icey,1312,0.75,cluster_phonetic,7
icey,1312,0.75,cluster_phonetic,7
impossy,1313,0.75,cluster_phonetic,7
impossy,1313,0.75,cluster_phonetic,7
impossy,1313,0.75,cluster_phonetic,7
impossy,1313,0.75,cluster_phonetic,7
impossy,1313,0.75,cluster_phonetic,7
meri,1314,0.75,cluster_phonetic,7
meri,1314,0.75,cluster_phonetic,7
meri,1314,0.75,cluster_phonetic,7
meri,1314,0.75,cluster_phonetic,7
meri,1314,0.75,cluster_phonetic,7
presidenti,1315,0.75,cluster_phonetic,7
presidenti,1315,0.75,cluster_phonetic,7
presidenti,1315,0.75,cluster_phonetic,7
presidenti,1315,0.75,cluster_phonetic,7
presidenti,1315,0.75,cluster_phonetic,7
sou,1316,0.75,cluster_phonetic,7
sou,1316,0.75,cluster_phonetic,7
sou,1316,0.75,cluster_phonetic,7
sou,1316,0.75,cluster_phonetic,7
sou,1316,0.75,cluster_phonetic,7
buggin,1317,0.75,cluster_phonetic,7
buggin',1317,0.75,cluster_phonetic,7
buggin',1317,0.75,cluster_phonetic,7
buggin',1317,0.75,cluster_phonetic,7
buggin',1317,0.75,cluster_phonetic,7
book,1318,0.75,cluster_phonetic,7
book,1318,0.75,cluster_phonetic,7
book,1318,0.75,cluster_phonetic,7
book,1318,0.75,cluster_phonetic,7
book,1318,0.75,cluster_phonetic,4
instead,1319,0.75,cluster_phonetic,7
instead,1319,0.75,cluster_phonetic,7
instead,1319,0.75,cluster_phonetic,7
instead,1319,0.75,cluster_phonetic,7
instead,1319,0.75,cluster_phonetic,4
stead,1319,0.75,cluster_phonetic,4
goes,1320,0.75,cluster_phonetic,7
goes,1320,0.75,cluster_phonetic,7
goes,1320,0.75,cluster_phonetic,7
goes,1320,0.75,cluster_phonetic,7
goes,1320,0.75,cluster_phonetic,4
bust,1321,0.75,cluster_phonetic,7
bust,1321,0.75,cluster_phonetic,7
bust,1321,0.75,cluster_phonetic,7
bust,1321,0.75,cluster_phonetic,7
bust,1321,0.75,cluster_phonetic,4
robust,1321,0.75,cluster_phonetic,4
smooth,1322,0.75,cluster_phonetic,7
smooth,1322,0.75,cluster_phonetic,7
smooth,1322,0.75,cluster_phonetic,7
smooth,1322,0.75,cluster_phonetic,7
smooth,1322,0.75,cluster_phonetic,4
your,1323,0.75,cluster_phonetic,7
your,1323,0.75,cluster_phonetic,7
your,1323,0.75,cluster_phonetic,7
your,1323,0.75,cluster_phonetic,7
your,1323,0.75,cluster_phonetic,4
ear,1324,0.75,cluster_phonetic,7
ear,1324,0.75,cluster_phonetic,7
ear,1324,0.75,cluster_phonetic,7
ear,1324,0.75,cluster_phonetic,7
ear,1324,0.75,cluster_phonetic,4
type,1325,0.75,cluster_phonetic,7
type,1325,0.75,cluster_phonetic,7
type,1325,0.75,cluster_phonetic,7
type,1325,0.75,cluster_phonetic,7
type,1325,0.75,cluster_phonetic,4
assign,1326,0.75,cluster_phonetic,4
consign,1326,0.75,cluster_phonetic,4
design,1326,0.75,cluster_phonetic,4
design,1326,0.75,cluster_phonetic,4
design,1326,0.75,cluster_phonetic,4
design,1326,0.75,cluster_phonetic,4
design,1326,0.75,cluster_phonetic,4
sign,1326,0.75,cluster_phonetic,7
sign,1326,0.75,cluster_phonetic,7
sign,1326,0.75,cluster_phonetic,7
sign,1326,0.75,cluster_phonetic,7
sign,1326,0.75,cluster_phonetic,4
speed,1327,0.75,cluster_phonetic,7
speed,1327,0.75,cluster_phonetic,7
speed,1327,0.75,cluster_phonetic,7
speed,1327,0.75,cluster_phonetic,7
speed,1327,0.75,cluster_phonetic,4
clear,1328,0.75,cluster_phonetic,7
clear,1328,0.75,cluster_phonetic,7
clear,1328,0.75,cluster_phonetic,7
clear,1328,0.75,cluster_phonetic,7
clear,1328,0.75,cluster_phonetic,4
far,1329,0.75,cluster_phonetic,7
far,1329,0.75,cluster_phonetic,7
far,1329,0.75,cluster_phonetic,7
far,1329,0.75,cluster_phonetic,7
far,1329,0.75,cluster_phonetic,4
equal,1330,0.75,cluster_phonetic,7
equal,1330,0.75,cluster_phonetic,7
equal,1330,0.75,cluster_phonetic,7
equal,1330,0.75,cluster_phonetic,7
equal,1330,0.75,cluster_phonetic,4
loss,1331,0.75,cluster_phonetic,7
loss,1331,0.75,cluster_phonetic,7
loss,1331,0.75,cluster_phonetic,7
loss,1331,0.75,cluster_phonetic,7
loss,1331,0.75,cluster_phonetic,4
chest,1332,0.75,cluster_phonetic,7
chest,1332,0.75,cluster_phonetic,7
chest,1332,0.75,cluster_phonetic,7
chest,1332,0.75,cluster_phonetic,7
chest,1332,0.75,cluster_phonetic,4
sand,1333,0.75,cluster_phonetic,7
sand,1333,0.75,cluster_phonetic,7
sand,1333,0.75,cluster_phonetic,7
sand,1333,0.75,cluster_phonetic,7
sand,1333,0.75,cluster_phonetic,4
worth,1334,0.75,cluster_phonetic,7
worth,1334,0.75,cluster_phonetic,7
worth,1334,0.75,cluster_phonetic,7
worth,1334,0.75,cluster_phonetic,7
worth,1334,0.75,cluster_phonetic,4
cardinal,1335,0.75,cluster_phonetic,4
criminal,1335,0.75,cluster_phonetic,7
criminal,1335,0.75,cluster_phonetic,7
criminal,1335,0.75,cluster_phonetic,7
criminal,1335,0.75,cluster_phonetic,7
criminal,1335,0.75,cluster_phonetic,4
final,1335,0.75,cluster_phonetic,4
final,1335,0.75,cluster_phonetic,4
original,1335,0.75,cluster_phonetic,4
terminal,1335,0.75,cluster_phonetic,4
bid,1336,0.75,cluster_phonetic,7
bid,1336,0.75,cluster_phonetic,7
bid,1336,0.75,cluster_phonetic,7
bid,1336,0.75,cluster_phonetic,7
bid,1336,0.75,cluster_phonetic,4
concise,1337,0.75,cluster_phonetic,4
excise,1337,0.75,cluster_phonetic,4
precise,1337,0.75,cluster_phonetic,7
precise,1337,0.75,cluster_phonetic,7
precise,1337,0.75,cluster_phonetic,7
precise,1337,0.75,cluster_phonetic,7
precise,1337,0.75,cluster_phonetic,4
assault,1338,0.75,cluster_phonetic,4
assault,1338,0.75,cluster_phonetic,4
default,1338,0.75,cluster_phonetic,4
fault,1338,0.75,cluster_phonetic,7
fault,1338,0.75,cluster_phonetic,7
fault,1338,0.75,cluster_phonetic,7
fault,1338,0.75,cluster_phonetic,7
fault,1338,0.75,cluster_phonetic,4
vault,1338,0.75,cluster_phonetic,4
attend,1339,0.75,cluster_phonetic,4
contend,1339,0.75,cluster_phonetic,4
distend,1339,0.75,cluster_phonetic,4
extend,1339,0.75,cluster_phonetic,4
portend,1339,0.75,cluster_phonetic,4
pretend,1339,0.75,cluster_phonetic,7
pretend,1339,0.75,cluster_phonetic,7
pretend,1339,0.75,cluster_phonetic,7
pretend,1339,0.75,cluster_phonetic,7
pretend,1339,0.75,cluster_phonetic,4
tend,1339,0.75,cluster_phonetic,4
dice,1340,0.75,cluster_phonetic,7
dice,1340,0.75,cluster_phonetic,7
dice,1340,0.75,cluster_phonetic,7
dice,1340,0.75,cluster_phonetic,7
dice,1340,0.75,cluster_phonetic,4
coat,1341,0.75,cluster_phonetic,7
coat,1341,0.75,cluster_phonetic,7
coat,1341,0.75,cluster_phonetic,7
coat,1341,0.75,cluster_phonetic,7
coat,1341,0.75,cluster_phonetic,4
crib,1342,0.75,cluster_phonetic,7
crib,1342,0.75,cluster_phonetic,7
crib,1342,0.75,cluster_phonetic,7
crib,1342,0.75,cluster_phonetic,7
crib,1342,0.75,cluster_phonetic,4
pa,1343,0.75,cluster_phonetic,7
pa,1343,0.75,cluster_phonetic,7
pa,1343,0.75,cluster_phonetic,7
pa,1343,0.75,cluster_phonetic,4
fist,1344,0.75,cluster_phonetic,7
fist,1344,0.75,cluster_phonetic,7
fist,1344,0.75,cluster_phonetic,7
fist,1344,0.75,cluster_phonetic,7
fist,1344,0.75,cluster_phonetic,4
drama,1345,0.75,cluster_phonetic,7
drama,1345,0.75,cluster_phonetic,7
drama,1345,0.75,cluster_phonetic,7
drama,1345,0.75,cluster_phonetic,7
drama,1345,0.75,cluster_phonetic,4
panorama,1345,0.75,cluster_phonetic,4
waist,1346,0.75,cluster_phonetic,7
waist,1346,0.75,cluster_phonetic,7
waist,1346,0.75,cluster_phonetic,7
waist,1346,0.75,cluster_phonetic,7
waist,1346,0.75,cluster_phonetic,4
drill,1347,0.75,cluster_phonetic,4
drill,1347,0.75,cluster_phonetic,4
frill,1347,0.75,cluster_phonetic,4
grill,1347,0.75,cluster_phonetic,7
grill,1347,0.75,cluster_phonetic,7
grill,1347,0.75,cluster_phonetic,7
grill,1347,0.75,cluster_phonetic,7
grill,1347,0.75,cluster_phonetic,4
rill,1347,0.75,cluster_phonetic,4
shrill,1347,0.75,cluster_phonetic,4
thrill,1347,0.75,cluster_phonetic,4
trill,1347,0.75,cluster_phonetic,4
tape,1348,0.75,cluster_phonetic,7
tape,1348,0.75,cluster_phonetic,7
tape,1348,0.75,cluster_phonetic,7
tape,1348,0.75,cluster_phonetic,7
tape,1348,0.75,cluster_phonetic,4
drunk,1349,0.75,cluster_phonetic,4
shrunk,1349,0.75,cluster_phonetic,4
trunk,1349,0.75,cluster_phonetic,7
trunk,1349,0.75,cluster_phonetic,7
trunk,1349,0.75,cluster_phonetic,7
trunk,1349,0.75,cluster_phonetic,7
trunk,1349,0.75,cluster_phonetic,4
nut,1350,0.75,cluster_phonetic,7
nut,1350,0.75,cluster_phonetic,7
nut,1350,0.75,cluster_phonetic,7
nut,1350,0.75,cluster_phonetic,7
nut,1350,0.75,cluster_phonetic,4
confess,1351,0.75,cluster_phonetic,7
confess,1351,0.75,cluster_phonetic,7
confess,1351,0.75,cluster_phonetic,7
confess,1351,0.75,cluster_phonetic,7
confess,1351,0.75,cluster_phonetic,4
profess,1351,0.75,cluster_phonetic,4
brim,1352,0.75,cluster_phonetic,7
brim,1352,0.75,cluster_phonetic,7
brim,1352,0.75,cluster_phonetic,7
brim,1352,0.75,cluster_phonetic,7
brim,1352,0.75,cluster_phonetic,4
skunk,1353,0.75,cluster_phonetic,7
skunk,1353,0.75,cluster_phonetic,7
skunk,1353,0.75,cluster_phonetic,7
skunk,1353,0.75,cluster_phonetic,7
skunk,1353,0.75,cluster_phonetic,4
drug,1354,0.75,cluster_phonetic,7
drug,1354,0.75,cluster_phonetic,7
drug,1354,0.75,cluster_phonetic,7
drug,1354,0.75,cluster_phonetic,7
drug,1354,0.75,cluster_phonetic,4
beam,1355,0.75,cluster_phonetic,7
beam,1355,0.75,cluster_phonetic,7
beam,1355,0.75,cluster_phonetic,7
beam,1355,0.75,cluster_phonetic,7
beam,1355,0.75,cluster_phonetic,4
mess,1356,0.75,cluster_phonetic,7
mess,1356,0.75,cluster_phonetic,7
mess,1356,0.75,cluster_phonetic,7
mess,1356,0.75,cluster_phonetic,7
mess,1356,0.75,cluster_phonetic,4
brawl,1357,0.75,cluster_phonetic,7
brawl,1357,0.75,cluster_phonetic,7
brawl,1357,0.75,cluster_phonetic,7
brawl,1357,0.75,cluster_phonetic,7
brawl,1357,0.75,cluster_phonetic,4
crawl,1357,0.75,cluster_phonetic,4
drawl,1357,0.75,cluster_phonetic,4
scrawl,1357,0.75,cluster_phonetic,4
scrawl,1357,0.75,cluster_phonetic,4
sprawl,1357,0.75,cluster_phonetic,4
sprawl,1357,0.75,cluster_phonetic,4
divine,1358,0.75,cluster_phonetic,7
divine,1358,0.75,cluster_phonetic,7
divine,1358,0.75,cluster_phonetic,7
divine,1358,0.75,cluster_phonetic,7
divine,1358,0.75,cluster_phonetic,4
vine,1358,0.75,cluster_phonetic,4
enemies,1359,0.75,cluster_phonetic,7
enemies,1359,0.75,cluster_phonetic,6
enemies,1359,0.75,cluster_phonetic,6
enemies,1359,0.75,cluster_phonetic,6
enemies,1359,0.75,cluster_phonetic,6
applause,1360,0.75,cluster_phonetic,4
because,1360,0.75,cluster_phonetic,4
cause,1360,0.75,cluster_phonetic,7
cause,1360,0.75,cluster_phonetic,4
cause,1360,0.75,cluster_phonetic,4
cause,1360,0.75,cluster_phonetic,4
cause,1360,0.75,cluster_phonetic,4
clause,1360,0.75,cluster_phonetic,4
pause,1360,0.75,cluster_phonetic,5
pause,1360,0.75,cluster_phonetic,5
pause,1360,0.75,cluster_phonetic,5
pause,1360,0.75,cluster_phonetic,5
pause,1360,0.75,cluster_phonetic,4
gram,1361,0.75,cluster_phonetic,7
gram,1361,0.75,cluster_phonetic,4
gram,1361,0.75,cluster_phonetic,4
gram,1361,0.75,cluster_phonetic,4
gram,1361,0.75,cluster_phonetic,4
walkin,1362,0.75,cluster_phonetic,7
welkin,1362,0.75,cluster_phonetic,4
ali,1363,0.75,cluster_phonetic,6
ali,1363,0.75,cluster_phonetic,6
ali,1363,0.75,cluster_phonetic,6
ali,1363,0.75,cluster_phonetic,6
ali,1363,0.75,cluster_phonetic,6
chili,1364,0.75,cluster_phonetic,6
chili,1364,0.75,cluster_phonetic,6
chili,1364,0.75,cluster_phonetic,6
chili,1364,0.75,cluster_phonetic,6
chili,1364,0.75,cluster_phonetic,6
copy,1365,0.75,cluster_phonetic,6
copy,1365,0.75,cluster_phonetic,6
copy,1365,0.75,cluster_phonetic,6
copy,1365,0.75,cluster_phonetic,6
copy,1365,0.75,cluster_phonetic,6
easily,1366,0.75,cluster_phonetic,6
easily,1366,0.75,cluster_phonetic,6
easily,1366,0.75,cluster_phonetic,6
easily,1366,0.75,cluster_phonetic,6
easily,1366,0.75,cluster_phonetic,6
noisily,1366,0.75,cluster_phonetic,4
funky,1367,0.75,cluster_phonetic,6
funky,1367,0.75,cluster_phonetic,6
funky,1367,0.75,cluster_phonetic,6
funky,1367,0.75,cluster_phonetic,6
funky,1367,0.75,cluster_phonetic,6
grammy,1368,0.75,cluster_phonetic,6
grammy,1368,0.75,cluster_phonetic,6
grammy,1368,0.75,cluster_phonetic,6
grammy,1368,0.75,cluster_phonetic,6
grammy,1368,0.75,cluster_phonetic,6
lee,1369,0.75,cluster_phonetic,6
lee,1369,0.75,cluster_phonetic,6
lee,1369,0.75,cluster_phonetic,6
lee,1369,0.75,cluster_phonetic,6
lee,1369,0.75,cluster_phonetic,6
rabies,1370,0.75,cluster_phonetic,6
rabies,1370,0.75,cluster_phonetic,6
rabies,1370,0.75,cluster_phonetic,6
rabies,1370,0.75,cluster_phonetic,6
rabies,1370,0.75,cluster_phonetic,6
repeat,1371,0.75,cluster_phonetic,6
repeat,1371,0.75,cluster_phonetic,6
repeat,1371,0.75,cluster_phonetic,6
repeat,1371,0.75,cluster_phonetic,6
repeat,1371,0.75,cluster_phonetic,6
ti,1372,0.75,cluster_phonetic,6
ti,1372,0.75,cluster_phonetic,6
ti,1372,0.75,cluster_phonetic,6
ti,1372,0.75,cluster_phonetic,6
trippy,1373,0.75,cluster_phonetic,6
trippy,1373,0.75,cluster_phonetic,6
trippy,1373,0.75,cluster_phonetic,6
trippy,1373,0.75,cluster_phonetic,6
trippy,1373,0.75,cluster_phonetic,6
weeks,1374,0.75,cluster_phonetic,6
weeks,1374,0.75,cluster_phonetic,6
weeks,1374,0.75,cluster_phonetic,6
weeks,1374,0.75,cluster_phonetic,6
weeks,1374,0.75,cluster_phonetic,6
can't,1375,0.75,cluster_phonetic,6
can't,1375,0.75,cluster_phonetic,6
can't,1375,0.75,cluster_phonetic,6
can't,1375,0.75,cluster_phonetic,6
can't,1375,0.75,cluster_phonetic,6
cant,1375,0.75,cluster_phonetic,4
recant,1375,0.75,cluster_phonetic,4
ma'am,1376,0.75,cluster_phonetic,6
ma'am,1376,0.75,cluster_phonetic,6
ma'am,1376,0.75,cluster_phonetic,6
ma'am,1376,0.75,cluster_phonetic,6
ma'am,1376,0.75,cluster_phonetic,6
mack,1377,0.75,cluster_phonetic,6
mack,1377,0.75,cluster_phonetic,6
mack,1377,0.75,cluster_phonetic,6
mack,1377,0.75,cluster_phonetic,6
mack,1377,0.75,cluster_phonetic,6
smack,1377,0.75,cluster_phonetic,4
stash,1378,0.75,cluster_phonetic,6
stash,1378,0.75,cluster_phonetic,6
stash,1378,0.75,cluster_phonetic,6
stash,1378,0.75,cluster_phonetic,6
stash,1378,0.75,cluster_phonetic,6
stank,1379,0.75,cluster_phonetic,4
tank,1379,0.75,cluster_phonetic,6
tank,1379,0.75,cluster_phonetic,6
tank,1379,0.75,cluster_phonetic,6
tank,1379,0.75,cluster_phonetic,6
tank,1379,0.75,cluster_phonetic,6
bathroom,1380,0.75,cluster_phonetic,6
bathroom,1380,0.75,cluster_phonetic,6
bathroom,1380,0.75,cluster_phonetic,6
bathroom,1380,0.75,cluster_phonetic,6
bathroom,1380,0.75,cluster_phonetic,6
bedroom,1380,0.75,cluster_phonetic,4
bedroom,1380,0.75,cluster_phonetic,4
bedroom,1380,0.75,cluster_phonetic,4
bedroom,1380,0.75,cluster_phonetic,4
bedroom,1380,0.75,cluster_phonetic,4
oooh,1381,0.75,cluster_phonetic,6
oooh,1381,0.75,cluster_phonetic,6
oooh,1381,0.75,cluster_phonetic,6
oooh,1381,0.75,cluster_phonetic,6
oooh,1381,0.75,cluster_phonetic,6
pool,1382,0.75,cluster_phonetic,6
pool,1382,0.75,cluster_phonetic,6
pool,1382,0.75,cluster_phonetic,6
pool,1382,0.75,cluster_phonetic,6
pool,1382,0.75,cluster_phonetic,6
xu,1383,0.75,cluster_phonetic,6
xu,1383,0.75,cluster_phonetic,6
xu,1383,0.75,cluster_phonetic,6
xu,1383,0.75,cluster_phonetic,6
zoom,1384,0.75,cluster_phonetic,6
zoom,1384,0.75,cluster_phonetic,6
zoom,1384,0.75,cluster_phonetic,6
zoom,1384,0.75,cluster_phonetic,6
zoom,1384,0.75,cluster_phonetic,6
angel,1385,0.75,cluster_phonetic,6
angel,1385,0.75,cluster_phonetic,6
angel,1385,0.75,cluster_phonetic,6
angel,1385,0.75,cluster_phonetic,6
angel,1385,0.75,cluster_phonetic,6
beautiful,1386,0.75,cluster_phonetic,6
beautiful,1386,0.75,cluster_phonetic,6
beautiful,1386,0.75,cluster_phonetic,6
beautiful,1386,0.75,cluster_phonetic,6
beautiful,1386,0.75,cluster_phonetic,6
casa,1387,0.75,cluster_phonetic,6
casa,1387,0.75,cluster_phonetic,6
casa,1387,0.75,cluster_phonetic,6
casa,1387,0.75,cluster_phonetic,6
casa,1387,0.75,cluster_phonetic,6
commas,1388,0.75,cluster_phonetic,6
commas,1388,0.75,cluster_phonetic,6
commas,1388,0.75,cluster_phonetic,6
commas,1388,0.75,cluster_phonetic,6
commas,1388,0.75,cluster_phonetic,6
damaged,1389,0.75,cluster_phonetic,6
damaged,1389,0.75,cluster_phonetic,6
damaged,1389,0.75,cluster_phonetic,6
damaged,1389,0.75,cluster_phonetic,6
damaged,1389,0.75,cluster_phonetic,6
difficult,1390,0.75,cluster_phonetic,6
difficult,1390,0.75,cluster_phonetic,6
difficult,1390,0.75,cluster_phonetic,6
difficult,1390,0.75,cluster_phonetic,6
difficult,1390,0.75,cluster_phonetic,6
dull,1391,0.75,cluster_phonetic,6
dull,1391,0.75,cluster_phonetic,6
dull,1391,0.75,cluster_phonetic,6
dull,1391,0.75,cluster_phonetic,6
dull,1391,0.75,cluster_phonetic,6
faces,1392,0.75,cluster_phonetic,6
faces,1392,0.75,cluster_phonetic,6
faces,1392,0.75,cluster_phonetic,6
faces,1392,0.75,cluster_phonetic,6
faces,1392,0.75,cluster_phonetic,6
faucet,1393,0.75,cluster_phonetic,6
faucet,1393,0.75,cluster_phonetic,6
faucet,1393,0.75,cluster_phonetic,6
faucet,1393,0.75,cluster_phonetic,6
faucet,1393,0.75,cluster_phonetic,6
focused,1394,0.75,cluster_phonetic,6
focused,1394,0.75,cluster_phonetic,6
focused,1394,0.75,cluster_phonetic,6
focused,1394,0.75,cluster_phonetic,6
focused,1394,0.75,cluster_phonetic,6
goin',1395,0.75,cluster_phonetic,6
goin',1395,0.75,cluster_phonetic,6
goin',1395,0.75,cluster_phonetic,6
goin',1395,0.75,cluster_phonetic,6
habit,1396,0.75,cluster_phonetic,6
habit,1396,0.75,cluster_phonetic,6
habit,1396,0.75,cluster_phonetic,6
habit,1396,0.75,cluster_phonetic,6
habit,1396,0.75,cluster_phonetic,6
le,1397,0.75,cluster_phonetic,6
le,1397,0.75,cluster_phonetic,6
le,1397,0.75,cluster_phonetic,6
le,1397,0.75,cluster_phonetic,6
baggage,1398,0.75,cluster_phonetic,4
luggage,1398,0.75,cluster_phonetic,6
luggage,1398,0.75,cluster_phonetic,6
luggage,1398,0.75,cluster_phonetic,6
luggage,1398,0.75,cluster_phonetic,6
luggage,1398,0.75,cluster_phonetic,6
mortgage,1398,0.75,cluster_phonetic,4
maya,1399,0.75,cluster_phonetic,6
maya,1399,0.75,cluster_phonetic,6
maya,1399,0.75,cluster_phonetic,6
maya,1399,0.75,cluster_phonetic,6
maya,1399,0.75,cluster_phonetic,6
nova,1400,0.75,cluster_phonetic,6
nova,1400,0.75,cluster_phonetic,6
nova,1400,0.75,cluster_phonetic,6
nova,1400,0.75,cluster_phonetic,6
nova,1400,0.75,cluster_phonetic,6
supernova,1400,0.75,cluster_phonetic,4
supernova,1400,0.75,cluster_phonetic,4
supernova,1400,0.75,cluster_phonetic,4
supernova,1400,0.75,cluster_phonetic,4
supernova,1400,0.75,cluster_phonetic,4
cautious,1401,0.75,cluster_phonetic,4
conscious,1401,0.75,cluster_phonetic,4
conscious,1401,0.75,cluster_phonetic,4
conscious,1401,0.75,cluster_phonetic,4
conscious,1401,0.75,cluster_phonetic,4
conscious,1401,0.75,cluster_phonetic,4
curious,1401,0.75,cluster_phonetic,4
delicious,1401,0.75,cluster_phonetic,4
glorious,1401,0.75,cluster_phonetic,4
gracious,1401,0.75,cluster_phonetic,4
harmonious,1401,0.75,cluster_phonetic,4
hilarious,1401,0.75,cluster_phonetic,4
litigious,1401,0.75,cluster_phonetic,4
obvious,1401,0.75,cluster_phonetic,6
obvious,1401,0.75,cluster_phonetic,6
obvious,1401,0.75,cluster_phonetic,6
obvious,1401,0.75,cluster_phonetic,6
obvious,1401,0.75,cluster_phonetic,6
odious,1401,0.75,cluster_phonetic,4
pious,1401,0.75,cluster_phonetic,4
serious,1401,0.75,cluster_phonetic,4
serious,1401,0.75,cluster_phonetic,4
serious,1401,0.75,cluster_phonetic,4
serious,1401,0.75,cluster_phonetic,4
serious,1401,0.75,cluster_phonetic,4
vicious,1401,0.75,cluster_phonetic,4
victorious,1401,0.75,cluster_phonetic,4
peaceful,1402,0.75,cluster_phonetic,6
peaceful,1402,0.75,cluster_phonetic,6
peaceful,1402,0.75,cluster_phonetic,6
peaceful,1402,0.75,cluster_phonetic,6
peaceful,1402,0.75,cluster_phonetic,6
prada,1403,0.75,cluster_phonetic,6
prada,1403,0.75,cluster_phonetic,6
prada,1403,0.75,cluster_phonetic,6
prada,1403,0.75,cluster_phonetic,6
prada,1403,0.75,cluster_phonetic,6
purple,1404,0.75,cluster_phonetic,6
purple,1404,0.75,cluster_phonetic,6
purple,1404,0.75,cluster_phonetic,6
purple,1404,0.75,cluster_phonetic,6
purple,1404,0.75,cluster_phonetic,6
purpose,1405,0.75,cluster_phonetic,6
purpose,1405,0.75,cluster_phonetic,6
purpose,1405,0.75,cluster_phonetic,6
purpose,1405,0.75,cluster_phonetic,6
purpose,1405,0.75,cluster_phonetic,6
official,1406,0.75,cluster_phonetic,4
official,1406,0.75,cluster_phonetic,4
official,1406,0.75,cluster_phonetic,4
official,1406,0.75,cluster_phonetic,4
official,1406,0.75,cluster_phonetic,4
special,1406,0.75,cluster_phonetic,6
special,1406,0.75,cluster_phonetic,6
special,1406,0.75,cluster_phonetic,6
special,1406,0.75,cluster_phonetic,6
special,1406,0.75,cluster_phonetic,6
bodegas,1407,0.75,cluster_phonetic,4
vegas,1407,0.75,cluster_phonetic,6
vegas,1407,0.75,cluster_phonetic,6
vegas,1407,0.75,cluster_phonetic,6
vegas,1407,0.75,cluster_phonetic,6
vegas,1407,0.75,cluster_phonetic,6
blessing,1408,0.75,cluster_phonetic,6
blessing,1408,0.75,cluster_phonetic,6
blessing,1408,0.75,cluster_phonetic,6
blessing,1408,0.75,cluster_phonetic,6
blessing,1408,0.75,cluster_phonetic,6
ceasing,1408,0.75,cluster_phonetic,6
ceasing,1408,0.75,cluster_phonetic,6
ceasing,1408,0.75,cluster_phonetic,6
ceasing,1408,0.75,cluster_phonetic,6
ceasing,1408,0.75,cluster_phonetic,6
chasing,1408,0.75,cluster_phonetic,4
chasing,1408,0.75,cluster_phonetic,4
chasing,1408,0.75,cluster_phonetic,4
chasing,1408,0.75,cluster_phonetic,4
chasing,1408,0.75,cluster_phonetic,4
missing,1408,0.75,cluster_phonetic,5
missing,1408,0.75,cluster_phonetic,5
missing,1408,0.75,cluster_phonetic,5
missing,1408,0.75,cluster_phonetic,5
missing,1408,0.75,cluster_phonetic,5
passing,1408,0.75,cluster_phonetic,4
passing,1408,0.75,cluster_phonetic,4
passing,1408,0.75,cluster_phonetic,4
passing,1408,0.75,cluster_phonetic,4
passing,1408,0.75,cluster_phonetic,4
stressing,1408,0.75,cluster_phonetic,4
stressing,1408,0.75,cluster_phonetic,4
stressing,1408,0.75,cluster_phonetic,4
stressing,1408,0.75,cluster_phonetic,4
stressing,1408,0.75,cluster_phonetic,4
boring,1409,0.75,cluster_phonetic,6
boring,1409,0.75,cluster_phonetic,6
boring,1409,0.75,cluster_phonetic,6
boring,1409,0.75,cluster_phonetic,6
boring,1409,0.75,cluster_phonetic,6
conjuring,1409,0.75,cluster_phonetic,4
flickering,1409,0.75,cluster_phonetic,4
pouring,1409,0.75,cluster_phonetic,4
pouring,1409,0.75,cluster_phonetic,4
pouring,1409,0.75,cluster_phonetic,4
pouring,1409,0.75,cluster_phonetic,4
pouring,1409,0.75,cluster_phonetic,4
scattering,1409,0.75,cluster_phonetic,4
whispering,1409,0.75,cluster_phonetic,4
wiring,1409,0.75,cluster_phonetic,4
destined,1410,0.75,cluster_phonetic,6
destined,1410,0.75,cluster_phonetic,6
destined,1410,0.75,cluster_phonetic,6
destined,1410,0.75,cluster_phonetic,6
destined,1410,0.75,cluster_phonetic,6
drift,1411,0.75,cluster_phonetic,6
drift,1411,0.75,cluster_phonetic,6
drift,1411,0.75,cluster_phonetic,6
drift,1411,0.75,cluster_phonetic,6
drift,1411,0.75,cluster_phonetic,6
gentlemen,1412,0.75,cluster_phonetic,6
gentlemen,1412,0.75,cluster_phonetic,6
gentlemen,1412,0.75,cluster_phonetic,6
gentlemen,1412,0.75,cluster_phonetic,6
gentlemen,1412,0.75,cluster_phonetic,6
bricks,1413,0.75,cluster_phonetic,4
bricks,1413,0.75,cluster_phonetic,4
bricks,1413,0.75,cluster_phonetic,4
bricks,1413,0.75,cluster_phonetic,4
bricks,1413,0.75,cluster_phonetic,4
kicks,1413,0.75,cluster_phonetic,6
kicks,1413,0.75,cluster_phonetic,6
kicks,1413,0.75,cluster_phonetic,6
kicks,1413,0.75,cluster_phonetic,6
kicks,1413,0.75,cluster_phonetic,6
sticks,1413,0.75,cluster_phonetic,5
sticks,1413,0.75,cluster_phonetic,5
sticks,1413,0.75,cluster_phonetic,5
sticks,1413,0.75,cluster_phonetic,5
sticks,1413,0.75,cluster_phonetic,5
ticks,1413,0.75,cluster_phonetic,4
tricks,1413,0.75,cluster_phonetic,5
tricks,1413,0.75,cluster_phonetic,5
tricks,1413,0.75,cluster_phonetic,5
tricks,1413,0.75,cluster_phonetic,5
tricks,1413,0.75,cluster_phonetic,5
situated,1414,0.75,cluster_phonetic,6
situated,1414,0.75,cluster_phonetic,6
situated,1414,0.75,cluster_phonetic,6
situated,1414,0.75,cluster_phonetic,6
situated,1414,0.75,cluster_phonetic,6
watchin',1415,0.75,cluster_phonetic,6
watchin',1415,0.75,cluster_phonetic,6
watchin',1415,0.75,cluster_phonetic,6
watchin',1415,0.75,cluster_phonetic,6
clouds,1416,0.75,cluster_phonetic,6
clouds,1416,0.75,cluster_phonetic,6
clouds,1416,0.75,cluster_phonetic,6
clouds,1416,0.75,cluster_phonetic,6
clouds,1416,0.75,cluster_phonetic,6
shrouds,1416,0.75,cluster_phonetic,4
roundabout,1417,0.75,cluster_phonetic,6
roundabout,1417,0.75,cluster_phonetic,6
roundabout,1417,0.75,cluster_phonetic,6
roundabout,1417,0.75,cluster_phonetic,6
roundabout,1417,0.75,cluster_phonetic,6
boatloads,1418,0.75,cluster_phonetic,6
boatloads,1418,0.75,cluster_phonetic,6
boatloads,1418,0.75,cluster_phonetic,6
boatloads,1418,0.75,cluster_phonetic,6
boatloads,1418,0.75,cluster_phonetic,6
casino,1419,0.75,cluster_phonetic,6
casino,1419,0.75,cluster_phonetic,6
casino,1419,0.75,cluster_phonetic,6
casino,1419,0.75,cluster_phonetic,6
casino,1419,0.75,cluster_phonetic,6
goals,1420,0.75,cluster_phonetic,6
goals,1420,0.75,cluster_phonetic,6
goals,1420,0.75,cluster_phonetic,6
goals,1420,0.75,cluster_phonetic,6
goals,1420,0.75,cluster_phonetic,6
hold,1421,0.75,cluster_phonetic,6
hold,1421,0.75,cluster_phonetic,6
hold,1421,0.75,cluster_phonetic,6
hold,1421,0.75,cluster_phonetic,6
hold,1421,0.75,cluster_phonetic,6
kilo,1422,0.75,cluster_phonetic,6
kilo,1422,0.75,cluster_phonetic,6
kilo,1422,0.75,cluster_phonetic,6
kilo,1422,0.75,cluster_phonetic,6
kilo,1422,0.75,cluster_phonetic,6
peso,1423,0.75,cluster_phonetic,6
peso,1423,0.75,cluster_phonetic,6
peso,1423,0.75,cluster_phonetic,6
peso,1423,0.75,cluster_phonetic,6
peso,1423,0.75,cluster_phonetic,6
rico,1424,0.75,cluster_phonetic,6
rico,1424,0.75,cluster_phonetic,6
rico,1424,0.75,cluster_phonetic,6
rico,1424,0.75,cluster_phonetic,6
rico,1424,0.75,cluster_phonetic,6
ronaldo,1425,0.75,cluster_phonetic,6
ronaldo,1425,0.75,cluster_phonetic,6
ronaldo,1425,0.75,cluster_phonetic,6
ronaldo,1425,0.75,cluster_phonetic,6
ronaldo,1425,0.75,cluster_phonetic,6
tarantino,1426,0.75,cluster_phonetic,6
tarantino,1426,0.75,cluster_phonetic,6
tarantino,1426,0.75,cluster_phonetic,6
tarantino,1426,0.75,cluster_phonetic,6
tarantino,1426,0.75,cluster_phonetic,6
valentino,1426,0.75,cluster_phonetic,6
valentino,1426,0.75,cluster_phonetic,6
valentino,1426,0.75,cluster_phonetic,6
valentino,1426,0.75,cluster_phonetic,6
valentino,1426,0.75,cluster_phonetic,6
clyde,1427,0.75,cluster_phonetic,6
clyde,1427,0.75,cluster_phonetic,6
clyde,1427,0.75,cluster_phonetic,6
clyde,1427,0.75,cluster_phonetic,6
clyde,1427,0.75,cluster_phonetic,6
ly,1428,0.75,cluster_phonetic,6
ly,1428,0.75,cluster_phonetic,6
ly,1428,0.75,cluster_phonetic,6
ly,1428,0.75,cluster_phonetic,6
maritime,1429,0.75,cluster_phonetic,4
meantime,1429,0.75,cluster_phonetic,6
meantime,1429,0.75,cluster_phonetic,6
meantime,1429,0.75,cluster_phonetic,6
meantime,1429,0.75,cluster_phonetic,6
meantime,1429,0.75,cluster_phonetic,6
overtime,1429,0.75,cluster_phonetic,4
foresight,1430,0.75,cluster_phonetic,4
insight,1430,0.75,cluster_phonetic,4
midnight,1430,0.75,cluster_phonetic,4
moonlight,1430,0.75,cluster_phonetic,5
moonlight,1430,0.75,cluster_phonetic,5
moonlight,1430,0.75,cluster_phonetic,5
moonlight,1430,0.75,cluster_phonetic,5
moonlight,1430,0.75,cluster_phonetic,4
oversight,1430,0.75,cluster_phonetic,4
skylight,1430,0.75,cluster_phonetic,4
stoplight,1430,0.75,cluster_phonetic,6
stoplight,1430,0.75,cluster_phonetic,6
stoplight,1430,0.75,cluster_phonetic,6
stoplight,1430,0.75,cluster_phonetic,6
stoplight,1430,0.75,cluster_phonetic,6
twilight,1430,0.75,cluster_phonetic,4
twilight,1430,0.75,cluster_phonetic,4
babes,1431,0.75,cluster_phonetic,6
babes,1431,0.75,cluster_phonetic,6
babes,1431,0.75,cluster_phonetic,6
babes,1431,0.75,cluster_phonetic,6
babes,1431,0.75,cluster_phonetic,6
cocaine,1432,0.75,cluster_phonetic,6
cocaine,1432,0.75,cluster_phonetic,6
cocaine,1432,0.75,cluster_phonetic,6
cocaine,1432,0.75,cluster_phonetic,6
cocaine,1432,0.75,cluster_phonetic,6
elsewhere,1433,0.75,cluster_phonetic,4
everywhere,1433,0.75,cluster_phonetic,6
everywhere,1433,0.75,cluster_phonetic,6
everywhere,1433,0.75,cluster_phonetic,6
everywhere,1433,0.75,cluster_phonetic,6
everywhere,1433,0.75,cluster_phonetic,6
nowhere,1433,0.75,cluster_phonetic,4
nowhere,1433,0.75,cluster_phonetic,4
nowhere,1433,0.75,cluster_phonetic,4
nowhere,1433,0.75,cluster_phonetic,4
nowhere,1433,0.75,cluster_phonetic,4
tech,1434,0.75,cluster_phonetic,6
tech,1434,0.75,cluster_phonetic,6
tech,1434,0.75,cluster_phonetic,6
tech,1434,0.75,cluster_phonetic,6
tech,1434,0.75,cluster_phonetic,6
berserk,1435,0.75,cluster_phonetic,6
berserk,1435,0.75,cluster_phonetic,6
berserk,1435,0.75,cluster_phonetic,6
berserk,1435,0.75,cluster_phonetic,6
berserk,1435,0.75,cluster_phonetic,6
closer,1436,0.75,cluster_phonetic,6
closer,1436,0.75,cluster_phonetic,6
closer,1436,0.75,cluster_phonetic,6
closer,1436,0.75,cluster_phonetic,6
closer,1436,0.75,cluster_phonetic,6
poser,1436,0.75,cluster_phonetic,4
poser,1436,0.75,cluster_phonetic,4
poser,1436,0.75,cluster_phonetic,4
poser,1436,0.75,cluster_phonetic,4
poser,1436,0.75,cluster_phonetic,4
designer,1437,0.75,cluster_phonetic,6
designer,1437,0.75,cluster_phonetic,6
designer,1437,0.75,cluster_phonetic,6
designer,1437,0.75,cluster_phonetic,6
designer,1437,0.75,cluster_phonetic,6
foreigner,1437,0.75,cluster_phonetic,4
dinner,1438,0.75,cluster_phonetic,6
dinner,1438,0.75,cluster_phonetic,6
dinner,1438,0.75,cluster_phonetic,6
dinner,1438,0.75,cluster_phonetic,6
dinner,1438,0.75,cluster_phonetic,6
forerunner,1438,0.75,cluster_phonetic,4
sinner,1438,0.75,cluster_phonetic,4
favors,1439,0.75,cluster_phonetic,6
favors,1439,0.75,cluster_phonetic,6
favors,1439,0.75,cluster_phonetic,6
favors,1439,0.75,cluster_phonetic,6
favors,1439,0.75,cluster_phonetic,6
flavors,1439,0.75,cluster_phonetic,4
hour,1440,0.75,cluster_phonetic,6
hour,1440,0.75,cluster_phonetic,6
hour,1440,0.75,cluster_phonetic,6
hour,1440,0.75,cluster_phonetic,6
hour,1440,0.75,cluster_phonetic,6
ker,1441,0.75,cluster_phonetic,6
ker,1441,0.75,cluster_phonetic,6
ker,1441,0.75,cluster_phonetic,6
ker,1441,0.75,cluster_phonetic,6
ker,1441,0.75,cluster_phonetic,6
percs,1442,0.75,cluster_phonetic,6
percs,1442,0.75,cluster_phonetic,6
percs,1442,0.75,cluster_phonetic,6
percs,1442,0.75,cluster_phonetic,6
percs,1442,0.75,cluster_phonetic,6
powder,1443,0.75,cluster_phonetic,6
powder,1443,0.75,cluster_phonetic,6
powder,1443,0.75,cluster_phonetic,6
powder,1443,0.75,cluster_phonetic,6
powder,1443,0.75,cluster_phonetic,6
beaker,1444,0.75,cluster_phonetic,4
speaker,1444,0.75,cluster_phonetic,6
speaker,1444,0.75,cluster_phonetic,6
speaker,1444,0.75,cluster_phonetic,6
speaker,1444,0.75,cluster_phonetic,6
speaker,1444,0.75,cluster_phonetic,6
noise,1445,0.75,cluster_phonetic,6
noise,1445,0.75,cluster_phonetic,6
noise,1445,0.75,cluster_phonetic,6
noise,1445,0.75,cluster_phonetic,6
noise,1445,0.75,cluster_phonetic,6
cars,1446,0.75,cluster_phonetic,6
cars,1446,0.75,cluster_phonetic,6
cars,1446,0.75,cluster_phonetic,6
cars,1446,0.75,cluster_phonetic,6
cars,1446,0.75,cluster_phonetic,6
scars,1446,0.75,cluster_phonetic,6
scars,1446,0.75,cluster_phonetic,6
scars,1446,0.75,cluster_phonetic,6
scars,1446,0.75,cluster_phonetic,6
scars,1446,0.75,cluster_phonetic,6
drops,1447,0.75,cluster_phonetic,6
drops,1447,0.75,cluster_phonetic,6
drops,1447,0.75,cluster_phonetic,6
drops,1447,0.75,cluster_phonetic,6
drops,1447,0.75,cluster_phonetic,6
raw,1448,0.75,cluster_phonetic,6
raw,1448,0.75,cluster_phonetic,6
raw,1448,0.75,cluster_phonetic,6
raw,1448,0.75,cluster_phonetic,6
raw,1448,0.75,cluster_phonetic,6
soft,1449,0.75,cluster_phonetic,6
soft,1449,0.75,cluster_phonetic,6
soft,1449,0.75,cluster_phonetic,6
soft,1449,0.75,cluster_phonetic,6
soft,1449,0.75,cluster_phonetic,6
telefon,1450,0.75,cluster_phonetic,6
telefon,1450,0.75,cluster_phonetic,6
telefon,1450,0.75,cluster_phonetic,6
telefon,1450,0.75,cluster_phonetic,6
telefon,1450,0.75,cluster_phonetic,6
wop,1451,0.75,cluster_phonetic,6
wop,1451,0.75,cluster_phonetic,6
wop,1451,0.75,cluster_phonetic,6
wop,1451,0.75,cluster_phonetic,6
wop,1451,0.75,cluster_phonetic,6
bots,1452,0.75,cluster_phonetic,6
bots,1452,0.75,cluster_phonetic,6
bots,1452,0.75,cluster_phonetic,6
bots,1452,0.75,cluster_phonetic,6
bots,1452,0.75,cluster_phonetic,6
all's,1453,0.75,cluster_phonetic,4
calls,1453,0.75,cluster_phonetic,6
calls,1453,0.75,cluster_phonetic,6
calls,1453,0.75,cluster_phonetic,6
calls,1453,0.75,cluster_phonetic,6
calls,1453,0.75,cluster_phonetic,6
falls,1453,0.75,cluster_phonetic,4
falls,1453,0.75,cluster_phonetic,4
falls,1453,0.75,cluster_phonetic,4
falls,1453,0.75,cluster_phonetic,4
falls,1453,0.75,cluster_phonetic,4
halls,1453,0.75,cluster_phonetic,4
torch,1454,0.75,cluster_phonetic,6
torch,1454,0.75,cluster_phonetic,6
torch,1454,0.75,cluster_phonetic,6
torch,1454,0.75,cluster_phonetic,6
torch,1454,0.75,cluster_phonetic,6
balaa,1455,0.75,cluster_phonetic,6
balaa,1455,0.75,cluster_phonetic,6
balaa,1455,0.75,cluster_phonetic,6
balaa,1455,0.75,cluster_phonetic,6
balaa,1455,0.75,cluster_phonetic,6
bia,1456,0.75,cluster_phonetic,6
bia,1456,0.75,cluster_phonetic,6
bia,1456,0.75,cluster_phonetic,6
bia,1456,0.75,cluster_phonetic,6
bia,1456,0.75,cluster_phonetic,6
dkoura,1457,0.75,cluster_phonetic,6
dkoura,1457,0.75,cluster_phonetic,6
dkoura,1457,0.75,cluster_phonetic,6
dkoura,1457,0.75,cluster_phonetic,6
dkoura,1457,0.75,cluster_phonetic,6
jaba,1458,0.75,cluster_phonetic,6
jaba,1458,0.75,cluster_phonetic,6
jaba,1458,0.75,cluster_phonetic,6
jaba,1458,0.75,cluster_phonetic,6
jaba,1458,0.75,cluster_phonetic,6
jangolova,1459,0.75,cluster_phonetic,6
jangolova,1459,0.75,cluster_phonetic,6
jangolova,1459,0.75,cluster_phonetic,6
jangolova,1459,0.75,cluster_phonetic,6
jangolova,1459,0.75,cluster_phonetic,6
kiya,1460,0.75,cluster_phonetic,6
kiya,1460,0.75,cluster_phonetic,6
kiya,1460,0.75,cluster_phonetic,6
kiya,1460,0.75,cluster_phonetic,6
kiya,1460,0.75,cluster_phonetic,6
mfungwa,1461,0.75,cluster_phonetic,6
mfungwa,1461,0.75,cluster_phonetic,6
mfungwa,1461,0.75,cluster_phonetic,6
mfungwa,1461,0.75,cluster_phonetic,6
mfungwa,1461,0.75,cluster_phonetic,6
tha,1462,0.75,cluster_phonetic,6
tha,1462,0.75,cluster_phonetic,6
tha,1462,0.75,cluster_phonetic,6
tha,1462,0.75,cluster_phonetic,6
tha,1462,0.75,cluster_phonetic,6
azad,1463,0.75,cluster_phonetic,6
azad,1463,0.75,cluster_phonetic,6
azad,1463,0.75,cluster_phonetic,6
azad,1463,0.75,cluster_phonetic,6
azad,1463,0.75,cluster_phonetic,6
benzocaine,1464,0.75,cluster_phonetic,6
benzocaine,1464,0.75,cluster_phonetic,6
benzocaine,1464,0.75,cluster_phonetic,6
benzocaine,1464,0.75,cluster_phonetic,6
benzocaine,1464,0.75,cluster_phonetic,6
llh,1465,0.75,cluster_phonetic,6
llh,1465,0.75,cluster_phonetic,6
llh,1465,0.75,cluster_phonetic,6
llh,1465,0.75,cluster_phonetic,6
llh,1465,0.75,cluster_phonetic,6
aa,1466,0.75,cluster_phonetic,6
aa,1466,0.75,cluster_phonetic,6
aa,1466,0.75,cluster_phonetic,6
aa,1466,0.75,cluster_phonetic,6
huuuuuuhhh,1467,0.75,cluster_phonetic,6
huuuuuuhhh,1467,0.75,cluster_phonetic,6
huuuuuuhhh,1467,0.75,cluster_phonetic,6
huuuuuuhhh,1467,0.75,cluster_phonetic,6
huuuuuuhhh,1467,0.75,cluster_phonetic,6
imma,1468,0.75,cluster_phonetic,6
imma,1468,0.75,cluster_phonetic,6
imma,1468,0.75,cluster_phonetic,6
imma,1468,0.75,cluster_phonetic,6
imma,1468,0.75,cluster_phonetic,6
znaj,1469,0.75,cluster_phonetic,6
znaj,1469,0.75,cluster_phonetic,6
znaj,1469,0.75,cluster_phonetic,6
znaj,1469,0.75,cluster_phonetic,6
znaj,1469,0.75,cluster_phonetic,6
mujhe,1470,0.75,cluster_phonetic,6
mujhe,1470,0.75,cluster_phonetic,6
mujhe,1470,0.75,cluster_phonetic,6
mujhe,1470,0.75,cluster_phonetic,6
mujhe,1470,0.75,cluster_phonetic,6
realest,1471,0.75,cluster_phonetic,6
realest,1471,0.75,cluster_phonetic,6
realest,1471,0.75,cluster_phonetic,6
realest,1471,0.75,cluster_phonetic,6
realest,1471,0.75,cluster_phonetic,6
n'rruge,1472,0.75,cluster_phonetic,6
n'rruge,1472,0.75,cluster_phonetic,6
n'rruge,1472,0.75,cluster_phonetic,6
n'rruge,1472,0.75,cluster_phonetic,6
n'rruge,1472,0.75,cluster_phonetic,6
natankas,1473,0.75,cluster_phonetic,6
natankas,1473,0.75,cluster_phonetic,6
natankas,1473,0.75,cluster_phonetic,6
natankas,1473,0.75,cluster_phonetic,6
natankas,1473,0.75,cluster_phonetic,6
moshpit,1474,0.75,cluster_phonetic,6
moshpit,1474,0.75,cluster_phonetic,6
moshpit,1474,0.75,cluster_phonetic,6
moshpit,1474,0.75,cluster_phonetic,6
moshpit,1474,0.75,cluster_phonetic,6
abi,1475,0.75,cluster_phonetic,6
abi,1475,0.75,cluster_phonetic,6
abi,1475,0.75,cluster_phonetic,6
abi,1475,0.75,cluster_phonetic,6
abi,1475,0.75,cluster_phonetic,6
cartie,1476,0.75,cluster_phonetic,6
cartie,1476,0.75,cluster_phonetic,6
cartie,1476,0.75,cluster_phonetic,6
cartie,1476,0.75,cluster_phonetic,6
cartie,1476,0.75,cluster_phonetic,6
davno,1477,0.75,cluster_phonetic,6
davno,1477,0.75,cluster_phonetic,6
davno,1477,0.75,cluster_phonetic,6
davno,1477,0.75,cluster_phonetic,6
davno,1477,0.75,cluster_phonetic,6
odavno,1477,0.75,cluster_phonetic,4
odavno,1477,0.75,cluster_phonetic,4
odavno,1477,0.75,cluster_phonetic,4
odavno,1477,0.75,cluster_phonetic,4
odavno,1477,0.75,cluster_phonetic,4
dozvoli,1478,0.75,cluster_phonetic,6
dozvoli,1478,0.75,cluster_phonetic,6
dozvoli,1478,0.75,cluster_phonetic,6
dozvoli,1478,0.75,cluster_phonetic,6
dozvoli,1478,0.75,cluster_phonetic,6
mbali,1479,0.75,cluster_phonetic,6
mbali,1479,0.75,cluster_phonetic,6
mbali,1479,0.75,cluster_phonetic,6
mbali,1479,0.75,cluster_phonetic,6
mbali,1479,0.75,cluster_phonetic,6
neko,1480,0.75,cluster_phonetic,6
neko,1480,0.75,cluster_phonetic,6
neko,1480,0.75,cluster_phonetic,6
neko,1480,0.75,cluster_phonetic,6
neko,1480,0.75,cluster_phonetic,6
daleko,1481,0.75,cluster_phonetic,6
daleko,1481,0.75,cluster_phonetic,6
daleko,1481,0.75,cluster_phonetic,6
daleko,1481,0.75,cluster_phonetic,6
daleko,1481,0.75,cluster_phonetic,6
goku,1482,0.75,cluster_phonetic,6
goku,1482,0.75,cluster_phonetic,6
goku,1482,0.75,cluster_phonetic,6
goku,1482,0.75,cluster_phonetic,6
goku,1482,0.75,cluster_phonetic,6
odreko,1483,0.75,cluster_phonetic,6
odreko,1483,0.75,cluster_phonetic,6
odreko,1483,0.75,cluster_phonetic,6
odreko,1483,0.75,cluster_phonetic,6
odreko,1483,0.75,cluster_phonetic,6
preko,1483,0.75,cluster_phonetic,4
preko,1483,0.75,cluster_phonetic,4
preko,1483,0.75,cluster_phonetic,4
preko,1483,0.75,cluster_phonetic,4
preko,1483,0.75,cluster_phonetic,4
swob,1484,0.75,cluster_phonetic,6
swob,1484,0.75,cluster_phonetic,6
swob,1484,0.75,cluster_phonetic,6
swob,1484,0.75,cluster_phonetic,6
swob,1484,0.75,cluster_phonetic,6
beh,1485,0.75,cluster_phonetic,6
beh,1485,0.75,cluster_phonetic,6
beh,1485,0.75,cluster_phonetic,6
beh,1485,0.75,cluster_phonetic,6
beh,1485,0.75,cluster_phonetic,6
mo',1486,0.75,cluster_phonetic,6
mo',1486,0.75,cluster_phonetic,6
mo',1486,0.75,cluster_phonetic,6
mo',1486,0.75,cluster_phonetic,6
ak,1487,0.75,cluster_phonetic,6
ak,1487,0.75,cluster_phonetic,6
ak,1487,0.75,cluster_phonetic,6
ak,1487,0.75,cluster_phonetic,6
tvog,1488,0.75,cluster_phonetic,6
tvog,1488,0.75,cluster_phonetic,6
tvog,1488,0.75,cluster_phonetic,6
tvog,1488,0.75,cluster_phonetic,6
tvog,1488,0.75,cluster_phonetic,6
labalich,1489,0.75,cluster_phonetic,6
labalich,1489,0.75,cluster_phonetic,6
labalich,1489,0.75,cluster_phonetic,6
labalich,1489,0.75,cluster_phonetic,6
labalich,1489,0.75,cluster_phonetic,6
denge,1490,0.75,cluster_phonetic,6
denge,1490,0.75,cluster_phonetic,6
denge,1490,0.75,cluster_phonetic,6
denge,1490,0.75,cluster_phonetic,6
denge,1490,0.75,cluster_phonetic,6
bhrdy,1491,0.75,cluster_phonetic,6
bhrdy,1491,0.75,cluster_phonetic,6
bhrdy,1491,0.75,cluster_phonetic,6
bhrdy,1491,0.75,cluster_phonetic,6
bhrdy,1491,0.75,cluster_phonetic,6
cu,1492,0.75,cluster_phonetic,6
cu,1492,0.75,cluster_phonetic,6
cu,1492,0.75,cluster_phonetic,6
cu,1492,0.75,cluster_phonetic,6
eazy,1493,0.75,cluster_phonetic,6
eazy,1493,0.75,cluster_phonetic,6
eazy,1493,0.75,cluster_phonetic,6
eazy,1493,0.75,cluster_phonetic,6
eazy,1493,0.75,cluster_phonetic,6
hellboy,1494,0.75,cluster_phonetic,6
hellboy,1494,0.75,cluster_phonetic,6
hellboy,1494,0.75,cluster_phonetic,6
hellboy,1494,0.75,cluster_phonetic,6
hellboy,1494,0.75,cluster_phonetic,6
ie,1495,0.75,cluster_phonetic,6
ie,1495,0.75,cluster_phonetic,6
ie,1495,0.75,cluster_phonetic,6
ie,1495,0.75,cluster_phonetic,6
ikou,1496,0.75,cluster_phonetic,6
ikou,1496,0.75,cluster_phonetic,6
ikou,1496,0.75,cluster_phonetic,6
ikou,1496,0.75,cluster_phonetic,6
ikou,1496,0.75,cluster_phonetic,6
lexi,1497,0.75,cluster_phonetic,6
lexi,1497,0.75,cluster_phonetic,6
lexi,1497,0.75,cluster_phonetic,6
lexi,1497,0.75,cluster_phonetic,6
lexi,1497,0.75,cluster_phonetic,6
lowkey,1498,0.75,cluster_phonetic,6
lowkey,1498,0.75,cluster_phonetic,6
lowkey,1498,0.75,cluster_phonetic,6
lowkey,1498,0.75,cluster_phonetic,6
lowkey,1498,0.75,cluster_phonetic,6
oowee,1499,0.75,cluster_phonetic,6
oowee,1499,0.75,cluster_phonetic,6
oowee,1499,0.75,cluster_phonetic,6
oowee,1499,0.75,cluster_phonetic,6
oowee,1499,0.75,cluster_phonetic,6
punani,1500,0.75,cluster_phonetic,6
punani,1500,0.75,cluster_phonetic,6
punani,1500,0.75,cluster_phonetic,6
punani,1500,0.75,cluster_phonetic,6
punani,1500,0.75,cluster_phonetic,6
smesno,1501,0.75,cluster_phonetic,6
smesno,1501,0.75,cluster_phonetic,6
smesno,1501,0.75,cluster_phonetic,6
smesno,1501,0.75,cluster_phonetic,6
smesno,1501,0.75,cluster_phonetic,6
tremi,1502,0.75,cluster_phonetic,6
tremi,1502,0.75,cluster_phonetic,6
tremi,1502,0.75,cluster_phonetic,6
tremi,1502,0.75,cluster_phonetic,6
tremi,1502,0.75,cluster_phonetic,6
dzek,1503,0.75,cluster_phonetic,6
dzek,1503,0.75,cluster_phonetic,6
dzek,1503,0.75,cluster_phonetic,6
dzek,1503,0.75,cluster_phonetic,6
dzek,1503,0.75,cluster_phonetic,6
blowin,1504,0.75,cluster_phonetic,6
blowin',1504,0.75,cluster_phonetic,6
blowin',1504,0.75,cluster_phonetic,6
blowin',1504,0.75,cluster_phonetic,6
blowin',1504,0.75,cluster_phonetic,6
apiece,1505,0.75,cluster_phonetic,4
piece,1505,0.75,cluster_phonetic,6
piece,1505,0.75,cluster_phonetic,6
piece,1505,0.75,cluster_phonetic,6
piece,1505,0.75,cluster_phonetic,6
piece,1505,0.75,cluster_phonetic,4
hoot,1506,0.75,cluster_phonetic,4
shoot,1506,0.75,cluster_phonetic,6
shoot,1506,0.75,cluster_phonetic,6
shoot,1506,0.75,cluster_phonetic,6
shoot,1506,0.75,cluster_phonetic,6
shoot,1506,0.75,cluster_phonetic,4
horror,1507,0.75,cluster_phonetic,4
mirror,1507,0.75,cluster_phonetic,6
mirror,1507,0.75,cluster_phonetic,6
mirror,1507,0.75,cluster_phonetic,6
mirror,1507,0.75,cluster_phonetic,6
mirror,1507,0.75,cluster_phonetic,4
goose,1508,0.75,cluster_phonetic,4
goose,1508,0.75,cluster_phonetic,4
goose,1508,0.75,cluster_phonetic,4
goose,1508,0.75,cluster_phonetic,4
goose,1508,0.75,cluster_phonetic,4
loose,1508,0.75,cluster_phonetic,6
loose,1508,0.75,cluster_phonetic,6
loose,1508,0.75,cluster_phonetic,6
loose,1508,0.75,cluster_phonetic,6
loose,1508,0.75,cluster_phonetic,4
moose,1508,0.75,cluster_phonetic,4
noose,1508,0.75,cluster_phonetic,4
dare,1509,0.75,cluster_phonetic,6
dare,1509,0.75,cluster_phonetic,6
dare,1509,0.75,cluster_phonetic,6
dare,1509,0.75,cluster_phonetic,6
dare,1509,0.75,cluster_phonetic,4
disrespect,1510,0.75,cluster_phonetic,4
expect,1510,0.75,cluster_phonetic,4
inspect,1510,0.75,cluster_phonetic,4
respect,1510,0.75,cluster_phonetic,6
respect,1510,0.75,cluster_phonetic,6
respect,1510,0.75,cluster_phonetic,6
respect,1510,0.75,cluster_phonetic,6
respect,1510,0.75,cluster_phonetic,4
suspect,1510,0.75,cluster_phonetic,4
gate,1511,0.75,cluster_phonetic,6
gate,1511,0.75,cluster_phonetic,6
gate,1511,0.75,cluster_phonetic,6
gate,1511,0.75,cluster_phonetic,6
gate,1511,0.75,cluster_phonetic,4
five,1512,0.75,cluster_phonetic,6
five,1512,0.75,cluster_phonetic,6
five,1512,0.75,cluster_phonetic,6
five,1512,0.75,cluster_phonetic,6
five,1512,0.75,cluster_phonetic,4
loot,1513,0.75,cluster_phonetic,6
loot,1513,0.75,cluster_phonetic,6
loot,1513,0.75,cluster_phonetic,6
loot,1513,0.75,cluster_phonetic,6
loot,1513,0.75,cluster_phonetic,4
fade,1514,0.75,cluster_phonetic,6
fade,1514,0.75,cluster_phonetic,6
fade,1514,0.75,cluster_phonetic,6
fade,1514,0.75,cluster_phonetic,6
fade,1514,0.75,cluster_phonetic,4
cut,1515,0.75,cluster_phonetic,6
cut,1515,0.75,cluster_phonetic,6
cut,1515,0.75,cluster_phonetic,6
cut,1515,0.75,cluster_phonetic,6
cut,1515,0.75,cluster_phonetic,4
kind,1516,0.75,cluster_phonetic,6
kind,1516,0.75,cluster_phonetic,6
kind,1516,0.75,cluster_phonetic,6
kind,1516,0.75,cluster_phonetic,6
kind,1516,0.75,cluster_phonetic,4
unkind,1516,0.75,cluster_phonetic,4
unkind,1516,0.75,cluster_phonetic,4
van,1517,0.75,cluster_phonetic,6
van,1517,0.75,cluster_phonetic,6
van,1517,0.75,cluster_phonetic,6
van,1517,0.75,cluster_phonetic,6
van,1517,0.75,cluster_phonetic,4
sing,1518,0.75,cluster_phonetic,6
sing,1518,0.75,cluster_phonetic,6
sing,1518,0.75,cluster_phonetic,6
sing,1518,0.75,cluster_phonetic,6
sing,1518,0.75,cluster_phonetic,4
sick,1519,0.75,cluster_phonetic,6
sick,1519,0.75,cluster_phonetic,6
sick,1519,0.75,cluster_phonetic,6
sick,1519,0.75,cluster_phonetic,6
sick,1519,0.75,cluster_phonetic,4
pan,1520,0.75,cluster_phonetic,6
pan,1520,0.75,cluster_phonetic,6
pan,1520,0.75,cluster_phonetic,6
pan,1520,0.75,cluster_phonetic,6
pan,1520,0.75,cluster_phonetic,4
act,1521,0.75,cluster_phonetic,6
act,1521,0.75,cluster_phonetic,6
act,1521,0.75,cluster_phonetic,6
act,1521,0.75,cluster_phonetic,6
act,1521,0.75,cluster_phonetic,4
ago,1522,0.75,cluster_phonetic,6
ago,1522,0.75,cluster_phonetic,6
ago,1522,0.75,cluster_phonetic,6
ago,1522,0.75,cluster_phonetic,6
ago,1522,0.75,cluster_phonetic,4
review,1523,0.75,cluster_phonetic,4
view,1523,0.75,cluster_phonetic,6
view,1523,0.75,cluster_phonetic,6
view,1523,0.75,cluster_phonetic,6
view,1523,0.75,cluster_phonetic,6
view,1523,0.75,cluster_phonetic,4
epidemic,1524,0.75,cluster_phonetic,6
epidemic,1524,0.75,cluster_phonetic,6
epidemic,1524,0.75,cluster_phonetic,6
epidemic,1524,0.75,cluster_phonetic,6
epidemic,1524,0.75,cluster_phonetic,4
arose,1525,0.75,cluster_phonetic,4
prose,1525,0.75,cluster_phonetic,4
rose,1525,0.75,cluster_phonetic,6
rose,1525,0.75,cluster_phonetic,6
rose,1525,0.75,cluster_phonetic,6
rose,1525,0.75,cluster_phonetic,6
rose,1525,0.75,cluster_phonetic,4
wage,1526,0.75,cluster_phonetic,6
wage,1526,0.75,cluster_phonetic,6
wage,1526,0.75,cluster_phonetic,6
wage,1526,0.75,cluster_phonetic,6
wage,1526,0.75,cluster_phonetic,4
rat,1527,0.75,cluster_phonetic,6
rat,1527,0.75,cluster_phonetic,6
rat,1527,0.75,cluster_phonetic,6
rat,1527,0.75,cluster_phonetic,6
rat,1527,0.75,cluster_phonetic,4
shirt,1528,0.75,cluster_phonetic,6
shirt,1528,0.75,cluster_phonetic,6
shirt,1528,0.75,cluster_phonetic,6
shirt,1528,0.75,cluster_phonetic,6
shirt,1528,0.75,cluster_phonetic,4
creep,1529,0.75,cluster_phonetic,6
creep,1529,0.75,cluster_phonetic,6
creep,1529,0.75,cluster_phonetic,6
creep,1529,0.75,cluster_phonetic,6
creep,1529,0.75,cluster_phonetic,4
forget,1530,0.75,cluster_phonetic,6
forget,1530,0.75,cluster_phonetic,6
forget,1530,0.75,cluster_phonetic,6
forget,1530,0.75,cluster_phonetic,6
forget,1530,0.75,cluster_phonetic,4
course,1531,0.75,cluster_phonetic,6
course,1531,0.75,cluster_phonetic,6
course,1531,0.75,cluster_phonetic,6
course,1531,0.75,cluster_phonetic,6
course,1531,0.75,cluster_phonetic,4
war,1532,0.75,cluster_phonetic,6
war,1532,0.75,cluster_phonetic,6
war,1532,0.75,cluster_phonetic,6
war,1532,0.75,cluster_phonetic,6
war,1532,0.75,cluster_phonetic,4
commit,1533,0.75,cluster_phonetic,6
commit,1533,0.75,cluster_phonetic,6
commit,1533,0.75,cluster_phonetic,6
commit,1533,0.75,cluster_phonetic,6
commit,1533,0.75,cluster_phonetic,4
batch,1534,0.75,cluster_phonetic,4
catch,1534,0.75,cluster_phonetic,4
hatch,1534,0.75,cluster_phonetic,4
latch,1534,0.75,cluster_phonetic,4
match,1534,0.75,cluster_phonetic,6
match,1534,0.75,cluster_phonetic,6
match,1534,0.75,cluster_phonetic,6
match,1534,0.75,cluster_phonetic,6
match,1534,0.75,cluster_phonetic,4
patch,1534,0.75,cluster_phonetic,4
scratch,1534,0.75,cluster_phonetic,4
snatch,1534,0.75,cluster_phonetic,4
thatch,1534,0.75,cluster_phonetic,4
disguise,1535,0.75,cluster_phonetic,6
disguise,1535,0.75,cluster_phonetic,6
disguise,1535,0.75,cluster_phonetic,6
disguise,1535,0.75,cluster_phonetic,6
disguise,1535,0.75,cluster_phonetic,4
guise,1535,0.75,cluster_phonetic,4
guise,1535,0.75,cluster_phonetic,4
enemy,1536,0.75,cluster_phonetic,6
enemy,1536,0.75,cluster_phonetic,6
enemy,1536,0.75,cluster_phonetic,6
enemy,1536,0.75,cluster_phonetic,6
enemy,1536,0.75,cluster_phonetic,4
shelf,1537,0.75,cluster_phonetic,6
shelf,1537,0.75,cluster_phonetic,6
shelf,1537,0.75,cluster_phonetic,6
shelf,1537,0.75,cluster_phonetic,6
shelf,1537,0.75,cluster_phonetic,4
tongue,1538,0.75,cluster_phonetic,6
tongue,1538,0.75,cluster_phonetic,6
tongue,1538,0.75,cluster_phonetic,6
tongue,1538,0.75,cluster_phonetic,6
tongue,1538,0.75,cluster_phonetic,4
sweep,1539,0.75,cluster_phonetic,6
sweep,1539,0.75,cluster_phonetic,6
sweep,1539,0.75,cluster_phonetic,6
sweep,1539,0.75,cluster_phonetic,6
sweep,1539,0.75,cluster_phonetic,4
weep,1539,0.75,cluster_phonetic,4
weep,1539,0.75,cluster_phonetic,4
steak,1540,0.75,cluster_phonetic,6
steak,1540,0.75,cluster_phonetic,6
steak,1540,0.75,cluster_phonetic,6
steak,1540,0.75,cluster_phonetic,6
steak,1540,0.75,cluster_phonetic,4
collide,1541,0.75,cluster_phonetic,4
glide,1541,0.75,cluster_phonetic,4
slide,1541,0.75,cluster_phonetic,6
slide,1541,0.75,cluster_phonetic,6
slide,1541,0.75,cluster_phonetic,6
slide,1541,0.75,cluster_phonetic,6
slide,1541,0.75,cluster_phonetic,4
vie,1542,0.75,cluster_phonetic,6
vie,1542,0.75,cluster_phonetic,6
vie,1542,0.75,cluster_phonetic,6
vie,1542,0.75,cluster_phonetic,6
vie,1542,0.75,cluster_phonetic,4
comprise,1543,0.75,cluster_phonetic,4
rise,1543,0.75,cluster_phonetic,6
rise,1543,0.75,cluster_phonetic,6
rise,1543,0.75,cluster_phonetic,6
rise,1543,0.75,cluster_phonetic,6
rise,1543,0.75,cluster_phonetic,4
surprise,1543,0.75,cluster_phonetic,5
surprise,1543,0.75,cluster_phonetic,5
surprise,1543,0.75,cluster_phonetic,5
surprise,1543,0.75,cluster_phonetic,5
surprise,1543,0.75,cluster_phonetic,4
kick,1544,0.75,cluster_phonetic,6
kick,1544,0.75,cluster_phonetic,6
kick,1544,0.75,cluster_phonetic,6
kick,1544,0.75,cluster_phonetic,6
kick,1544,0.75,cluster_phonetic,4
mash,1545,0.75,cluster_phonetic,4
mash,1545,0.75,cluster_phonetic,4
mash,1545,0.75,cluster_phonetic,4
mash,1545,0.75,cluster_phonetic,4
mash,1545,0.75,cluster_phonetic,4
smash,1545,0.75,cluster_phonetic,6
smash,1545,0.75,cluster_phonetic,6
smash,1545,0.75,cluster_phonetic,6
smash,1545,0.75,cluster_phonetic,6
smash,1545,0.75,cluster_phonetic,4
meat,1546,0.75,cluster_phonetic,6
meat,1546,0.75,cluster_phonetic,6
meat,1546,0.75,cluster_phonetic,6
meat,1546,0.75,cluster_phonetic,6
meat,1546,0.75,cluster_phonetic,4
rip,1547,0.75,cluster_phonetic,6
rip,1547,0.75,cluster_phonetic,6
rip,1547,0.75,cluster_phonetic,6
rip,1547,0.75,cluster_phonetic,6
rip,1547,0.75,cluster_phonetic,4
must,1548,0.75,cluster_phonetic,6
must,1548,0.75,cluster_phonetic,6
must,1548,0.75,cluster_phonetic,6
must,1548,0.75,cluster_phonetic,6
must,1548,0.75,cluster_phonetic,4
dam,1549,0.75,cluster_phonetic,6
dam,1549,0.75,cluster_phonetic,6
dam,1549,0.75,cluster_phonetic,6
dam,1549,0.75,cluster_phonetic,6
dam,1549,0.75,cluster_phonetic,4
thwack,1550,0.75,cluster_phonetic,6
thwack,1550,0.75,cluster_phonetic,6
thwack,1550,0.75,cluster_phonetic,6
thwack,1550,0.75,cluster_phonetic,6
thwack,1550,0.75,cluster_phonetic,4
auxiliary,1551,0.75,cluster_phonetic,4
aviary,1551,0.75,cluster_phonetic,4
diary,1551,0.75,cluster_phonetic,6
diary,1551,0.75,cluster_phonetic,6
diary,1551,0.75,cluster_phonetic,6
diary,1551,0.75,cluster_phonetic,6
diary,1551,0.75,cluster_phonetic,4
penitentiary,1551,0.75,cluster_phonetic,4
penitentiary,1551,0.75,cluster_phonetic,4
penitentiary,1551,0.75,cluster_phonetic,4
penitentiary,1551,0.75,cluster_phonetic,4
penitentiary,1551,0.75,cluster_phonetic,4
proudly,1552,0.75,cluster_phonetic,6
proudly,1552,0.75,cluster_phonetic,6
proudly,1552,0.75,cluster_phonetic,6
proudly,1552,0.75,cluster_phonetic,6
proudly,1552,0.75,cluster_phonetic,4
leavin,1553,0.75,cluster_phonetic,6
leavin,1553,0.75,cluster_phonetic,4
leavin,1553,0.75,cluster_phonetic,4
leavin,1553,0.75,cluster_phonetic,4
leavin,1553,0.75,cluster_phonetic,4
savin',1553,0.75,cluster_phonetic,4
savin',1553,0.75,cluster_phonetic,4
savin',1553,0.75,cluster_phonetic,4
savin',1553,0.75,cluster_phonetic,4
servin,1554,0.75,cluster_phonetic,6
stu,1555,0.75,cluster_phonetic,6
hatin,1556,0.75,cluster_phonetic,6
hatin',1556,0.75,cluster_phonetic,5
hatin',1556,0.75,cluster_phonetic,5
hatin',1556,0.75,cluster_phonetic,5
hatin',1556,0.75,cluster_phonetic,5
classy,1557,0.75,cluster_phonetic,5
classy,1557,0.75,cluster_phonetic,5
classy,1557,0.75,cluster_phonetic,5
classy,1557,0.75,cluster_phonetic,5
classy,1557,0.75,cluster_phonetic,5
embassy,1557,0.75,cluster_phonetic,4
friday,1558,0.75,cluster_phonetic,5
friday,1558,0.75,cluster_phonetic,5
friday,1558,0.75,cluster_phonetic,5
friday,1558,0.75,cluster_phonetic,5
friday,1558,0.75,cluster_phonetic,5
gladly,1559,0.75,cluster_phonetic,5
gladly,1559,0.75,cluster_phonetic,5
gladly,1559,0.75,cluster_phonetic,5
gladly,1559,0.75,cluster_phonetic,5
gladly,1559,0.75,cluster_phonetic,5
lucky,1560,0.75,cluster_phonetic,5
lucky,1560,0.75,cluster_phonetic,5
lucky,1560,0.75,cluster_phonetic,5
lucky,1560,0.75,cluster_phonetic,5
lucky,1560,0.75,cluster_phonetic,5
luigi,1561,0.75,cluster_phonetic,5
luigi,1561,0.75,cluster_phonetic,5
luigi,1561,0.75,cluster_phonetic,5
luigi,1561,0.75,cluster_phonetic,5
luigi,1561,0.75,cluster_phonetic,5
monkey,1562,0.75,cluster_phonetic,5
monkey,1562,0.75,cluster_phonetic,5
monkey,1562,0.75,cluster_phonetic,5
monkey,1562,0.75,cluster_phonetic,5
monkey,1562,0.75,cluster_phonetic,5
penny,1563,0.75,cluster_phonetic,5
penny,1563,0.75,cluster_phonetic,5
penny,1563,0.75,cluster_phonetic,5
penny,1563,0.75,cluster_phonetic,5
penny,1563,0.75,cluster_phonetic,5
recipe,1564,0.75,cluster_phonetic,5
recipe,1564,0.75,cluster_phonetic,5
recipe,1564,0.75,cluster_phonetic,5
recipe,1564,0.75,cluster_phonetic,5
recipe,1564,0.75,cluster_phonetic,5
saari,1565,0.75,cluster_phonetic,5
saari,1565,0.75,cluster_phonetic,5
saari,1565,0.75,cluster_phonetic,5
saari,1565,0.75,cluster_phonetic,5
saari,1565,0.75,cluster_phonetic,5
shi,1566,0.75,cluster_phonetic,5
shi,1566,0.75,cluster_phonetic,5
shi,1566,0.75,cluster_phonetic,5
shi,1566,0.75,cluster_phonetic,5
shi,1566,0.75,cluster_phonetic,5
shorty,1567,0.75,cluster_phonetic,5
shorty,1567,0.75,cluster_phonetic,5
shorty,1567,0.75,cluster_phonetic,5
shorty,1567,0.75,cluster_phonetic,5
shorty,1567,0.75,cluster_phonetic,5
steal,1568,0.75,cluster_phonetic,5
steal,1568,0.75,cluster_phonetic,5
steal,1568,0.75,cluster_phonetic,5
steal,1568,0.75,cluster_phonetic,5
steal,1568,0.75,cluster_phonetic,5
screens,1569,0.75,cluster_phonetic,4
teens,1569,0.75,cluster_phonetic,5
teens,1569,0.75,cluster_phonetic,5
teens,1569,0.75,cluster_phonetic,5
teens,1569,0.75,cluster_phonetic,5
teens,1569,0.75,cluster_phonetic,5
tv,1570,0.75,cluster_phonetic,5
tv,1570,0.75,cluster_phonetic,5
tv,1570,0.75,cluster_phonetic,5
tv,1570,0.75,cluster_phonetic,5
wee,1571,0.75,cluster_phonetic,5
wee,1571,0.75,cluster_phonetic,5
wee,1571,0.75,cluster_phonetic,5
wee,1571,0.75,cluster_phonetic,5
wee,1571,0.75,cluster_phonetic,5
ab,1572,0.75,cluster_phonetic,5
ab,1572,0.75,cluster_phonetic,5
ab,1572,0.75,cluster_phonetic,5
ab,1572,0.75,cluster_phonetic,5
app,1573,0.75,cluster_phonetic,5
app,1573,0.75,cluster_phonetic,5
app,1573,0.75,cluster_phonetic,5
app,1573,0.75,cluster_phonetic,5
app,1573,0.75,cluster_phonetic,5
backhand,1574,0.75,cluster_phonetic,5
backhand,1574,0.75,cluster_phonetic,5
backhand,1574,0.75,cluster_phonetic,5
backhand,1574,0.75,cluster_phonetic,5
backhand,1574,0.75,cluster_phonetic,5
forehand,1574,0.75,cluster_phonetic,5
forehand,1574,0.75,cluster_phonetic,5
forehand,1574,0.75,cluster_phonetic,5
forehand,1574,0.75,cluster_phonetic,5
forehand,1574,0.75,cluster_phonetic,5
bass,1575,0.75,cluster_phonetic,5
bass,1575,0.75,cluster_phonetic,5
bass,1575,0.75,cluster_phonetic,5
bass,1575,0.75,cluster_phonetic,5
bass,1575,0.75,cluster_phonetic,5
japan,1576,0.75,cluster_phonetic,5
japan,1576,0.75,cluster_phonetic,5
japan,1576,0.75,cluster_phonetic,5
japan,1576,0.75,cluster_phonetic,5
japan,1576,0.75,cluster_phonetic,5
kat,1577,0.75,cluster_phonetic,5
kat,1577,0.75,cluster_phonetic,5
kat,1577,0.75,cluster_phonetic,5
kat,1577,0.75,cluster_phonetic,5
kat,1577,0.75,cluster_phonetic,5
path,1578,0.75,cluster_phonetic,5
path,1578,0.75,cluster_phonetic,5
path,1578,0.75,cluster_phonetic,5
path,1578,0.75,cluster_phonetic,5
path,1578,0.75,cluster_phonetic,5
plans,1579,0.75,cluster_phonetic,5
plans,1579,0.75,cluster_phonetic,5
plans,1579,0.75,cluster_phonetic,5
plans,1579,0.75,cluster_phonetic,5
plans,1579,0.75,cluster_phonetic,5
setbacks,1580,0.75,cluster_phonetic,5
setbacks,1580,0.75,cluster_phonetic,5
setbacks,1580,0.75,cluster_phonetic,5
setbacks,1580,0.75,cluster_phonetic,5
setbacks,1580,0.75,cluster_phonetic,5
blues,1581,0.75,cluster_phonetic,5
blues,1581,0.75,cluster_phonetic,5
blues,1581,0.75,cluster_phonetic,5
blues,1581,0.75,cluster_phonetic,5
blues,1581,0.75,cluster_phonetic,5
clues,1581,0.75,cluster_phonetic,4
boots,1582,0.75,cluster_phonetic,5
boots,1582,0.75,cluster_phonetic,5
boots,1582,0.75,cluster_phonetic,5
boots,1582,0.75,cluster_phonetic,5
boots,1582,0.75,cluster_phonetic,5
route,1583,0.75,cluster_phonetic,5
route,1583,0.75,cluster_phonetic,5
route,1583,0.75,cluster_phonetic,5
route,1583,0.75,cluster_phonetic,5
route,1583,0.75,cluster_phonetic,5
tu,1584,0.75,cluster_phonetic,5
tu,1584,0.75,cluster_phonetic,5
tu,1584,0.75,cluster_phonetic,5
tu,1584,0.75,cluster_phonetic,5
album,1585,0.75,cluster_phonetic,5
album,1585,0.75,cluster_phonetic,5
album,1585,0.75,cluster_phonetic,5
album,1585,0.75,cluster_phonetic,5
album,1585,0.75,cluster_phonetic,5
certain,1586,0.75,cluster_phonetic,5
certain,1586,0.75,cluster_phonetic,5
certain,1586,0.75,cluster_phonetic,5
certain,1586,0.75,cluster_phonetic,5
certain,1586,0.75,cluster_phonetic,5
curtain,1586,0.75,cluster_phonetic,4
chances,1587,0.75,cluster_phonetic,5
chances,1587,0.75,cluster_phonetic,5
chances,1587,0.75,cluster_phonetic,5
chances,1587,0.75,cluster_phonetic,5
chances,1587,0.75,cluster_phonetic,5
chicken,1588,0.75,cluster_phonetic,5
chicken,1588,0.75,cluster_phonetic,5
chicken,1588,0.75,cluster_phonetic,5
chicken,1588,0.75,cluster_phonetic,5
chicken,1588,0.75,cluster_phonetic,5
thicken,1588,0.75,cluster_phonetic,4
closet,1589,0.75,cluster_phonetic,5
closet,1589,0.75,cluster_phonetic,5
closet,1589,0.75,cluster_phonetic,5
closet,1589,0.75,cluster_phonetic,5
closet,1589,0.75,cluster_phonetic,5
cum,1590,0.75,cluster_phonetic,5
cum,1590,0.75,cluster_phonetic,5
cum,1590,0.75,cluster_phonetic,5
cum,1590,0.75,cluster_phonetic,5
cum,1590,0.75,cluster_phonetic,5
destruct,1591,0.75,cluster_phonetic,5
destruct,1591,0.75,cluster_phonetic,5
destruct,1591,0.75,cluster_phonetic,5
destruct,1591,0.75,cluster_phonetic,5
destruct,1591,0.75,cluster_phonetic,5
instruct,1591,0.75,cluster_phonetic,4
obstruct,1591,0.75,cluster_phonetic,4
reconstruct,1591,0.75,cluster_phonetic,4
reconstruct,1591,0.75,cluster_phonetic,4
reconstruct,1591,0.75,cluster_phonetic,4
reconstruct,1591,0.75,cluster_phonetic,4
reconstruct,1591,0.75,cluster_phonetic,4
dum,1592,0.75,cluster_phonetic,5
dum,1592,0.75,cluster_phonetic,5
dum,1592,0.75,cluster_phonetic,5
dum,1592,0.75,cluster_phonetic,5
dum,1592,0.75,cluster_phonetic,5
erupt,1593,0.75,cluster_phonetic,5
erupt,1593,0.75,cluster_phonetic,5
erupt,1593,0.75,cluster_phonetic,5
erupt,1593,0.75,cluster_phonetic,5
erupt,1593,0.75,cluster_phonetic,5
interrupt,1593,0.75,cluster_phonetic,4
interrupt,1593,0.75,cluster_phonetic,4
interrupt,1593,0.75,cluster_phonetic,4
interrupt,1593,0.75,cluster_phonetic,4
interrupt,1593,0.75,cluster_phonetic,4
gangsta,1594,0.75,cluster_phonetic,5
gangsta,1594,0.75,cluster_phonetic,5
gangsta,1594,0.75,cluster_phonetic,5
gangsta,1594,0.75,cluster_phonetic,5
gangsta,1594,0.75,cluster_phonetic,5
language,1595,0.75,cluster_phonetic,5
language,1595,0.75,cluster_phonetic,5
language,1595,0.75,cluster_phonetic,5
language,1595,0.75,cluster_phonetic,5
language,1595,0.75,cluster_phonetic,5
lesson,1596,0.75,cluster_phonetic,5
lesson,1596,0.75,cluster_phonetic,5
lesson,1596,0.75,cluster_phonetic,5
lesson,1596,0.75,cluster_phonetic,5
lesson,1596,0.75,cluster_phonetic,5
modest,1597,0.75,cluster_phonetic,5
modest,1597,0.75,cluster_phonetic,5
modest,1597,0.75,cluster_phonetic,5
modest,1597,0.75,cluster_phonetic,5
modest,1597,0.75,cluster_phonetic,5
naked,1598,0.75,cluster_phonetic,5
naked,1598,0.75,cluster_phonetic,5
naked,1598,0.75,cluster_phonetic,5
naked,1598,0.75,cluster_phonetic,5
naked,1598,0.75,cluster_phonetic,5
ocean,1599,0.75,cluster_phonetic,5
ocean,1599,0.75,cluster_phonetic,5
ocean,1599,0.75,cluster_phonetic,5
ocean,1599,0.75,cluster_phonetic,5
ocean,1599,0.75,cluster_phonetic,5
patient,1600,0.75,cluster_phonetic,5
patient,1600,0.75,cluster_phonetic,5
patient,1600,0.75,cluster_phonetic,5
patient,1600,0.75,cluster_phonetic,5
patient,1600,0.75,cluster_phonetic,5
plugs,1601,0.75,cluster_phonetic,5
plugs,1601,0.75,cluster_phonetic,5
plugs,1601,0.75,cluster_phonetic,5
plugs,1601,0.75,cluster_phonetic,5
plugs,1601,0.75,cluster_phonetic,5
promise,1602,0.75,cluster_phonetic,5
promise,1602,0.75,cluster_phonetic,5
promise,1602,0.75,cluster_phonetic,5
promise,1602,0.75,cluster_phonetic,5
promise,1602,0.75,cluster_phonetic,5
countless,1603,0.75,cluster_phonetic,4
flawless,1603,0.75,cluster_phonetic,4
fruitless,1603,0.75,cluster_phonetic,4
guileless,1603,0.75,cluster_phonetic,4
hopeless,1603,0.75,cluster_phonetic,4
priceless,1603,0.75,cluster_phonetic,4
priceless,1603,0.75,cluster_phonetic,4
priceless,1603,0.75,cluster_phonetic,4
priceless,1603,0.75,cluster_phonetic,4
priceless,1603,0.75,cluster_phonetic,4
reckless,1603,0.75,cluster_phonetic,5
reckless,1603,0.75,cluster_phonetic,5
reckless,1603,0.75,cluster_phonetic,5
reckless,1603,0.75,cluster_phonetic,5
reckless,1603,0.75,cluster_phonetic,5
spotless,1603,0.75,cluster_phonetic,4
weightless,1603,0.75,cluster_phonetic,4
ambulance,1604,0.75,cluster_phonetic,4
arrogance,1604,0.75,cluster_phonetic,4
balance,1604,0.75,cluster_phonetic,5
balance,1604,0.75,cluster_phonetic,5
balance,1604,0.75,cluster_phonetic,5
balance,1604,0.75,cluster_phonetic,5
balance,1604,0.75,cluster_phonetic,4
distance,1604,0.75,cluster_phonetic,4
distance,1604,0.75,cluster_phonetic,4
distance,1604,0.75,cluster_phonetic,4
distance,1604,0.75,cluster_phonetic,4
distance,1604,0.75,cluster_phonetic,4
remembrance,1604,0.75,cluster_phonetic,4
riddance,1604,0.75,cluster_phonetic,5
riddance,1604,0.75,cluster_phonetic,5
riddance,1604,0.75,cluster_phonetic,5
riddance,1604,0.75,cluster_phonetic,5
riddance,1604,0.75,cluster_phonetic,5
vengeance,1604,0.75,cluster_phonetic,4
sequel,1605,0.75,cluster_phonetic,5
sequel,1605,0.75,cluster_phonetic,5
sequel,1605,0.75,cluster_phonetic,5
sequel,1605,0.75,cluster_phonetic,5
sequel,1605,0.75,cluster_phonetic,5
simple,1606,0.75,cluster_phonetic,5
simple,1606,0.75,cluster_phonetic,5
simple,1606,0.75,cluster_phonetic,5
simple,1606,0.75,cluster_phonetic,5
simple,1606,0.75,cluster_phonetic,5
spirit,1607,0.75,cluster_phonetic,5
spirit,1607,0.75,cluster_phonetic,5
spirit,1607,0.75,cluster_phonetic,5
spirit,1607,0.75,cluster_phonetic,5
spirit,1607,0.75,cluster_phonetic,5
stomach,1608,0.75,cluster_phonetic,5
stomach,1608,0.75,cluster_phonetic,5
stomach,1608,0.75,cluster_phonetic,5
stomach,1608,0.75,cluster_phonetic,5
stomach,1608,0.75,cluster_phonetic,5
struck,1609,0.75,cluster_phonetic,4
truck,1609,0.75,cluster_phonetic,5
truck,1609,0.75,cluster_phonetic,5
truck,1609,0.75,cluster_phonetic,5
truck,1609,0.75,cluster_phonetic,5
truck,1609,0.75,cluster_phonetic,5
admiral,1610,0.75,cluster_phonetic,4
viral,1610,0.75,cluster_phonetic,5
viral,1610,0.75,cluster_phonetic,5
viral,1610,0.75,cluster_phonetic,5
viral,1610,0.75,cluster_phonetic,5
viral,1610,0.75,cluster_phonetic,5
yup,1611,0.75,cluster_phonetic,5
yup,1611,0.75,cluster_phonetic,5
yup,1611,0.75,cluster_phonetic,5
yup,1611,0.75,cluster_phonetic,5
yup,1611,0.75,cluster_phonetic,5
flip,1612,0.75,cluster_phonetic,5
flip,1612,0.75,cluster_phonetic,5
flip,1612,0.75,cluster_phonetic,5
flip,1612,0.75,cluster_phonetic,5
flip,1612,0.75,cluster_phonetic,5
gimmick,1613,0.75,cluster_phonetic,5
gimmick,1613,0.75,cluster_phonetic,5
gimmick,1613,0.75,cluster_phonetic,5
gimmick,1613,0.75,cluster_phonetic,5
gimmick,1613,0.75,cluster_phonetic,5
id,1614,0.75,cluster_phonetic,5
id,1614,0.75,cluster_phonetic,5
id,1614,0.75,cluster_phonetic,5
id,1614,0.75,cluster_phonetic,5
kicked,1615,0.75,cluster_phonetic,5
kicked,1615,0.75,cluster_phonetic,5
kicked,1615,0.75,cluster_phonetic,5
kicked,1615,0.75,cluster_phonetic,5
kicked,1615,0.75,cluster_phonetic,5
slicked,1615,0.75,cluster_phonetic,4
mink,1616,0.75,cluster_phonetic,5
mink,1616,0.75,cluster_phonetic,5
mink,1616,0.75,cluster_phonetic,5
mink,1616,0.75,cluster_phonetic,5
mink,1616,0.75,cluster_phonetic,5
nugget,1617,0.75,cluster_phonetic,5
nugget,1617,0.75,cluster_phonetic,5
nugget,1617,0.75,cluster_phonetic,5
nugget,1617,0.75,cluster_phonetic,5
nugget,1617,0.75,cluster_phonetic,5
paris,1618,0.75,cluster_phonetic,5
paris,1618,0.75,cluster_phonetic,5
paris,1618,0.75,cluster_phonetic,5
paris,1618,0.75,cluster_phonetic,5
paris,1618,0.75,cluster_phonetic,5
waitin',1619,0.75,cluster_phonetic,5
waitin',1619,0.75,cluster_phonetic,5
waitin',1619,0.75,cluster_phonetic,5
waitin',1619,0.75,cluster_phonetic,5
foul,1620,0.75,cluster_phonetic,5
foul,1620,0.75,cluster_phonetic,5
foul,1620,0.75,cluster_phonetic,5
foul,1620,0.75,cluster_phonetic,5
foul,1620,0.75,cluster_phonetic,5
corleone,1621,0.75,cluster_phonetic,5
corleone,1621,0.75,cluster_phonetic,5
corleone,1621,0.75,cluster_phonetic,5
corleone,1621,0.75,cluster_phonetic,5
corleone,1621,0.75,cluster_phonetic,5
domingo,1622,0.75,cluster_phonetic,5
domingo,1622,0.75,cluster_phonetic,5
domingo,1622,0.75,cluster_phonetic,5
domingo,1622,0.75,cluster_phonetic,5
domingo,1622,0.75,cluster_phonetic,5
flamingo,1622,0.75,cluster_phonetic,4
flamingo,1622,0.75,cluster_phonetic,4
flamingo,1622,0.75,cluster_phonetic,4
flamingo,1622,0.75,cluster_phonetic,4
flamingo,1622,0.75,cluster_phonetic,4
gopro,1623,0.75,cluster_phonetic,5
gopro,1623,0.75,cluster_phonetic,5
gopro,1623,0.75,cluster_phonetic,5
gopro,1623,0.75,cluster_phonetic,5
gopro,1623,0.75,cluster_phonetic,5
hello,1624,0.75,cluster_phonetic,5
hello,1624,0.75,cluster_phonetic,5
hello,1624,0.75,cluster_phonetic,5
hello,1624,0.75,cluster_phonetic,5
hello,1624,0.75,cluster_phonetic,5
hero,1625,0.75,cluster_phonetic,5
hero,1625,0.75,cluster_phonetic,5
hero,1625,0.75,cluster_phonetic,5
hero,1625,0.75,cluster_phonetic,5
hero,1625,0.75,cluster_phonetic,5
photos,1626,0.75,cluster_phonetic,5
photos,1626,0.75,cluster_phonetic,5
photos,1626,0.75,cluster_phonetic,5
photos,1626,0.75,cluster_phonetic,5
photos,1626,0.75,cluster_phonetic,5
po,1627,0.75,cluster_phonetic,5
po,1627,0.75,cluster_phonetic,5
po,1627,0.75,cluster_phonetic,5
po,1627,0.75,cluster_phonetic,5
rio,1628,0.75,cluster_phonetic,5
rio,1628,0.75,cluster_phonetic,5
rio,1628,0.75,cluster_phonetic,5
rio,1628,0.75,cluster_phonetic,5
rio,1628,0.75,cluster_phonetic,5
revolutionize,1629,0.75,cluster_phonetic,5
revolutionize,1629,0.75,cluster_phonetic,5
revolutionize,1629,0.75,cluster_phonetic,5
revolutionize,1629,0.75,cluster_phonetic,5
revolutionize,1629,0.75,cluster_phonetic,5
rhymes,1630,0.75,cluster_phonetic,5
rhymes,1630,0.75,cluster_phonetic,5
rhymes,1630,0.75,cluster_phonetic,5
rhymes,1630,0.75,cluster_phonetic,5
rhymes,1630,0.75,cluster_phonetic,5
pipes,1631,0.75,cluster_phonetic,4
stripes,1631,0.75,cluster_phonetic,5
stripes,1631,0.75,cluster_phonetic,5
stripes,1631,0.75,cluster_phonetic,5
stripes,1631,0.75,cluster_phonetic,5
stripes,1631,0.75,cluster_phonetic,5
wipes,1631,0.75,cluster_phonetic,4
tried,1632,0.75,cluster_phonetic,5
tried,1632,0.75,cluster_phonetic,5
tried,1632,0.75,cluster_phonetic,5
tried,1632,0.75,cluster_phonetic,5
tried,1632,0.75,cluster_phonetic,5
wild,1633,0.75,cluster_phonetic,5
wild,1633,0.75,cluster_phonetic,5
wild,1633,0.75,cluster_phonetic,5
wild,1633,0.75,cluster_phonetic,5
wild,1633,0.75,cluster_phonetic,5
acquaint,1634,0.75,cluster_phonetic,4
ain't,1634,0.75,cluster_phonetic,5
ain't,1634,0.75,cluster_phonetic,5
ain't,1634,0.75,cluster_phonetic,5
ain't,1634,0.75,cluster_phonetic,5
ain't,1634,0.75,cluster_phonetic,5
complaint,1634,0.75,cluster_phonetic,4
constraint,1634,0.75,cluster_phonetic,4
faint,1634,0.75,cluster_phonetic,4
paint,1634,0.75,cluster_phonetic,4
paint,1634,0.75,cluster_phonetic,4
paint,1634,0.75,cluster_phonetic,4
paint,1634,0.75,cluster_phonetic,4
paint,1634,0.75,cluster_phonetic,4
quaint,1634,0.75,cluster_phonetic,4
restraint,1634,0.75,cluster_phonetic,4
saint,1634,0.75,cluster_phonetic,4
taint,1634,0.75,cluster_phonetic,4
dates,1635,0.75,cluster_phonetic,4
dates,1635,0.75,cluster_phonetic,4
dates,1635,0.75,cluster_phonetic,4
dates,1635,0.75,cluster_phonetic,4
dates,1635,0.75,cluster_phonetic,4
gates,1635,0.75,cluster_phonetic,5
gates,1635,0.75,cluster_phonetic,5
gates,1635,0.75,cluster_phonetic,5
gates,1635,0.75,cluster_phonetic,5
gates,1635,0.75,cluster_phonetic,5
jay,1636,0.75,cluster_phonetic,5
jay,1636,0.75,cluster_phonetic,5
jay,1636,0.75,cluster_phonetic,5
jay,1636,0.75,cluster_phonetic,5
jay,1636,0.75,cluster_phonetic,5
veins,1637,0.75,cluster_phonetic,5
veins,1637,0.75,cluster_phonetic,5
veins,1637,0.75,cluster_phonetic,5
veins,1637,0.75,cluster_phonetic,5
veins,1637,0.75,cluster_phonetic,5
cents,1638,0.75,cluster_phonetic,5
cents,1638,0.75,cluster_phonetic,5
cents,1638,0.75,cluster_phonetic,5
cents,1638,0.75,cluster_phonetic,5
cents,1638,0.75,cluster_phonetic,5
gents,1638,0.75,cluster_phonetic,4
patek,1639,0.75,cluster_phonetic,5
patek,1639,0.75,cluster_phonetic,5
patek,1639,0.75,cluster_phonetic,5
patek,1639,0.75,cluster_phonetic,5
patek,1639,0.75,cluster_phonetic,5
tears,1640,0.75,cluster_phonetic,5
tears,1640,0.75,cluster_phonetic,5
tears,1640,0.75,cluster_phonetic,5
tears,1640,0.75,cluster_phonetic,5
tears,1640,0.75,cluster_phonetic,5
birds,1641,0.75,cluster_phonetic,5
birds,1641,0.75,cluster_phonetic,5
birds,1641,0.75,cluster_phonetic,5
birds,1641,0.75,cluster_phonetic,5
birds,1641,0.75,cluster_phonetic,5
favor,1642,0.75,cluster_phonetic,5
favor,1642,0.75,cluster_phonetic,5
favor,1642,0.75,cluster_phonetic,5
favor,1642,0.75,cluster_phonetic,5
favor,1642,0.75,cluster_phonetic,5
chopper,1643,0.75,cluster_phonetic,4
chopper,1643,0.75,cluster_phonetic,4
chopper,1643,0.75,cluster_phonetic,4
chopper,1643,0.75,cluster_phonetic,4
chopper,1643,0.75,cluster_phonetic,4
dapper,1643,0.75,cluster_phonetic,4
grasshopper,1643,0.75,cluster_phonetic,4
pepper,1643,0.75,cluster_phonetic,4
pepper,1643,0.75,cluster_phonetic,4
rapper,1643,0.75,cluster_phonetic,5
rapper,1643,0.75,cluster_phonetic,5
rapper,1643,0.75,cluster_phonetic,5
rapper,1643,0.75,cluster_phonetic,5
rapper,1643,0.75,cluster_phonetic,5
skipper,1643,0.75,cluster_phonetic,4
stopper,1643,0.75,cluster_phonetic,4
trapper,1643,0.75,cluster_phonetic,4
reefer,1644,0.75,cluster_phonetic,5
reefer,1644,0.75,cluster_phonetic,5
reefer,1644,0.75,cluster_phonetic,5
reefer,1644,0.75,cluster_phonetic,5
reefer,1644,0.75,cluster_phonetic,5
sober,1645,0.75,cluster_phonetic,5
sober,1645,0.75,cluster_phonetic,5
sober,1645,0.75,cluster_phonetic,5
sober,1645,0.75,cluster_phonetic,5
sober,1645,0.75,cluster_phonetic,5
prisoner,1646,0.75,cluster_phonetic,4
prisoner,1646,0.75,cluster_phonetic,4
stoner,1646,0.75,cluster_phonetic,5
stoner,1646,0.75,cluster_phonetic,5
stoner,1646,0.75,cluster_phonetic,5
stoner,1646,0.75,cluster_phonetic,5
stoner,1646,0.75,cluster_phonetic,5
waggoner,1646,0.75,cluster_phonetic,4
tired,1647,0.75,cluster_phonetic,5
tired,1647,0.75,cluster_phonetic,5
tired,1647,0.75,cluster_phonetic,5
tired,1647,0.75,cluster_phonetic,5
tired,1647,0.75,cluster_phonetic,5
counter,1648,0.75,cluster_phonetic,4
winter,1648,0.75,cluster_phonetic,5
winter,1648,0.75,cluster_phonetic,5
winter,1648,0.75,cluster_phonetic,5
winter,1648,0.75,cluster_phonetic,5
winter,1648,0.75,cluster_phonetic,5
boys,1649,0.75,cluster_phonetic,5
boys,1649,0.75,cluster_phonetic,5
boys,1649,0.75,cluster_phonetic,5
boys,1649,0.75,cluster_phonetic,5
boys,1649,0.75,cluster_phonetic,5
bra,1650,0.75,cluster_phonetic,5
bra,1650,0.75,cluster_phonetic,5
bra,1650,0.75,cluster_phonetic,5
bra,1650,0.75,cluster_phonetic,5
bra,1650,0.75,cluster_phonetic,5
chop,1651,0.75,cluster_phonetic,5
chop,1651,0.75,cluster_phonetic,5
chop,1651,0.75,cluster_phonetic,5
chop,1651,0.75,cluster_phonetic,5
chop,1651,0.75,cluster_phonetic,5
doll,1652,0.75,cluster_phonetic,5
doll,1652,0.75,cluster_phonetic,5
doll,1652,0.75,cluster_phonetic,5
doll,1652,0.75,cluster_phonetic,5
doll,1652,0.75,cluster_phonetic,5
flop,1653,0.75,cluster_phonetic,5
flop,1653,0.75,cluster_phonetic,5
flop,1653,0.75,cluster_phonetic,5
flop,1653,0.75,cluster_phonetic,5
flop,1653,0.75,cluster_phonetic,5
hah,1654,0.75,cluster_phonetic,5
hah,1654,0.75,cluster_phonetic,5
hah,1654,0.75,cluster_phonetic,5
hah,1654,0.75,cluster_phonetic,5
hah,1654,0.75,cluster_phonetic,5
ka,1655,0.75,cluster_phonetic,5
ka,1655,0.75,cluster_phonetic,5
ka,1655,0.75,cluster_phonetic,5
ka,1655,0.75,cluster_phonetic,5
park,1656,0.75,cluster_phonetic,5
park,1656,0.75,cluster_phonetic,5
park,1656,0.75,cluster_phonetic,5
park,1656,0.75,cluster_phonetic,5
park,1656,0.75,cluster_phonetic,5
spark,1656,0.75,cluster_phonetic,4
stops,1657,0.75,cluster_phonetic,5
stops,1657,0.75,cluster_phonetic,5
stops,1657,0.75,cluster_phonetic,5
stops,1657,0.75,cluster_phonetic,5
stops,1657,0.75,cluster_phonetic,5
xan,1658,0.75,cluster_phonetic,5
xan,1658,0.75,cluster_phonetic,5
xan,1658,0.75,cluster_phonetic,5
xan,1658,0.75,cluster_phonetic,5
xan,1658,0.75,cluster_phonetic,5
doors,1659,0.75,cluster_phonetic,5
doors,1659,0.75,cluster_phonetic,5
doors,1659,0.75,cluster_phonetic,5
doors,1659,0.75,cluster_phonetic,5
doors,1659,0.75,cluster_phonetic,5
songs,1660,0.75,cluster_phonetic,5
songs,1660,0.75,cluster_phonetic,5
songs,1660,0.75,cluster_phonetic,5
songs,1660,0.75,cluster_phonetic,5
songs,1660,0.75,cluster_phonetic,5
bull,1661,0.75,cluster_phonetic,5
bull,1661,0.75,cluster_phonetic,5
bull,1661,0.75,cluster_phonetic,5
bull,1661,0.75,cluster_phonetic,5
bull,1661,0.75,cluster_phonetic,5
you're,1662,0.75,cluster_phonetic,5
you're,1662,0.75,cluster_phonetic,5
you're,1662,0.75,cluster_phonetic,5
you're,1662,0.75,cluster_phonetic,5
you're,1662,0.75,cluster_phonetic,5
gaya,1663,0.75,cluster_phonetic,5
gaya,1663,0.75,cluster_phonetic,5
gaya,1663,0.75,cluster_phonetic,5
gaya,1663,0.75,cluster_phonetic,5
gaya,1663,0.75,cluster_phonetic,5
holla,1664,0.75,cluster_phonetic,5
holla,1664,0.75,cluster_phonetic,5
holla,1664,0.75,cluster_phonetic,5
holla,1664,0.75,cluster_phonetic,5
holla,1664,0.75,cluster_phonetic,5
rb,1665,0.75,cluster_phonetic,5
rb,1665,0.75,cluster_phonetic,5
rb,1665,0.75,cluster_phonetic,5
rb,1665,0.75,cluster_phonetic,5
bravehearts,1666,0.75,cluster_phonetic,5
bravehearts,1666,0.75,cluster_phonetic,5
bravehearts,1666,0.75,cluster_phonetic,5
bravehearts,1666,0.75,cluster_phonetic,5
bravehearts,1666,0.75,cluster_phonetic,5
nascars,1667,0.75,cluster_phonetic,5
nascars,1667,0.75,cluster_phonetic,5
nascars,1667,0.75,cluster_phonetic,5
nascars,1667,0.75,cluster_phonetic,5
nascars,1667,0.75,cluster_phonetic,5
titties,1668,0.75,cluster_phonetic,5
titties,1668,0.75,cluster_phonetic,5
titties,1668,0.75,cluster_phonetic,5
titties,1668,0.75,cluster_phonetic,5
titties,1668,0.75,cluster_phonetic,5
ch,1669,0.75,cluster_phonetic,5
ch,1669,0.75,cluster_phonetic,5
ch,1669,0.75,cluster_phonetic,5
ch,1669,0.75,cluster_phonetic,5
aaj,1670,0.75,cluster_phonetic,5
aaj,1670,0.75,cluster_phonetic,5
aaj,1670,0.75,cluster_phonetic,5
aaj,1670,0.75,cluster_phonetic,5
aaj,1670,0.75,cluster_phonetic,5
iru,1671,0.75,cluster_phonetic,5
iru,1671,0.75,cluster_phonetic,5
iru,1671,0.75,cluster_phonetic,5
iru,1671,0.75,cluster_phonetic,5
iru,1671,0.75,cluster_phonetic,5
kureru,1672,0.75,cluster_phonetic,5
kureru,1672,0.75,cluster_phonetic,5
kureru,1672,0.75,cluster_phonetic,5
kureru,1672,0.75,cluster_phonetic,5
kureru,1672,0.75,cluster_phonetic,5
mahu,1673,0.75,cluster_phonetic,5
mahu,1673,0.75,cluster_phonetic,5
mahu,1673,0.75,cluster_phonetic,5
mahu,1673,0.75,cluster_phonetic,5
mahu,1673,0.75,cluster_phonetic,5
fadeaway,1674,0.75,cluster_phonetic,5
fadeaway,1674,0.75,cluster_phonetic,5
fadeaway,1674,0.75,cluster_phonetic,5
fadeaway,1674,0.75,cluster_phonetic,5
fadeaway,1674,0.75,cluster_phonetic,5
freezy,1675,0.75,cluster_phonetic,5
freezy,1675,0.75,cluster_phonetic,5
freezy,1675,0.75,cluster_phonetic,5
freezy,1675,0.75,cluster_phonetic,5
freezy,1675,0.75,cluster_phonetic,5
weezy,1675,0.75,cluster_phonetic,5
weezy,1675,0.75,cluster_phonetic,5
weezy,1675,0.75,cluster_phonetic,5
weezy,1675,0.75,cluster_phonetic,5
weezy,1675,0.75,cluster_phonetic,5
guraimadematsutari,1676,0.75,cluster_phonetic,5
guraimadematsutari,1676,0.75,cluster_phonetic,5
guraimadematsutari,1676,0.75,cluster_phonetic,5
guraimadematsutari,1676,0.75,cluster_phonetic,5
guraimadematsutari,1676,0.75,cluster_phonetic,5
diye,1677,0.75,cluster_phonetic,5
diye,1677,0.75,cluster_phonetic,5
diye,1677,0.75,cluster_phonetic,5
diye,1677,0.75,cluster_phonetic,5
diye,1677,0.75,cluster_phonetic,5
wiukomme,1678,0.75,cluster_phonetic,5
wiukomme,1678,0.75,cluster_phonetic,5
wiukomme,1678,0.75,cluster_phonetic,5
wiukomme,1678,0.75,cluster_phonetic,5
wiukomme,1678,0.75,cluster_phonetic,5
telefoen,1679,0.75,cluster_phonetic,5
telefoen,1679,0.75,cluster_phonetic,5
telefoen,1679,0.75,cluster_phonetic,5
telefoen,1679,0.75,cluster_phonetic,5
telefoen,1679,0.75,cluster_phonetic,5
kare,1680,0.75,cluster_phonetic,5
kare,1680,0.75,cluster_phonetic,5
kare,1680,0.75,cluster_phonetic,5
kare,1680,0.75,cluster_phonetic,5
kare,1680,0.75,cluster_phonetic,5
lavar,1681,0.75,cluster_phonetic,5
lavar,1681,0.75,cluster_phonetic,5
lavar,1681,0.75,cluster_phonetic,5
lavar,1681,0.75,cluster_phonetic,5
lavar,1681,0.75,cluster_phonetic,5
gbon,1682,0.75,cluster_phonetic,5
gbon,1682,0.75,cluster_phonetic,5
gbon,1682,0.75,cluster_phonetic,5
gbon,1682,0.75,cluster_phonetic,5
gbon,1682,0.75,cluster_phonetic,5
mhrdhydn,1683,0.75,cluster_phonetic,5
mhrdhydn,1683,0.75,cluster_phonetic,5
mhrdhydn,1683,0.75,cluster_phonetic,5
mhrdhydn,1683,0.75,cluster_phonetic,5
mhrdhydn,1683,0.75,cluster_phonetic,5
wohnig,1684,0.75,cluster_phonetic,5
wohnig,1684,0.75,cluster_phonetic,5
wohnig,1684,0.75,cluster_phonetic,5
wohnig,1684,0.75,cluster_phonetic,5
wohnig,1684,0.75,cluster_phonetic,5
perkys,1685,0.75,cluster_phonetic,5
perkys,1685,0.75,cluster_phonetic,5
perkys,1685,0.75,cluster_phonetic,5
perkys,1685,0.75,cluster_phonetic,5
perkys,1685,0.75,cluster_phonetic,5
benjis,1686,0.75,cluster_phonetic,5
benjis,1686,0.75,cluster_phonetic,5
benjis,1686,0.75,cluster_phonetic,5
benjis,1686,0.75,cluster_phonetic,5
benjis,1686,0.75,cluster_phonetic,5
dio,1687,0.75,cluster_phonetic,5
dio,1687,0.75,cluster_phonetic,5
dio,1687,0.75,cluster_phonetic,5
dio,1687,0.75,cluster_phonetic,5
dio,1687,0.75,cluster_phonetic,5
faygo,1688,0.75,cluster_phonetic,5
faygo,1688,0.75,cluster_phonetic,5
faygo,1688,0.75,cluster_phonetic,5
faygo,1688,0.75,cluster_phonetic,5
faygo,1688,0.75,cluster_phonetic,5
tebe,1689,0.75,cluster_phonetic,5
tebe,1689,0.75,cluster_phonetic,5
tebe,1689,0.75,cluster_phonetic,5
tebe,1689,0.75,cluster_phonetic,5
tebe,1689,0.75,cluster_phonetic,5
fuego,1690,0.75,cluster_phonetic,5
fuego,1690,0.75,cluster_phonetic,5
fuego,1690,0.75,cluster_phonetic,5
fuego,1690,0.75,cluster_phonetic,5
fuego,1690,0.75,cluster_phonetic,5
haato,1691,0.75,cluster_phonetic,5
haato,1691,0.75,cluster_phonetic,5
haato,1691,0.75,cluster_phonetic,5
haato,1691,0.75,cluster_phonetic,5
haato,1691,0.75,cluster_phonetic,5
naraloco,1692,0.75,cluster_phonetic,5
naraloco,1692,0.75,cluster_phonetic,5
naraloco,1692,0.75,cluster_phonetic,5
naraloco,1692,0.75,cluster_phonetic,5
naraloco,1692,0.75,cluster_phonetic,5
ilati,1693,0.75,cluster_phonetic,5
ilati,1693,0.75,cluster_phonetic,5
ilati,1693,0.75,cluster_phonetic,5
ilati,1693,0.75,cluster_phonetic,5
ilati,1693,0.75,cluster_phonetic,5
cookin,1694,0.75,cluster_phonetic,4
smokin,1694,0.75,cluster_phonetic,5
smokin',1694,0.75,cluster_phonetic,5
smokin',1694,0.75,cluster_phonetic,5
smokin',1694,0.75,cluster_phonetic,5
smokin',1694,0.75,cluster_phonetic,5
yo',1695,0.75,cluster_phonetic,5
yo',1695,0.75,cluster_phonetic,5
yo',1695,0.75,cluster_phonetic,5
yo',1695,0.75,cluster_phonetic,5
droptop,1696,0.75,cluster_phonetic,5
droptop,1696,0.75,cluster_phonetic,5
droptop,1696,0.75,cluster_phonetic,5
droptop,1696,0.75,cluster_phonetic,5
droptop,1696,0.75,cluster_phonetic,5
servin',1697,0.75,cluster_phonetic,5
servin',1697,0.75,cluster_phonetic,5
servin',1697,0.75,cluster_phonetic,5
servin',1697,0.75,cluster_phonetic,5
choker,1698,0.75,cluster_phonetic,5
choker,1698,0.75,cluster_phonetic,5
choker,1698,0.75,cluster_phonetic,5
choker,1698,0.75,cluster_phonetic,5
choker,1698,0.75,cluster_phonetic,5
hareghort,1699,0.75,cluster_phonetic,5
hareghort,1699,0.75,cluster_phonetic,5
hareghort,1699,0.75,cluster_phonetic,5
hareghort,1699,0.75,cluster_phonetic,5
hareghort,1699,0.75,cluster_phonetic,5
sath,1700,0.75,cluster_phonetic,5
sath,1700,0.75,cluster_phonetic,5
sath,1700,0.75,cluster_phonetic,5
sath,1700,0.75,cluster_phonetic,5
sath,1700,0.75,cluster_phonetic,5
glocks,1701,0.75,cluster_phonetic,5
glocks,1701,0.75,cluster_phonetic,5
glocks,1701,0.75,cluster_phonetic,5
glocks,1701,0.75,cluster_phonetic,5
glocks,1701,0.75,cluster_phonetic,5
ei,1702,0.75,cluster_phonetic,5
ei,1702,0.75,cluster_phonetic,5
ei,1702,0.75,cluster_phonetic,5
ei,1702,0.75,cluster_phonetic,5
inou,1703,0.75,cluster_phonetic,5
inou,1703,0.75,cluster_phonetic,5
inou,1703,0.75,cluster_phonetic,5
inou,1703,0.75,cluster_phonetic,5
inou,1703,0.75,cluster_phonetic,5
chopf,1704,0.75,cluster_phonetic,5
chopf,1704,0.75,cluster_phonetic,5
chopf,1704,0.75,cluster_phonetic,5
chopf,1704,0.75,cluster_phonetic,5
chopf,1704,0.75,cluster_phonetic,5
yard,1705,0.75,cluster_phonetic,5
yard,1705,0.75,cluster_phonetic,5
yard,1705,0.75,cluster_phonetic,5
yard,1705,0.75,cluster_phonetic,5
yard,1705,0.75,cluster_phonetic,4
degrade,1706,0.75,cluster_phonetic,4
grade,1706,0.75,cluster_phonetic,5
grade,1706,0.75,cluster_phonetic,5
grade,1706,0.75,cluster_phonetic,5
grade,1706,0.75,cluster_phonetic,5
grade,1706,0.75,cluster_phonetic,4
masquerade,1706,0.75,cluster_phonetic,4
masquerade,1706,0.75,cluster_phonetic,4
parade,1706,0.75,cluster_phonetic,4
parade,1706,0.75,cluster_phonetic,4
tirade,1706,0.75,cluster_phonetic,4
trade,1706,0.75,cluster_phonetic,4
trade,1706,0.75,cluster_phonetic,4
she,1707,0.75,cluster_phonetic,5
she,1707,0.75,cluster_phonetic,5
she,1707,0.75,cluster_phonetic,5
she,1707,0.75,cluster_phonetic,4
laugh,1708,0.75,cluster_phonetic,5
laugh,1708,0.75,cluster_phonetic,5
laugh,1708,0.75,cluster_phonetic,5
laugh,1708,0.75,cluster_phonetic,5
laugh,1708,0.75,cluster_phonetic,4
slut,1709,0.75,cluster_phonetic,5
slut,1709,0.75,cluster_phonetic,5
slut,1709,0.75,cluster_phonetic,5
slut,1709,0.75,cluster_phonetic,5
slut,1709,0.75,cluster_phonetic,4
open,1710,0.75,cluster_phonetic,5
open,1710,0.75,cluster_phonetic,5
open,1710,0.75,cluster_phonetic,5
open,1710,0.75,cluster_phonetic,5
open,1710,0.75,cluster_phonetic,4
spruce,1711,0.75,cluster_phonetic,4
truce,1711,0.75,cluster_phonetic,5
truce,1711,0.75,cluster_phonetic,5
truce,1711,0.75,cluster_phonetic,5
truce,1711,0.75,cluster_phonetic,5
truce,1711,0.75,cluster_phonetic,4
half,1712,0.75,cluster_phonetic,5
half,1712,0.75,cluster_phonetic,5
half,1712,0.75,cluster_phonetic,5
half,1712,0.75,cluster_phonetic,5
half,1712,0.75,cluster_phonetic,4
memory,1713,0.75,cluster_phonetic,5
memory,1713,0.75,cluster_phonetic,5
memory,1713,0.75,cluster_phonetic,5
memory,1713,0.75,cluster_phonetic,5
memory,1713,0.75,cluster_phonetic,4
detour,1714,0.75,cluster_phonetic,4
tour,1714,0.75,cluster_phonetic,5
tour,1714,0.75,cluster_phonetic,5
tour,1714,0.75,cluster_phonetic,5
tour,1714,0.75,cluster_phonetic,5
tour,1714,0.75,cluster_phonetic,4
guitar,1715,0.75,cluster_phonetic,5
guitar,1715,0.75,cluster_phonetic,5
guitar,1715,0.75,cluster_phonetic,5
guitar,1715,0.75,cluster_phonetic,5
guitar,1715,0.75,cluster_phonetic,4
president,1716,0.75,cluster_phonetic,5
president,1716,0.75,cluster_phonetic,5
president,1716,0.75,cluster_phonetic,5
president,1716,0.75,cluster_phonetic,5
president,1716,0.75,cluster_phonetic,4
behave,1717,0.75,cluster_phonetic,4
have,1717,0.75,cluster_phonetic,5
have,1717,0.75,cluster_phonetic,5
have,1717,0.75,cluster_phonetic,5
have,1717,0.75,cluster_phonetic,5
have,1717,0.75,cluster_phonetic,4
shave,1717,0.75,cluster_phonetic,4
denote,1718,0.75,cluster_phonetic,4
note,1718,0.75,cluster_phonetic,5
note,1718,0.75,cluster_phonetic,5
note,1718,0.75,cluster_phonetic,5
note,1718,0.75,cluster_phonetic,5
note,1718,0.75,cluster_phonetic,4
plot,1719,0.75,cluster_phonetic,5
plot,1719,0.75,cluster_phonetic,5
plot,1719,0.75,cluster_phonetic,5
plot,1719,0.75,cluster_phonetic,5
plot,1719,0.75,cluster_phonetic,4
raisin,1720,0.75,cluster_phonetic,5
raisin,1720,0.75,cluster_phonetic,5
raisin,1720,0.75,cluster_phonetic,5
raisin,1720,0.75,cluster_phonetic,5
raisin,1720,0.75,cluster_phonetic,4
sit,1721,0.75,cluster_phonetic,5
sit,1721,0.75,cluster_phonetic,5
sit,1721,0.75,cluster_phonetic,5
sit,1721,0.75,cluster_phonetic,5
sit,1721,0.75,cluster_phonetic,4
past,1722,0.75,cluster_phonetic,5
past,1722,0.75,cluster_phonetic,5
past,1722,0.75,cluster_phonetic,5
past,1722,0.75,cluster_phonetic,5
past,1722,0.75,cluster_phonetic,4
greedy,1723,0.75,cluster_phonetic,5
greedy,1723,0.75,cluster_phonetic,5
greedy,1723,0.75,cluster_phonetic,5
greedy,1723,0.75,cluster_phonetic,5
greedy,1723,0.75,cluster_phonetic,4
advice,1724,0.75,cluster_phonetic,5
advice,1724,0.75,cluster_phonetic,5
advice,1724,0.75,cluster_phonetic,5
advice,1724,0.75,cluster_phonetic,5
advice,1724,0.75,cluster_phonetic,4
device,1724,0.75,cluster_phonetic,4
vice,1724,0.75,cluster_phonetic,4
melody,1725,0.75,cluster_phonetic,5
melody,1725,0.75,cluster_phonetic,5
melody,1725,0.75,cluster_phonetic,5
melody,1725,0.75,cluster_phonetic,5
melody,1725,0.75,cluster_phonetic,4
slap,1726,0.75,cluster_phonetic,5
slap,1726,0.75,cluster_phonetic,5
slap,1726,0.75,cluster_phonetic,5
slap,1726,0.75,cluster_phonetic,5
slap,1726,0.75,cluster_phonetic,4
commode,1727,0.75,cluster_phonetic,4
mode,1727,0.75,cluster_phonetic,5
mode,1727,0.75,cluster_phonetic,5
mode,1727,0.75,cluster_phonetic,5
mode,1727,0.75,cluster_phonetic,5
mode,1727,0.75,cluster_phonetic,4
code,1728,0.75,cluster_phonetic,5
code,1728,0.75,cluster_phonetic,5
code,1728,0.75,cluster_phonetic,5
code,1728,0.75,cluster_phonetic,5
code,1728,0.75,cluster_phonetic,4
curse,1729,0.75,cluster_phonetic,4
nurse,1729,0.75,cluster_phonetic,4
purse,1729,0.75,cluster_phonetic,5
purse,1729,0.75,cluster_phonetic,5
purse,1729,0.75,cluster_phonetic,5
purse,1729,0.75,cluster_phonetic,5
purse,1729,0.75,cluster_phonetic,4
reimburse,1729,0.75,cluster_phonetic,4
fat,1730,0.75,cluster_phonetic,5
fat,1730,0.75,cluster_phonetic,5
fat,1730,0.75,cluster_phonetic,5
fat,1730,0.75,cluster_phonetic,5
fat,1730,0.75,cluster_phonetic,4
don,1731,0.75,cluster_phonetic,5
don,1731,0.75,cluster_phonetic,5
don,1731,0.75,cluster_phonetic,5
don,1731,0.75,cluster_phonetic,5
don,1731,0.75,cluster_phonetic,4
could,1732,0.75,cluster_phonetic,5
could,1732,0.75,cluster_phonetic,5
could,1732,0.75,cluster_phonetic,5
could,1732,0.75,cluster_phonetic,5
could,1732,0.75,cluster_phonetic,4
should,1732,0.75,cluster_phonetic,4
would,1732,0.75,cluster_phonetic,4
sin,1733,0.75,cluster_phonetic,5
sin,1733,0.75,cluster_phonetic,5
sin,1733,0.75,cluster_phonetic,5
sin,1733,0.75,cluster_phonetic,5
sin,1733,0.75,cluster_phonetic,4
cope,1734,0.75,cluster_phonetic,5
cope,1734,0.75,cluster_phonetic,5
cope,1734,0.75,cluster_phonetic,5
cope,1734,0.75,cluster_phonetic,5
cope,1734,0.75,cluster_phonetic,4
scope,1734,0.75,cluster_phonetic,5
scope,1734,0.75,cluster_phonetic,5
scope,1734,0.75,cluster_phonetic,5
scope,1734,0.75,cluster_phonetic,5
scope,1734,0.75,cluster_phonetic,4
bird,1735,0.75,cluster_phonetic,5
bird,1735,0.75,cluster_phonetic,5
bird,1735,0.75,cluster_phonetic,5
bird,1735,0.75,cluster_phonetic,5
bird,1735,0.75,cluster_phonetic,4
mane,1736,0.75,cluster_phonetic,5
mane,1736,0.75,cluster_phonetic,5
mane,1736,0.75,cluster_phonetic,5
mane,1736,0.75,cluster_phonetic,5
mane,1736,0.75,cluster_phonetic,4
brent,1737,0.75,cluster_phonetic,4
rent,1737,0.75,cluster_phonetic,5
rent,1737,0.75,cluster_phonetic,5
rent,1737,0.75,cluster_phonetic,5
rent,1737,0.75,cluster_phonetic,5
rent,1737,0.75,cluster_phonetic,4
champagne,1738,0.75,cluster_phonetic,5
champagne,1738,0.75,cluster_phonetic,5
champagne,1738,0.75,cluster_phonetic,5
champagne,1738,0.75,cluster_phonetic,5
champagne,1738,0.75,cluster_phonetic,4
contact,1739,0.75,cluster_phonetic,5
contact,1739,0.75,cluster_phonetic,5
contact,1739,0.75,cluster_phonetic,5
contact,1739,0.75,cluster_phonetic,5
contact,1739,0.75,cluster_phonetic,4
tint,1740,0.75,cluster_phonetic,5
tint,1740,0.75,cluster_phonetic,5
tint,1740,0.75,cluster_phonetic,5
tint,1740,0.75,cluster_phonetic,5
tint,1740,0.75,cluster_phonetic,4
food,1741,0.75,cluster_phonetic,5
food,1741,0.75,cluster_phonetic,5
food,1741,0.75,cluster_phonetic,5
food,1741,0.75,cluster_phonetic,5
food,1741,0.75,cluster_phonetic,4
artist,1742,0.75,cluster_phonetic,5
artist,1742,0.75,cluster_phonetic,5
artist,1742,0.75,cluster_phonetic,5
artist,1742,0.75,cluster_phonetic,5
artist,1742,0.75,cluster_phonetic,4
dentist,1742,0.75,cluster_phonetic,4
glue,1743,0.75,cluster_phonetic,5
glue,1743,0.75,cluster_phonetic,5
glue,1743,0.75,cluster_phonetic,5
glue,1743,0.75,cluster_phonetic,5
glue,1743,0.75,cluster_phonetic,4
froze,1744,0.75,cluster_phonetic,5
froze,1744,0.75,cluster_phonetic,5
froze,1744,0.75,cluster_phonetic,5
froze,1744,0.75,cluster_phonetic,5
froze,1744,0.75,cluster_phonetic,4
artery,1745,0.75,cluster_phonetic,4
battery,1745,0.75,cluster_phonetic,4
battery,1745,0.75,cluster_phonetic,4
flattery,1745,0.75,cluster_phonetic,4
lottery,1745,0.75,cluster_phonetic,5
lottery,1745,0.75,cluster_phonetic,5
lottery,1745,0.75,cluster_phonetic,5
lottery,1745,0.75,cluster_phonetic,5
lottery,1745,0.75,cluster_phonetic,4
monastery,1745,0.75,cluster_phonetic,4
mystery,1745,0.75,cluster_phonetic,4
mystery,1745,0.75,cluster_phonetic,4
mystery,1745,0.75,cluster_phonetic,4
mystery,1745,0.75,cluster_phonetic,4
mystery,1745,0.75,cluster_phonetic,4
watery,1745,0.75,cluster_phonetic,4
fail,1746,0.75,cluster_phonetic,5
fail,1746,0.75,cluster_phonetic,5
fail,1746,0.75,cluster_phonetic,5
fail,1746,0.75,cluster_phonetic,5
fail,1746,0.75,cluster_phonetic,4
forswear,1747,0.75,cluster_phonetic,4
swear,1747,0.75,cluster_phonetic,5
swear,1747,0.75,cluster_phonetic,5
swear,1747,0.75,cluster_phonetic,5
swear,1747,0.75,cluster_phonetic,5
swear,1747,0.75,cluster_phonetic,4
wear,1747,0.75,cluster_phonetic,4
swink,1748,0.75,cluster_phonetic,4
wink,1748,0.75,cluster_phonetic,5
wink,1748,0.75,cluster_phonetic,5
wink,1748,0.75,cluster_phonetic,5
wink,1748,0.75,cluster_phonetic,5
wink,1748,0.75,cluster_phonetic,4
contest,1749,0.75,cluster_phonetic,5
contest,1749,0.75,cluster_phonetic,5
contest,1749,0.75,cluster_phonetic,5
contest,1749,0.75,cluster_phonetic,5
contest,1749,0.75,cluster_phonetic,4
mate,1750,0.75,cluster_phonetic,5
mate,1750,0.75,cluster_phonetic,5
mate,1750,0.75,cluster_phonetic,5
mate,1750,0.75,cluster_phonetic,5
mate,1750,0.75,cluster_phonetic,4
quiet,1751,0.75,cluster_phonetic,5
quiet,1751,0.75,cluster_phonetic,5
quiet,1751,0.75,cluster_phonetic,5
quiet,1751,0.75,cluster_phonetic,5
quiet,1751,0.75,cluster_phonetic,4
egg,1752,0.75,cluster_phonetic,5
egg,1752,0.75,cluster_phonetic,5
egg,1752,0.75,cluster_phonetic,5
egg,1752,0.75,cluster_phonetic,5
egg,1752,0.75,cluster_phonetic,4
fuckin,1753,0.75,cluster_phonetic,5
waitin,1754,0.75,cluster_phonetic,5
squiddy,1755,0.75,cluster_phonetic,5
squiddy,1755,0.75,cluster_phonetic,4
squiddy,1755,0.75,cluster_phonetic,4
squiddy,1755,0.75,cluster_phonetic,4
squiddy,1755,0.75,cluster_phonetic,4
absurdity,1756,0.75,cluster_phonetic,4
absurdity,1756,0.75,cluster_phonetic,4
fecundity,1756,0.75,cluster_phonetic,4
solidity,1756,0.75,cluster_phonetic,4
timidity,1756,0.75,cluster_phonetic,4
validity,1756,0.75,cluster_phonetic,4
academy,1757,0.75,cluster_phonetic,4
activity,1758,0.75,cluster_phonetic,4
brevity,1758,0.75,cluster_phonetic,4
captivity,1758,0.75,cluster_phonetic,4
gravity,1758,0.75,cluster_phonetic,4
levity,1758,0.75,cluster_phonetic,4
nativity,1758,0.75,cluster_phonetic,4
adversity,1759,0.75,cluster_phonetic,4
affinity,1760,0.75,cluster_phonetic,4
dignity,1760,0.75,cluster_phonetic,4
dignity,1760,0.75,cluster_phonetic,4
dignity,1760,0.75,cluster_phonetic,4
dignity,1760,0.75,cluster_phonetic,4
dignity,1760,0.75,cluster_phonetic,4
divinity,1760,0.75,cluster_phonetic,4
eternity,1760,0.75,cluster_phonetic,4
humanity,1760,0.75,cluster_phonetic,4
indemnity,1760,0.75,cluster_phonetic,4
infinity,1760,0.75,cluster_phonetic,4
insanity,1760,0.75,cluster_phonetic,4
insanity,1760,0.75,cluster_phonetic,4
opportunity,1760,0.75,cluster_phonetic,4
profanity,1760,0.75,cluster_phonetic,4
solemnity,1760,0.75,cluster_phonetic,4
trinity,1760,0.75,cluster_phonetic,4
unity,1760,0.75,cluster_phonetic,4
vanity,1760,0.75,cluster_phonetic,4
vicinity,1760,0.75,cluster_phonetic,4
virginity,1760,0.75,cluster_phonetic,4
agility,1761,0.75,cluster_phonetic,4
credulity,1761,0.75,cluster_phonetic,4
fatality,1761,0.75,cluster_phonetic,4
fertility,1761,0.75,cluster_phonetic,4
fidelity,1761,0.75,cluster_phonetic,4
frivolity,1761,0.75,cluster_phonetic,4
frugality,1761,0.75,cluster_phonetic,4
hospitality,1761,0.75,cluster_phonetic,4
hostility,1761,0.75,cluster_phonetic,4
humility,1761,0.75,cluster_phonetic,4
immorality,1761,0.75,cluster_phonetic,4
immortality,1761,0.75,cluster_phonetic,4
impartiality,1761,0.75,cluster_phonetic,4
impossibility,1761,0.75,cluster_phonetic,4
inability,1761,0.75,cluster_phonetic,4
incivility,1761,0.75,cluster_phonetic,4
inequality,1761,0.75,cluster_phonetic,4
infidelity,1761,0.75,cluster_phonetic,4
inflexibility,1761,0.75,cluster_phonetic,4
instability,1761,0.75,cluster_phonetic,4
mortality,1761,0.75,cluster_phonetic,4
municipality,1761,0.75,cluster_phonetic,4
nationality,1761,0.75,cluster_phonetic,4
neutrality,1761,0.75,cluster_phonetic,4
nobility,1761,0.75,cluster_phonetic,4
partiality,1761,0.75,cluster_phonetic,4
quality,1761,0.75,cluster_phonetic,4
sensibility,1761,0.75,cluster_phonetic,4
tranquillity,1761,0.75,cluster_phonetic,4
visibility,1761,0.75,cluster_phonetic,4
agony,1762,0.75,cluster_phonetic,4
agree,1763,0.75,cluster_phonetic,4
degree,1763,0.75,cluster_phonetic,4
alacrity,1764,0.75,cluster_phonetic,4
austerity,1764,0.75,cluster_phonetic,4
authority,1764,0.75,cluster_phonetic,4
charity,1764,0.75,cluster_phonetic,4
dexterity,1764,0.75,cluster_phonetic,4
disparity,1764,0.75,cluster_phonetic,4
familiarity,1764,0.75,cluster_phonetic,4
immaturity,1764,0.75,cluster_phonetic,4
impurity,1764,0.75,cluster_phonetic,4
integrity,1764,0.75,cluster_phonetic,4
maturity,1764,0.75,cluster_phonetic,4
mediocrity,1764,0.75,cluster_phonetic,4
minority,1764,0.75,cluster_phonetic,4
obscurity,1764,0.75,cluster_phonetic,4
priority,1764,0.75,cluster_phonetic,4
prosperity,1764,0.75,cluster_phonetic,4
purity,1764,0.75,cluster_phonetic,4
security,1764,0.75,cluster_phonetic,4
seniority,1764,0.75,cluster_phonetic,4
severity,1764,0.75,cluster_phonetic,4
sincerity,1764,0.75,cluster_phonetic,4
temerity,1764,0.75,cluster_phonetic,4
allegory,1765,0.75,cluster_phonetic,4
gory,1765,0.75,cluster_phonetic,4
ambiguity,1766,0.75,cluster_phonetic,4
antiquity,1766,0.75,cluster_phonetic,4
congruity,1766,0.75,cluster_phonetic,4
equity,1766,0.75,cluster_phonetic,4
gratuity,1766,0.75,cluster_phonetic,4
incongruity,1766,0.75,cluster_phonetic,4
perpetuity,1766,0.75,cluster_phonetic,4
ubiquity,1766,0.75,cluster_phonetic,4
amity,1767,0.75,cluster_phonetic,4
calamity,1767,0.75,cluster_phonetic,4
conformity,1767,0.75,cluster_phonetic,4
deformity,1767,0.75,cluster_phonetic,4
enormity,1767,0.75,cluster_phonetic,4
equanimity,1767,0.75,cluster_phonetic,4
extremity,1767,0.75,cluster_phonetic,4
nonconformity,1767,0.75,cluster_phonetic,4
unanimity,1767,0.75,cluster_phonetic,4
uniformity,1767,0.75,cluster_phonetic,4
anarchy,1768,0.75,cluster_phonetic,4
anatomy,1769,0.75,cluster_phonetic,4
animosity,1770,0.75,cluster_phonetic,4
curiosity,1770,0.75,cluster_phonetic,4
diversity,1770,0.75,cluster_phonetic,4
generosity,1770,0.75,cluster_phonetic,4
intensity,1770,0.75,cluster_phonetic,4
obesity,1770,0.75,cluster_phonetic,4
pomposity,1770,0.75,cluster_phonetic,4
propensity,1770,0.75,cluster_phonetic,4
university,1770,0.75,cluster_phonetic,4
anneal,1771,0.75,cluster_phonetic,4
antique,1772,0.75,cluster_phonetic,4
clique,1772,0.75,cluster_phonetic,4
clique,1772,0.75,cluster_phonetic,4
clique,1772,0.75,cluster_phonetic,4
clique,1772,0.75,cluster_phonetic,4
clique,1772,0.75,cluster_phonetic,4
critique,1772,0.75,cluster_phonetic,4
oblique,1772,0.75,cluster_phonetic,4
pique,1772,0.75,cluster_phonetic,4
pique,1772,0.75,cluster_phonetic,4
anxiety,1773,0.75,cluster_phonetic,4
piety,1773,0.75,cluster_phonetic,4
sobriety,1773,0.75,cluster_phonetic,4
society,1773,0.75,cluster_phonetic,4
variety,1773,0.75,cluster_phonetic,4
apathy,1774,0.75,cluster_phonetic,4
sympathy,1774,0.75,cluster_phonetic,4
sympathy,1774,0.75,cluster_phonetic,4
sympathy,1774,0.75,cluster_phonetic,4
sympathy,1774,0.75,cluster_phonetic,4
sympathy,1774,0.75,cluster_phonetic,4
apostrophe,1775,0.75,cluster_phonetic,4
appeal,1776,0.75,cluster_phonetic,4
appeal,1776,0.75,cluster_phonetic,4
appeal,1776,0.75,cluster_phonetic,4
appeal,1776,0.75,cluster_phonetic,4
appeal,1776,0.75,cluster_phonetic,4
repeal,1776,0.75,cluster_phonetic,4
aristocracy,1777,0.75,cluster_phonetic,4
confederacy,1777,0.75,cluster_phonetic,4
conspiracy,1777,0.75,cluster_phonetic,4
democracy,1777,0.75,cluster_phonetic,4
inaccuracy,1777,0.75,cluster_phonetic,4
piracy,1777,0.75,cluster_phonetic,4
racy,1777,0.75,cluster_phonetic,4
astronomy,1778,0.75,cluster_phonetic,4
beach,1779,0.75,cluster_phonetic,4
beach,1779,0.75,cluster_phonetic,4
beach,1779,0.75,cluster_phonetic,4
beach,1779,0.75,cluster_phonetic,4
beach,1779,0.75,cluster_phonetic,4
bleach,1779,0.75,cluster_phonetic,4
breach,1779,0.75,cluster_phonetic,4
each,1779,0.75,cluster_phonetic,4
each,1779,0.75,cluster_phonetic,4
impeach,1779,0.75,cluster_phonetic,4
peach,1779,0.75,cluster_phonetic,4
preach,1779,0.75,cluster_phonetic,4
reach,1779,0.75,cluster_phonetic,4
teach,1779,0.75,cluster_phonetic,4
bead,1780,0.75,cluster_phonetic,4
beads,1781,0.75,cluster_phonetic,4
beak,1782,0.75,cluster_phonetic,4
bean,1783,0.75,cluster_phonetic,4
bean,1783,0.75,cluster_phonetic,4
bean,1783,0.75,cluster_phonetic,4
bean,1783,0.75,cluster_phonetic,4
bean,1783,0.75,cluster_phonetic,4
beast,1784,0.75,cluster_phonetic,4
east,1784,0.75,cluster_phonetic,4
feast,1784,0.75,cluster_phonetic,4
least,1784,0.75,cluster_phonetic,4
beech,1785,0.75,cluster_phonetic,4
belief,1786,0.75,cluster_phonetic,4
lief,1786,0.75,cluster_phonetic,4
relief,1786,0.75,cluster_phonetic,4
relief,1786,0.75,cluster_phonetic,4
besiege,1787,0.75,cluster_phonetic,4
liege,1787,0.75,cluster_phonetic,4
siege,1787,0.75,cluster_phonetic,4
between,1788,0.75,cluster_phonetic,4
between,1788,0.75,cluster_phonetic,4
bigotry,1789,0.75,cluster_phonetic,4
bonaduce,1790,0.75,cluster_phonetic,4
bonaduce,1790,0.75,cluster_phonetic,4
bonaduce,1790,0.75,cluster_phonetic,4
bonaduce,1790,0.75,cluster_phonetic,4
bonaduce,1790,0.75,cluster_phonetic,4
bonnie,1791,0.75,cluster_phonetic,4
botany,1792,0.75,cluster_phonetic,4
brandy,1793,0.75,cluster_phonetic,4
candy,1793,0.75,cluster_phonetic,4
candy,1793,0.75,cluster_phonetic,4
candy,1793,0.75,cluster_phonetic,4
candy,1793,0.75,cluster_phonetic,4
candy,1793,0.75,cluster_phonetic,4
dandy,1793,0.75,cluster_phonetic,4
bravery,1794,0.75,cluster_phonetic,4
discovery,1794,0.75,cluster_phonetic,4
every,1794,0.75,cluster_phonetic,4
livery,1794,0.75,cluster_phonetic,4
slavery,1794,0.75,cluster_phonetic,4
breed,1795,0.75,cluster_phonetic,4
decreed,1795,0.75,cluster_phonetic,4
bribery,1796,0.75,cluster_phonetic,4
robbery,1796,0.75,cluster_phonetic,4
brief,1797,0.75,cluster_phonetic,4
brief,1797,0.75,cluster_phonetic,4
brief,1797,0.75,cluster_phonetic,4
brief,1797,0.75,cluster_phonetic,4
brief,1797,0.75,cluster_phonetic,4
grief,1797,0.75,cluster_phonetic,4
brigantine,1798,0.75,cluster_phonetic,4
routine,1798,0.75,cluster_phonetic,4
auctioneer,1799,0.75,cluster_phonetic,4
buccaneer,1799,0.75,cluster_phonetic,4
domineer,1799,0.75,cluster_phonetic,4
engineer,1799,0.75,cluster_phonetic,4
engineer,1799,0.75,cluster_phonetic,4
mutineer,1799,0.75,cluster_phonetic,4
neer,1799,0.75,cluster_phonetic,4
pioneer,1799,0.75,cluster_phonetic,4
sneer,1799,0.75,cluster_phonetic,4
veneer,1799,0.75,cluster_phonetic,4
veneer,1799,0.75,cluster_phonetic,4
calumny,1800,0.75,cluster_phonetic,4
canopy,1801,0.75,cluster_phonetic,4
canopy,1801,0.75,cluster_phonetic,4
canteen,1802,0.75,cluster_phonetic,4
teen,1802,0.75,cluster_phonetic,4
caprice,1803,0.75,cluster_phonetic,4
catastrophe,1804,0.75,cluster_phonetic,4
cavalry,1805,0.75,cluster_phonetic,4
chivalry,1805,0.75,cluster_phonetic,4
rivalry,1805,0.75,cluster_phonetic,4
cease,1806,0.75,cluster_phonetic,4
decease,1806,0.75,cluster_phonetic,4
decrease,1806,0.75,cluster_phonetic,4
increase,1806,0.75,cluster_phonetic,4
rease,1806,0.75,cluster_phonetic,4
release,1806,0.75,cluster_phonetic,4
surcease,1806,0.75,cluster_phonetic,4
cheap,1807,0.75,cluster_phonetic,4
heap,1807,0.75,cluster_phonetic,4
cheek,1808,0.75,cluster_phonetic,4
cheek,1808,0.75,cluster_phonetic,4
cheek,1808,0.75,cluster_phonetic,4
cheek,1808,0.75,cluster_phonetic,4
cheek,1808,0.75,cluster_phonetic,4
chemistry,1809,0.75,cluster_phonetic,4
chemistry,1809,0.75,cluster_phonetic,4
chemistry,1809,0.75,cluster_phonetic,4
chemistry,1809,0.75,cluster_phonetic,4
chemistry,1809,0.75,cluster_phonetic,4
industry,1809,0.75,cluster_phonetic,4
pastry,1809,0.75,cluster_phonetic,4
tapestry,1809,0.75,cluster_phonetic,4
tapestry,1809,0.75,cluster_phonetic,4
chief,1810,0.75,cluster_phonetic,4
chief,1810,0.75,cluster_phonetic,4
chief,1810,0.75,cluster_phonetic,4
chief,1810,0.75,cluster_phonetic,4
chief,1810,0.75,cluster_phonetic,4
thief,1810,0.75,cluster_phonetic,4
thief,1810,0.75,cluster_phonetic,4
cit,1811,0.75,cluster_phonetic,4
clemency,1812,0.75,cluster_phonetic,4
decency,1812,0.75,cluster_phonetic,4
emergency,1812,0.75,cluster_phonetic,4
frequency,1812,0.75,cluster_phonetic,4
inconsistency,1812,0.75,cluster_phonetic,4
potency,1812,0.75,cluster_phonetic,4
regency,1812,0.75,cluster_phonetic,4
transparency,1812,0.75,cluster_phonetic,4
urgency,1812,0.75,cluster_phonetic,4
colony,1813,0.75,cluster_phonetic,4
comedy,1814,0.75,cluster_phonetic,4
remedy,1814,0.75,cluster_phonetic,4
comely,1815,0.75,cluster_phonetic,4
homely,1815,0.75,cluster_phonetic,4
company,1816,0.75,cluster_phonetic,4
company,1816,0.75,cluster_phonetic,4
company,1816,0.75,cluster_phonetic,4
company,1816,0.75,cluster_phonetic,4
company,1816,0.75,cluster_phonetic,4
complete,1817,0.75,cluster_phonetic,4
replete,1817,0.75,cluster_phonetic,4
complexity,1818,0.75,cluster_phonetic,4
laxity,1818,0.75,cluster_phonetic,4
perplexity,1818,0.75,cluster_phonetic,4
concavity,1819,0.75,cluster_phonetic,4
conceal,1820,0.75,cluster_phonetic,4
conceal,1820,0.75,cluster_phonetic,4
concede,1821,0.75,cluster_phonetic,4
intercede,1821,0.75,cluster_phonetic,4
precede,1821,0.75,cluster_phonetic,4
recede,1821,0.75,cluster_phonetic,4
conceit,1822,0.75,cluster_phonetic,4
deceit,1822,0.75,cluster_phonetic,4
deceit,1822,0.75,cluster_phonetic,4
conceive,1823,0.75,cluster_phonetic,4
deceive,1823,0.75,cluster_phonetic,4
perceive,1823,0.75,cluster_phonetic,4
receive,1823,0.75,cluster_phonetic,4
concrete,1824,0.75,cluster_phonetic,4
discrete,1824,0.75,cluster_phonetic,4
congeal,1825,0.75,cluster_phonetic,4
contrary,1826,0.75,cluster_phonetic,4
temporary,1826,0.75,cluster_phonetic,4
convene,1827,0.75,cluster_phonetic,4
intervene,1827,0.75,cluster_phonetic,4
cosy,1828,0.75,cluster_phonetic,4
courtesy,1829,0.75,cluster_phonetic,4
cruelty,1830,0.75,cluster_phonetic,4
novelty,1830,0.75,cluster_phonetic,4
crusty,1831,0.75,cluster_phonetic,4
trusty,1831,0.75,cluster_phonetic,4
curly,1832,0.75,cluster_phonetic,4
hourly,1832,0.75,cluster_phonetic,4
customary,1833,0.75,cluster_phonetic,4
infirmary,1833,0.75,cluster_phonetic,4
primary,1833,0.75,cluster_phonetic,4
daintily,1834,0.75,cluster_phonetic,4
dainty,1835,0.75,cluster_phonetic,4
uncertainty,1835,0.75,cluster_phonetic,4
dairy,1836,0.75,cluster_phonetic,4
dally,1837,0.75,cluster_phonetic,4
radically,1837,0.75,cluster_phonetic,4
rally,1837,0.75,cluster_phonetic,4
tally,1837,0.75,cluster_phonetic,4
deals,1838,0.75,cluster_phonetic,4
deals,1838,0.75,cluster_phonetic,4
deals,1838,0.75,cluster_phonetic,4
deals,1838,0.75,cluster_phonetic,4
deals,1838,0.75,cluster_phonetic,4
dean,1839,0.75,cluster_phonetic,4
deceased,1840,0.75,cluster_phonetic,4
deceased,1840,0.75,cluster_phonetic,4
deceased,1840,0.75,cluster_phonetic,4
deceased,1840,0.75,cluster_phonetic,4
deceased,1840,0.75,cluster_phonetic,4
decree,1841,0.75,cluster_phonetic,4
decree,1841,0.75,cluster_phonetic,4
deem,1842,0.75,cluster_phonetic,4
redeem,1842,0.75,cluster_phonetic,4
defeat,1843,0.75,cluster_phonetic,4
feat,1843,0.75,cluster_phonetic,4
feat,1843,0.75,cluster_phonetic,4
destiny,1844,0.75,cluster_phonetic,4
mutiny,1844,0.75,cluster_phonetic,4
tiny,1844,0.75,cluster_phonetic,4
tiny,1844,0.75,cluster_phonetic,4
tiny,1844,0.75,cluster_phonetic,4
tiny,1844,0.75,cluster_phonetic,4
tiny,1844,0.75,cluster_phonetic,4
dishonesty,1845,0.75,cluster_phonetic,4
honesty,1845,0.75,cluster_phonetic,4
majesty,1845,0.75,cluster_phonetic,4
modesty,1845,0.75,cluster_phonetic,4
doubly,1846,0.75,cluster_phonetic,4
doxology,1847,0.75,cluster_phonetic,4
etymology,1847,0.75,cluster_phonetic,4
eulogy,1847,0.75,cluster_phonetic,4
genealogy,1847,0.75,cluster_phonetic,4
theology,1847,0.75,cluster_phonetic,4
drapery,1848,0.75,cluster_phonetic,4
creamy,1849,0.75,cluster_phonetic,4
dreamy,1849,0.75,cluster_phonetic,4
drudgery,1850,0.75,cluster_phonetic,4
surgery,1850,0.75,cluster_phonetic,4
duly,1851,0.75,cluster_phonetic,4
duty,1852,0.75,cluster_phonetic,4
ecstasy,1853,0.75,cluster_phonetic,4
eel,1854,0.75,cluster_phonetic,4
eke,1855,0.75,cluster_phonetic,4
elegy,1856,0.75,cluster_phonetic,4
dear,1857,0.75,cluster_phonetic,4
endear,1857,0.75,cluster_phonetic,4
envy,1858,0.75,cluster_phonetic,4
envy,1858,0.75,cluster_phonetic,4
envy,1858,0.75,cluster_phonetic,4
envy,1858,0.75,cluster_phonetic,4
envy,1858,0.75,cluster_phonetic,4
espy,1859,0.75,cluster_phonetic,4
esteem,1860,0.75,cluster_phonetic,4
teem,1860,0.75,cluster_phonetic,4
euphony,1861,0.75,cluster_phonetic,4
symphony,1861,0.75,cluster_phonetic,4
symphony,1861,0.75,cluster_phonetic,4
eve,1862,0.75,cluster_phonetic,4
eve,1862,0.75,cluster_phonetic,4
eve,1862,0.75,cluster_phonetic,4
eve,1862,0.75,cluster_phonetic,4
eve,1862,0.75,cluster_phonetic,4
exceed,1863,0.75,cluster_phonetic,4
proceed,1863,0.75,cluster_phonetic,4
succeed,1863,0.75,cluster_phonetic,4
extraordinary,1864,0.75,cluster_phonetic,4
imaginary,1864,0.75,cluster_phonetic,4
preliminary,1864,0.75,cluster_phonetic,4
extreme,1865,0.75,cluster_phonetic,4
supreme,1865,0.75,cluster_phonetic,4
fallacy,1866,0.75,cluster_phonetic,4
fatigue,1867,0.75,cluster_phonetic,4
intrigue,1867,0.75,cluster_phonetic,4
fealty,1868,0.75,cluster_phonetic,4
loyalty,1868,0.75,cluster_phonetic,4
penalty,1868,0.75,cluster_phonetic,4
royalty,1868,0.75,cluster_phonetic,4
ferrari,1869,0.75,cluster_phonetic,4
ferrari,1869,0.75,cluster_phonetic,4
ferrari,1869,0.75,cluster_phonetic,4
ferrari,1869,0.75,cluster_phonetic,4
ferrari,1869,0.75,cluster_phonetic,4
fie,1870,0.75,cluster_phonetic,4
fief,1871,0.75,cluster_phonetic,4
fiend,1872,0.75,cluster_phonetic,4
filly,1873,0.75,cluster_phonetic,4
finery,1874,0.75,cluster_phonetic,4
nunnery,1874,0.75,cluster_phonetic,4
fleet,1875,0.75,cluster_phonetic,4
sleet,1875,0.75,cluster_phonetic,4
foolery,1876,0.75,cluster_phonetic,4
gallery,1876,0.75,cluster_phonetic,4
foolishly,1877,0.75,cluster_phonetic,4
foresee,1878,0.75,cluster_phonetic,4
freemasonry,1879,0.75,cluster_phonetic,4
galaxy,1880,0.75,cluster_phonetic,4
gallantry,1881,0.75,cluster_phonetic,4
infantry,1881,0.75,cluster_phonetic,4
gaudy,1882,0.75,cluster_phonetic,4
geek,1883,0.75,cluster_phonetic,4
geese,1884,0.75,cluster_phonetic,4
geography,1885,0.75,cluster_phonetic,4
geometry,1886,0.75,cluster_phonetic,4
poetry,1886,0.75,cluster_phonetic,4
symmetry,1886,0.75,cluster_phonetic,4
symmetry,1886,0.75,cluster_phonetic,4
gleam,1887,0.75,cluster_phonetic,4
gleam,1887,0.75,cluster_phonetic,4
gravy,1888,0.75,cluster_phonetic,4
gravy,1888,0.75,cluster_phonetic,4
gravy,1888,0.75,cluster_phonetic,4
gravy,1888,0.75,cluster_phonetic,4
gravy,1888,0.75,cluster_phonetic,4
groovy,1889,0.75,cluster_phonetic,4
groovy,1889,0.75,cluster_phonetic,4
groovy,1889,0.75,cluster_phonetic,4
groovy,1889,0.75,cluster_phonetic,4
groovy,1889,0.75,cluster_phonetic,4
grumpy,1890,0.75,cluster_phonetic,4
guillotine,1891,0.75,cluster_phonetic,4
nicotine,1891,0.75,cluster_phonetic,4
quarantine,1891,0.75,cluster_phonetic,4
guilty,1892,0.75,cluster_phonetic,4
he,1893,0.75,cluster_phonetic,4
he,1893,0.75,cluster_phonetic,4
he,1893,0.75,cluster_phonetic,4
he,1893,0.75,cluster_phonetic,4
concealed,1894,0.75,cluster_phonetic,4
healed,1894,0.75,cluster_phonetic,4
heaps,1895,0.75,cluster_phonetic,4
hear,1896,0.75,cluster_phonetic,4
beneath,1897,0.75,cluster_phonetic,4
heath,1897,0.75,cluster_phonetic,4
underneath,1897,0.75,cluster_phonetic,4
wreath,1897,0.75,cluster_phonetic,4
heed,1898,0.75,cluster_phonetic,4
hennessy,1899,0.75,cluster_phonetic,4
hennessy,1899,0.75,cluster_phonetic,4
hennessy,1899,0.75,cluster_phonetic,4
hennessy,1899,0.75,cluster_phonetic,4
hennessy,1899,0.75,cluster_phonetic,4
hermione,1900,0.75,cluster_phonetic,4
hermione,1900,0.75,cluster_phonetic,4
hermione,1900,0.75,cluster_phonetic,4
hermione,1900,0.75,cluster_phonetic,4
hermione,1900,0.75,cluster_phonetic,4
higuchi,1901,0.75,cluster_phonetic,4
higuchi,1901,0.75,cluster_phonetic,4
higuchi,1901,0.75,cluster_phonetic,4
higuchi,1901,0.75,cluster_phonetic,4
higuchi,1901,0.75,cluster_phonetic,4
kikuchi,1901,0.75,cluster_phonetic,4
kikuchi,1901,0.75,cluster_phonetic,4
kikuchi,1901,0.75,cluster_phonetic,4
kikuchi,1901,0.75,cluster_phonetic,4
kikuchi,1901,0.75,cluster_phonetic,4
yamaguchi,1901,0.75,cluster_phonetic,4
yamaguchi,1901,0.75,cluster_phonetic,4
yamaguchi,1901,0.75,cluster_phonetic,4
yamaguchi,1901,0.75,cluster_phonetic,4
yamaguchi,1901,0.75,cluster_phonetic,4
yamanouchi,1901,0.75,cluster_phonetic,4
yamanouchi,1901,0.75,cluster_phonetic,4
yamanouchi,1901,0.75,cluster_phonetic,4
yamanouchi,1901,0.75,cluster_phonetic,4
yamanouchi,1901,0.75,cluster_phonetic,4
humbly,1902,0.75,cluster_phonetic,4
hungry,1903,0.75,cluster_phonetic,4
hurry,1904,0.75,cluster_phonetic,4
hypocrisy,1905,0.75,cluster_phonetic,4
pleurisy,1905,0.75,cluster_phonetic,4
icy,1906,0.75,cluster_phonetic,4
icy,1906,0.75,cluster_phonetic,4
icy,1906,0.75,cluster_phonetic,4
icy,1906,0.75,cluster_phonetic,4
icy,1906,0.75,cluster_phonetic,4
identity,1907,0.75,cluster_phonetic,4
identity,1907,0.75,cluster_phonetic,4
identity,1907,0.75,cluster_phonetic,4
identity,1907,0.75,cluster_phonetic,4
identity,1907,0.75,cluster_phonetic,4
idiosyncrasy,1908,0.75,cluster_phonetic,4
idolatry,1909,0.75,cluster_phonetic,4
impede,1910,0.75,cluster_phonetic,4
stampede,1910,0.75,cluster_phonetic,4
infamy,1911,0.75,cluster_phonetic,4
injury,1912,0.75,cluster_phonetic,4
jury,1912,0.75,cluster_phonetic,4
jury,1912,0.75,cluster_phonetic,4
jaunty,1913,0.75,cluster_phonetic,4
jerky,1914,0.75,cluster_phonetic,4
karate,1915,0.75,cluster_phonetic,4
karate,1915,0.75,cluster_phonetic,4
karate,1915,0.75,cluster_phonetic,4
karate,1915,0.75,cluster_phonetic,4
karate,1915,0.75,cluster_phonetic,4
keel,1916,0.75,cluster_phonetic,4
keen,1917,0.75,cluster_phonetic,4
keen,1917,0.75,cluster_phonetic,4
kindly,1918,0.75,cluster_phonetic,4
kingly,1919,0.75,cluster_phonetic,4
singly,1919,0.75,cluster_phonetic,4
knead,1920,0.75,cluster_phonetic,4
kneel,1921,0.75,cluster_phonetic,4
kneel,1921,0.75,cluster_phonetic,4
knightly,1922,0.75,cluster_phonetic,4
laity,1923,0.75,cluster_phonetic,4
league,1924,0.75,cluster_phonetic,4
teague,1924,0.75,cluster_phonetic,4
legacy,1925,0.75,cluster_phonetic,4
legacy,1925,0.75,cluster_phonetic,4
leprosy,1926,0.75,cluster_phonetic,4
rosy,1926,0.75,cluster_phonetic,4
lethargy,1927,0.75,cluster_phonetic,4
liberality,1928,0.75,cluster_phonetic,4
probability,1928,0.75,cluster_phonetic,4
reality,1928,0.75,cluster_phonetic,4
sensuality,1928,0.75,cluster_phonetic,4
liberty,1929,0.75,cluster_phonetic,4
library,1930,0.75,cluster_phonetic,4
library,1930,0.75,cluster_phonetic,4
lily,1931,0.75,cluster_phonetic,4
linseed,1932,0.75,cluster_phonetic,4
lordly,1933,0.75,cluster_phonetic,4
lunacy,1934,0.75,cluster_phonetic,4
machete,1935,0.75,cluster_phonetic,4
machete,1935,0.75,cluster_phonetic,4
machete,1935,0.75,cluster_phonetic,4
machete,1935,0.75,cluster_phonetic,4
machete,1935,0.75,cluster_phonetic,4
machine,1936,0.75,cluster_phonetic,4
manly,1937,0.75,cluster_phonetic,4
marry,1938,0.75,cluster_phonetic,4
mea,1939,0.75,cluster_phonetic,4
mea,1939,0.75,cluster_phonetic,4
mea,1939,0.75,cluster_phonetic,4
mea,1939,0.75,cluster_phonetic,4
mea,1939,0.75,cluster_phonetic,4
mead,1940,0.75,cluster_phonetic,4
meek,1941,0.75,cluster_phonetic,4
merry,1942,0.75,cluster_phonetic,4
strawberry,1942,0.75,cluster_phonetic,4
mete,1943,0.75,cluster_phonetic,4
mien,1944,0.75,cluster_phonetic,4
misery,1945,0.75,cluster_phonetic,4
nursery,1945,0.75,cluster_phonetic,4
misty,1946,0.75,cluster_phonetic,4
mitre,1947,0.75,cluster_phonetic,4
monarchy,1948,0.75,cluster_phonetic,4
mouldy,1949,0.75,cluster_phonetic,4
musketeer,1950,0.75,cluster_phonetic,4
puppeteer,1950,0.75,cluster_phonetic,4
steer,1950,0.75,cluster_phonetic,4
steer,1950,0.75,cluster_phonetic,4
namby-pamby,1951,0.75,cluster_phonetic,4
navy,1952,0.75,cluster_phonetic,4
navy,1952,0.75,cluster_phonetic,4
navy,1952,0.75,cluster_phonetic,4
navy,1952,0.75,cluster_phonetic,4
navy,1952,0.75,cluster_phonetic,4
nearly,1953,0.75,cluster_phonetic,4
neat,1954,0.75,cluster_phonetic,4
neatly,1955,0.75,cluster_phonetic,4
necessary,1956,0.75,cluster_phonetic,4
needs,1957,0.75,cluster_phonetic,4
needs,1957,0.75,cluster_phonetic,4
needs,1957,0.75,cluster_phonetic,4
needs,1957,0.75,cluster_phonetic,4
needs,1957,0.75,cluster_phonetic,4
nicety,1958,0.75,cluster_phonetic,4
nobly,1959,0.75,cluster_phonetic,4
noisy,1960,0.75,cluster_phonetic,4
obsolete,1961,0.75,cluster_phonetic,4
obviously,1962,0.75,cluster_phonetic,4
obviously,1962,0.75,cluster_phonetic,4
obviously,1962,0.75,cluster_phonetic,4
obviously,1962,0.75,cluster_phonetic,4
obviously,1962,0.75,cluster_phonetic,4
palfrey,1963,0.75,cluster_phonetic,4
paltry,1964,0.75,cluster_phonetic,4
parsley,1965,0.75,cluster_phonetic,4
peep,1966,0.75,cluster_phonetic,4
peeped,1967,0.75,cluster_phonetic,4
penury,1968,0.75,cluster_phonetic,4
perfidy,1969,0.75,cluster_phonetic,4
petty,1970,0.75,cluster_phonetic,4
philosophy,1971,0.75,cluster_phonetic,4
trophy,1971,0.75,cluster_phonetic,4
pigmy,1972,0.75,cluster_phonetic,4
pinky,1973,0.75,cluster_phonetic,4
pinky,1973,0.75,cluster_phonetic,4
pinky,1973,0.75,cluster_phonetic,4
pinky,1973,0.75,cluster_phonetic,4
pinky,1973,0.75,cluster_phonetic,4
plead,1974,0.75,cluster_phonetic,4
policy,1975,0.75,cluster_phonetic,4
polyandry,1976,0.75,cluster_phonetic,4
polygamy,1977,0.75,cluster_phonetic,4
poorly,1978,0.75,cluster_phonetic,4
portly,1979,0.75,cluster_phonetic,4
poverty,1980,0.75,cluster_phonetic,4
priest,1981,0.75,cluster_phonetic,4
priest,1981,0.75,cluster_phonetic,4
princely,1982,0.75,cluster_phonetic,4
privacy,1983,0.75,cluster_phonetic,4
probably,1984,0.75,cluster_phonetic,4
probably,1984,0.75,cluster_phonetic,4
probably,1984,0.75,cluster_phonetic,4
probably,1984,0.75,cluster_phonetic,4
probably,1984,0.75,cluster_phonetic,4
prodigy,1985,0.75,cluster_phonetic,4
progeny,1986,0.75,cluster_phonetic,4
prosody,1987,0.75,cluster_phonetic,4
purely,1988,0.75,cluster_phonetic,4
rarely,1988,0.75,cluster_phonetic,4
quickly,1989,0.75,cluster_phonetic,4
rapidly,1990,0.75,cluster_phonetic,4
raspy,1991,0.75,cluster_phonetic,4
raspy,1991,0.75,cluster_phonetic,4
raspy,1991,0.75,cluster_phonetic,4
raspy,1991,0.75,cluster_phonetic,4
raspy,1991,0.75,cluster_phonetic,4
reap,1992,0.75,cluster_phonetic,4
reaped,1993,0.75,cluster_phonetic,4
reef,1994,0.75,cluster_phonetic,4
reek,1995,0.75,cluster_phonetic,4
retreat,1996,0.75,cluster_phonetic,4
treat,1996,0.75,cluster_phonetic,4
reveal,1997,0.75,cluster_phonetic,4
ribaldry,1998,0.75,cluster_phonetic,4
rocky,1999,0.75,cluster_phonetic,4
rocky,1999,0.75,cluster_phonetic,4
rocky,1999,0.75,cluster_phonetic,4
rocky,1999,0.75,cluster_phonetic,4
rocky,1999,0.75,cluster_phonetic,4
roughly,2000,0.75,cluster_phonetic,4
ruby,2001,0.75,cluster_phonetic,4
rudely,2002,0.75,cluster_phonetic,4
rudimentary,2003,0.75,cluster_phonetic,4
saintly,2004,0.75,cluster_phonetic,4
salary,2005,0.75,cluster_phonetic,4
saline,2006,0.75,cluster_phonetic,4
satiety,2007,0.75,cluster_phonetic,4
saucy,2008,0.75,cluster_phonetic,4
scheme,2009,0.75,cluster_phonetic,4
scheme,2009,0.75,cluster_phonetic,4
theme,2009,0.75,cluster_phonetic,4
seam,2010,0.75,cluster_phonetic,4
seam,2010,0.75,cluster_phonetic,4
secrecy,2011,0.75,cluster_phonetic,4
seed,2012,0.75,cluster_phonetic,4
seed,2012,0.75,cluster_phonetic,4
seed,2012,0.75,cluster_phonetic,4
seed,2012,0.75,cluster_phonetic,4
seed,2012,0.75,cluster_phonetic,4
seek,2013,0.75,cluster_phonetic,4
seek,2013,0.75,cluster_phonetic,4
seem,2014,0.75,cluster_phonetic,4
seer,2015,0.75,cluster_phonetic,4
seethe,2016,0.75,cluster_phonetic,4
seethe,2016,0.75,cluster_phonetic,4
seize,2017,0.75,cluster_phonetic,4
seize,2017,0.75,cluster_phonetic,4
serene,2018,0.75,cluster_phonetic,4
serene,2018,0.75,cluster_phonetic,4
she's,2019,0.75,cluster_phonetic,4
she's,2019,0.75,cluster_phonetic,4
she's,2019,0.75,cluster_phonetic,4
she's,2019,0.75,cluster_phonetic,4
she's,2019,0.75,cluster_phonetic,4
sheaf,2020,0.75,cluster_phonetic,4
sheen,2021,0.75,cluster_phonetic,4
sheen,2021,0.75,cluster_phonetic,4
sheet,2022,0.75,cluster_phonetic,4
sheik,2023,0.75,cluster_phonetic,4
shriek,2024,0.75,cluster_phonetic,4
simony,2025,0.75,cluster_phonetic,4
simply,2026,0.75,cluster_phonetic,4
skeet,2027,0.75,cluster_phonetic,4
skeet,2027,0.75,cluster_phonetic,4
skeet,2027,0.75,cluster_phonetic,4
skeet,2027,0.75,cluster_phonetic,4
skeet,2027,0.75,cluster_phonetic,4
sleepy,2028,0.75,cluster_phonetic,4
sneak,2029,0.75,cluster_phonetic,4
soliloquy,2030,0.75,cluster_phonetic,4
sorcery,2031,0.75,cluster_phonetic,4
sorcery,2031,0.75,cluster_phonetic,4
sovereignty,2032,0.75,cluster_phonetic,4
spicy,2033,0.75,cluster_phonetic,4
spicy,2033,0.75,cluster_phonetic,4
spicy,2033,0.75,cluster_phonetic,4
spicy,2033,0.75,cluster_phonetic,4
spicy,2033,0.75,cluster_phonetic,4
spleen,2034,0.75,cluster_phonetic,4
spree,2035,0.75,cluster_phonetic,4
squeak,2036,0.75,cluster_phonetic,4
squeal,2037,0.75,cluster_phonetic,4
squeal,2037,0.75,cluster_phonetic,4
squeal,2037,0.75,cluster_phonetic,4
squeal,2037,0.75,cluster_phonetic,4
squeal,2037,0.75,cluster_phonetic,4
steed,2038,0.75,cluster_phonetic,4
steep,2039,0.75,cluster_phonetic,4
study,2040,0.75,cluster_phonetic,4
stupidity,2041,0.75,cluster_phonetic,4
submarine,2042,0.75,cluster_phonetic,4
subsidy,2043,0.75,cluster_phonetic,4
supersede,2044,0.75,cluster_phonetic,4
supremacy,2045,0.75,cluster_phonetic,4
sweetly,2046,0.75,cluster_phonetic,4
tambourine,2047,0.75,cluster_phonetic,4
tardy,2048,0.75,cluster_phonetic,4
teak,2049,0.75,cluster_phonetic,4
teri,2050,0.75,cluster_phonetic,4
teri,2050,0.75,cluster_phonetic,4
teri,2050,0.75,cluster_phonetic,4
teri,2050,0.75,cluster_phonetic,4
teri,2050,0.75,cluster_phonetic,4
thee,2051,0.75,cluster_phonetic,4
these,2052,0.75,cluster_phonetic,4
thirsty,2053,0.75,cluster_phonetic,4
tier,2054,0.75,cluster_phonetic,4
tragedy,2055,0.75,cluster_phonetic,4
trashy,2056,0.75,cluster_phonetic,4
trashy,2056,0.75,cluster_phonetic,4
trashy,2056,0.75,cluster_phonetic,4
trashy,2056,0.75,cluster_phonetic,4
trashy,2056,0.75,cluster_phonetic,4
treachery,2057,0.75,cluster_phonetic,4
treasury,2058,0.75,cluster_phonetic,4
usury,2058,0.75,cluster_phonetic,4
truly,2059,0.75,cluster_phonetic,4
tyranny,2060,0.75,cluster_phonetic,4
vainly,2061,0.75,cluster_phonetic,4
vary,2062,0.75,cluster_phonetic,4
vaseline,2063,0.75,cluster_phonetic,4
velveteen,2064,0.75,cluster_phonetic,4
vip,2065,0.75,cluster_phonetic,4
vip,2065,0.75,cluster_phonetic,4
vip,2065,0.75,cluster_phonetic,4
vip,2065,0.75,cluster_phonetic,4
vip,2065,0.75,cluster_phonetic,4
wantonly,2066,0.75,cluster_phonetic,4
wary,2067,0.75,cluster_phonetic,4
wealthy,2068,0.75,cluster_phonetic,4
wean,2069,0.75,cluster_phonetic,4
weaned,2070,0.75,cluster_phonetic,4
wearily,2071,0.75,cluster_phonetic,4
weary,2072,0.75,cluster_phonetic,4
whisky,2073,0.75,cluster_phonetic,4
wishy,2074,0.75,cluster_phonetic,4
wishy,2074,0.75,cluster_phonetic,4
wishy,2074,0.75,cluster_phonetic,4
wishy,2074,0.75,cluster_phonetic,4
wishy,2074,0.75,cluster_phonetic,4
worthy,2075,0.75,cluster_phonetic,4
zeal,2076,0.75,cluster_phonetic,4
zeal,2076,0.75,cluster_phonetic,4
abash,2077,0.75,cluster_phonetic,4
bash,2077,0.75,cluster_phonetic,4
abstract,2078,0.75,cluster_phonetic,4
attract,2078,0.75,cluster_phonetic,4
detract,2078,0.75,cluster_phonetic,4
diffract,2078,0.75,cluster_phonetic,4
distract,2078,0.75,cluster_phonetic,4
protract,2078,0.75,cluster_phonetic,4
retract,2078,0.75,cluster_phonetic,4
subtract,2078,0.75,cluster_phonetic,4
tract,2078,0.75,cluster_phonetic,4
acrobat,2079,0.75,cluster_phonetic,4
aft,2080,0.75,cluster_phonetic,4
aghast,2081,0.75,cluster_phonetic,4
aghast,2081,0.75,cluster_phonetic,4
alas,2082,0.75,cluster_phonetic,4
almanac,2083,0.75,cluster_phonetic,4
anagram,2084,0.75,cluster_phonetic,4
diagram,2084,0.75,cluster_phonetic,4
diagram,2084,0.75,cluster_phonetic,4
epigram,2084,0.75,cluster_phonetic,4
monogram,2084,0.75,cluster_phonetic,4
telegram,2084,0.75,cluster_phonetic,4
ant,2085,0.75,cluster_phonetic,4
aphrodisiac,2086,0.75,cluster_phonetic,4
ash,2087,0.75,cluster_phonetic,4
ash,2087,0.75,cluster_phonetic,4
ash,2087,0.75,cluster_phonetic,4
ash,2087,0.75,cluster_phonetic,4
ash,2087,0.75,cluster_phonetic,4
ask,2088,0.75,cluster_phonetic,4
attach,2089,0.75,cluster_phonetic,4
ban,2090,0.75,cluster_phonetic,4
ban,2090,0.75,cluster_phonetic,4
ban,2090,0.75,cluster_phonetic,4
ban,2090,0.75,cluster_phonetic,4
ban,2090,0.75,cluster_phonetic,4
bask,2091,0.75,cluster_phonetic,4
bat,2092,0.75,cluster_phonetic,4
bat,2092,0.75,cluster_phonetic,4
bat,2092,0.75,cluster_phonetic,4
bat,2092,0.75,cluster_phonetic,4
bat,2092,0.75,cluster_phonetic,4
bath,2093,0.75,cluster_phonetic,4
began,2094,0.75,cluster_phonetic,4
blab,2095,0.75,cluster_phonetic,4
blanch,2096,0.75,cluster_phonetic,4
branch,2096,0.75,cluster_phonetic,4
bombast,2097,0.75,cluster_phonetic,4
borax,2098,0.75,cluster_phonetic,4
brach,2099,0.75,cluster_phonetic,4
bran,2100,0.75,cluster_phonetic,4
brand,2101,0.75,cluster_phonetic,4
grand,2101,0.75,cluster_phonetic,4
strand,2101,0.75,cluster_phonetic,4
brat,2102,0.75,cluster_phonetic,4
cab,2103,0.75,cluster_phonetic,4
calf,2104,0.75,cluster_phonetic,4
cam,2105,0.75,cluster_phonetic,4
camp,2106,0.75,cluster_phonetic,4
decamp,2106,0.75,cluster_phonetic,4
encamp,2106,0.75,cluster_phonetic,4
canal,2107,0.75,cluster_phonetic,4
carafe,2108,0.75,cluster_phonetic,4
caravan,2109,0.75,cluster_phonetic,4
cardiac,2110,0.75,cluster_phonetic,4
zodiac,2110,0.75,cluster_phonetic,4
cask,2111,0.75,cluster_phonetic,4
cast,2112,0.75,cluster_phonetic,4
cast,2112,0.75,cluster_phonetic,4
cataract,2113,0.75,cluster_phonetic,4
chaff,2114,0.75,cluster_phonetic,4
champ,2115,0.75,cluster_phonetic,4
chant,2116,0.75,cluster_phonetic,4
chant,2116,0.75,cluster_phonetic,4
enchant,2116,0.75,cluster_phonetic,4
chap,2117,0.75,cluster_phonetic,4
circumstance,2118,0.75,cluster_phonetic,4
clam,2119,0.75,cluster_phonetic,4
clamp,2120,0.75,cluster_phonetic,4
clan,2121,0.75,cluster_phonetic,4
clan,2121,0.75,cluster_phonetic,4
clan,2121,0.75,cluster_phonetic,4
clan,2121,0.75,cluster_phonetic,4
clan,2121,0.75,cluster_phonetic,4
clang,2122,0.75,cluster_phonetic,4
slang,2122,0.75,cluster_phonetic,4
clash,2123,0.75,cluster_phonetic,4
clash,2123,0.75,cluster_phonetic,4
flash,2123,0.75,cluster_phonetic,4
flash,2123,0.75,cluster_phonetic,4
flash,2123,0.75,cluster_phonetic,4
flash,2123,0.75,cluster_phonetic,4
flash,2123,0.75,cluster_phonetic,4
lash,2123,0.75,cluster_phonetic,4
slash,2123,0.75,cluster_phonetic,4
climax,2124,0.75,cluster_phonetic,4
command,2125,0.75,cluster_phonetic,4
command,2125,0.75,cluster_phonetic,4
demand,2125,0.75,cluster_phonetic,4
compact,2126,0.75,cluster_phonetic,4
contraband,2127,0.75,cluster_phonetic,4
contract,2128,0.75,cluster_phonetic,4
counteract,2128,0.75,cluster_phonetic,4
extract,2128,0.75,cluster_phonetic,4
crab,2129,0.75,cluster_phonetic,4
craft,2130,0.75,cluster_phonetic,4
craft,2130,0.75,cluster_phonetic,4
draft,2130,0.75,cluster_phonetic,4
draft,2130,0.75,cluster_phonetic,4
graft,2130,0.75,cluster_phonetic,4
graft,2130,0.75,cluster_phonetic,4
raft,2130,0.75,cluster_phonetic,4
cram,2131,0.75,cluster_phonetic,4
cramp,2132,0.75,cluster_phonetic,4
dab,2133,0.75,cluster_phonetic,4
daft,2134,0.75,cluster_phonetic,4
damp,2135,0.75,cluster_phonetic,4
dank,2136,0.75,cluster_phonetic,4
detach,2137,0.75,cluster_phonetic,4
diaphragm,2138,0.75,cluster_phonetic,4
diaz,2139,0.75,cluster_phonetic,4
diaz,2139,0.75,cluster_phonetic,4
diaz,2139,0.75,cluster_phonetic,4
diaz,2139,0.75,cluster_phonetic,4
diaz,2139,0.75,cluster_phonetic,4
divan,2140,0.75,cluster_phonetic,4
drab,2141,0.75,cluster_phonetic,4
dram,2142,0.75,cluster_phonetic,4
draught,2143,0.75,cluster_phonetic,4
elapse,2144,0.75,cluster_phonetic,4
lapse,2144,0.75,cluster_phonetic,4
relapse,2144,0.75,cluster_phonetic,4
enact,2145,0.75,cluster_phonetic,4
enthusiast,2146,0.75,cluster_phonetic,4
epitaph,2147,0.75,cluster_phonetic,4
exact,2148,0.75,cluster_phonetic,4
expanse,2149,0.75,cluster_phonetic,4
expanse,2149,0.75,cluster_phonetic,4
fang,2150,0.75,cluster_phonetic,4
fang,2150,0.75,cluster_phonetic,4
fiat,2151,0.75,cluster_phonetic,4
flam,2152,0.75,cluster_phonetic,4
flap,2153,0.75,cluster_phonetic,4
flask,2154,0.75,cluster_phonetic,4
flask,2154,0.75,cluster_phonetic,4
flax,2155,0.75,cluster_phonetic,4
broadcast,2156,0.75,cluster_phonetic,4
forecast,2156,0.75,cluster_phonetic,4
forecast,2156,0.75,cluster_phonetic,4
outcast,2156,0.75,cluster_phonetic,4
overcast,2156,0.75,cluster_phonetic,4
gab,2157,0.75,cluster_phonetic,4
gaff,2158,0.75,cluster_phonetic,4
gash,2159,0.75,cluster_phonetic,4
giraffe,2160,0.75,cluster_phonetic,4
glad,2161,0.75,cluster_phonetic,4
glad,2161,0.75,cluster_phonetic,4
glad,2161,0.75,cluster_phonetic,4
glad,2161,0.75,cluster_phonetic,4
glad,2161,0.75,cluster_phonetic,4
gnash,2162,0.75,cluster_phonetic,4
gnat,2163,0.75,cluster_phonetic,4
grad,2164,0.75,cluster_phonetic,4
grad,2164,0.75,cluster_phonetic,4
grad,2164,0.75,cluster_phonetic,4
grad,2164,0.75,cluster_phonetic,4
grad,2164,0.75,cluster_phonetic,4
grant,2165,0.75,cluster_phonetic,4
rant,2165,0.75,cluster_phonetic,4
haft,2166,0.75,cluster_phonetic,4
shaft,2166,0.75,cluster_phonetic,4
shaft,2166,0.75,cluster_phonetic,4
halve,2167,0.75,cluster_phonetic,4
ham,2168,0.75,cluster_phonetic,4
handicraft,2169,0.75,cluster_phonetic,4
hank,2170,0.75,cluster_phonetic,4
shank,2170,0.75,cluster_phonetic,4
thank,2170,0.75,cluster_phonetic,4
hap,2171,0.75,cluster_phonetic,4
harangue,2172,0.75,cluster_phonetic,4
has,2173,0.75,cluster_phonetic,4
hash,2174,0.75,cluster_phonetic,4
hat,2175,0.75,cluster_phonetic,4
hath,2176,0.75,cluster_phonetic,4
iconoclast,2177,0.75,cluster_phonetic,4
impact,2178,0.75,cluster_phonetic,4
pact,2178,0.75,cluster_phonetic,4
pact,2178,0.75,cluster_phonetic,4
implant,2179,0.75,cluster_phonetic,4
plant,2179,0.75,cluster_phonetic,4
plant,2179,0.75,cluster_phonetic,4
slant,2179,0.75,cluster_phonetic,4
supplant,2179,0.75,cluster_phonetic,4
transplant,2179,0.75,cluster_phonetic,4
jamb,2180,0.75,cluster_phonetic,4
kam,2181,0.75,cluster_phonetic,4
klan,2182,0.75,cluster_phonetic,4
klan,2182,0.75,cluster_phonetic,4
klan,2182,0.75,cluster_phonetic,4
klan,2182,0.75,cluster_phonetic,4
klan,2182,0.75,cluster_phonetic,4
lac,2183,0.75,cluster_phonetic,4
lagged,2184,0.75,cluster_phonetic,4
lagged,2184,0.75,cluster_phonetic,4
lagged,2184,0.75,cluster_phonetic,4
lagged,2184,0.75,cluster_phonetic,4
lagged,2184,0.75,cluster_phonetic,4
laughed,2185,0.75,cluster_phonetic,4
lax,2186,0.75,cluster_phonetic,4
lilac,2187,0.75,cluster_phonetic,4
maniac,2188,0.75,cluster_phonetic,4
mask,2189,0.75,cluster_phonetic,4
mask,2189,0.75,cluster_phonetic,4
mask,2189,0.75,cluster_phonetic,4
mask,2189,0.75,cluster_phonetic,4
mask,2189,0.75,cluster_phonetic,4
mast,2190,0.75,cluster_phonetic,4
mat,2191,0.75,cluster_phonetic,4
mishap,2192,0.75,cluster_phonetic,4
naff,2193,0.75,cluster_phonetic,4
nap,2194,0.75,cluster_phonetic,4
pam,2195,0.75,cluster_phonetic,4
pang,2196,0.75,cluster_phonetic,4
pang,2196,0.75,cluster_phonetic,4
pant,2197,0.75,cluster_phonetic,4
pap,2198,0.75,cluster_phonetic,4
pap,2198,0.75,cluster_phonetic,4
paragraph,2199,0.75,cluster_phonetic,4
parallax,2200,0.75,cluster_phonetic,4
pash,2201,0.75,cluster_phonetic,4
pat,2202,0.75,cluster_phonetic,4
perhaps,2203,0.75,cluster_phonetic,4
laid,2204,0.75,cluster_phonetic,4
laid,2204,0.75,cluster_phonetic,4
laid,2204,0.75,cluster_phonetic,4
laid,2204,0.75,cluster_phonetic,4
laid,2204,0.75,cluster_phonetic,4
plaid,2204,0.75,cluster_phonetic,4
opaque,2205,0.75,cluster_phonetic,4
plaque,2205,0.75,cluster_phonetic,4
polecat,2206,0.75,cluster_phonetic,4
quack,2207,0.75,cluster_phonetic,4
rad,2208,0.75,cluster_phonetic,4
raf,2209,0.75,cluster_phonetic,4
raf,2209,0.75,cluster_phonetic,4
raf,2209,0.75,cluster_phonetic,4
raf,2209,0.75,cluster_phonetic,4
raf,2209,0.75,cluster_phonetic,4
ram,2210,0.75,cluster_phonetic,4
ran,2211,0.75,cluster_phonetic,4
rang,2212,0.75,cluster_phonetic,4
grasp,2213,0.75,cluster_phonetic,4
rasp,2213,0.75,cluster_phonetic,4
rath,2214,0.75,cluster_phonetic,4
wrath,2214,0.75,cluster_phonetic,4
rats,2215,0.75,cluster_phonetic,4
rats,2215,0.75,cluster_phonetic,4
rats,2215,0.75,cluster_phonetic,4
rats,2215,0.75,cluster_phonetic,4
rats,2215,0.75,cluster_phonetic,4
react,2216,0.75,cluster_phonetic,4
reprimand,2217,0.75,cluster_phonetic,4
sac,2218,0.75,cluster_phonetic,4
sal,2219,0.75,cluster_phonetic,4
sal,2219,0.75,cluster_phonetic,4
sal,2219,0.75,cluster_phonetic,4
sal,2219,0.75,cluster_phonetic,4
sal,2219,0.75,cluster_phonetic,4
sang,2220,0.75,cluster_phonetic,4
sap,2221,0.75,cluster_phonetic,4
sash,2222,0.75,cluster_phonetic,4
sat,2223,0.75,cluster_phonetic,4
scab,2224,0.75,cluster_phonetic,4
scan,2225,0.75,cluster_phonetic,4
scan,2225,0.75,cluster_phonetic,4
scrap,2226,0.75,cluster_phonetic,4
sedan,2227,0.75,cluster_phonetic,4
shad,2228,0.75,cluster_phonetic,4
shag,2229,0.75,cluster_phonetic,4
shall,2230,0.75,cluster_phonetic,4
sham,2231,0.75,cluster_phonetic,4
slab,2232,0.75,cluster_phonetic,4
slab,2232,0.75,cluster_phonetic,4
slag,2233,0.75,cluster_phonetic,4
snag,2234,0.75,cluster_phonetic,4
snap,2235,0.75,cluster_phonetic,4
span,2236,0.75,cluster_phonetic,4
spank,2237,0.75,cluster_phonetic,4
stab,2238,0.75,cluster_phonetic,4
staff,2239,0.75,cluster_phonetic,4
stag,2240,0.75,cluster_phonetic,4
stamp,2241,0.75,cluster_phonetic,4
stang,2242,0.75,cluster_phonetic,4
tang,2242,0.75,cluster_phonetic,4
straps,2243,0.75,cluster_phonetic,4
straps,2243,0.75,cluster_phonetic,4
straps,2243,0.75,cluster_phonetic,4
straps,2243,0.75,cluster_phonetic,4
straps,2243,0.75,cluster_phonetic,4
traps,2243,0.75,cluster_phonetic,4
swam,2244,0.75,cluster_phonetic,4
tab,2245,0.75,cluster_phonetic,4
tact,2246,0.75,cluster_phonetic,4
tag,2247,0.75,cluster_phonetic,4
tan,2248,0.75,cluster_phonetic,4
tap,2249,0.75,cluster_phonetic,4
task,2250,0.75,cluster_phonetic,4
task,2250,0.75,cluster_phonetic,4
task,2250,0.75,cluster_phonetic,4
task,2250,0.75,cluster_phonetic,4
task,2250,0.75,cluster_phonetic,4
tat,2251,0.75,cluster_phonetic,4
tax,2252,0.75,cluster_phonetic,4
thorax,2253,0.75,cluster_phonetic,4
transact,2254,0.75,cluster_phonetic,4
valve,2255,0.75,cluster_phonetic,4
valve,2255,0.75,cluster_phonetic,4
vamp,2256,0.75,cluster_phonetic,4
vans,2257,0.75,cluster_phonetic,4
vans,2257,0.75,cluster_phonetic,4
vans,2257,0.75,cluster_phonetic,4
vans,2257,0.75,cluster_phonetic,4
vans,2257,0.75,cluster_phonetic,4
vast,2258,0.75,cluster_phonetic,4
vast,2258,0.75,cluster_phonetic,4
vat,2259,0.75,cluster_phonetic,4
vat,2259,0.75,cluster_phonetic,4
wag,2260,0.75,cluster_phonetic,4
wax,2261,0.75,cluster_phonetic,4
wham,2262,0.75,cluster_phonetic,4
wham,2262,0.75,cluster_phonetic,4
wham,2262,0.75,cluster_phonetic,4
wham,2262,0.75,cluster_phonetic,4
wham,2262,0.75,cluster_phonetic,4
wrap,2263,0.75,cluster_phonetic,4
zig-zag,2264,0.75,cluster_phonetic,4
absolute,2265,0.75,cluster_phonetic,4
resolute,2265,0.75,cluster_phonetic,4
abuse,2266,0.75,cluster_phonetic,4
accrue,2267,0.75,cluster_phonetic,4
accrue,2267,0.75,cluster_phonetic,4
accuse,2268,0.75,cluster_phonetic,4
acute,2269,0.75,cluster_phonetic,4
cute,2269,0.75,cluster_phonetic,4
adieu,2270,0.75,cluster_phonetic,4
ado,2271,0.75,cluster_phonetic,4
allude,2272,0.75,cluster_phonetic,4
conclude,2272,0.75,cluster_phonetic,4
delude,2272,0.75,cluster_phonetic,4
elude,2272,0.75,cluster_phonetic,4
exclude,2272,0.75,cluster_phonetic,4
include,2272,0.75,cluster_phonetic,4
seclude,2272,0.75,cluster_phonetic,4
aloof,2273,0.75,cluster_phonetic,4
altitude,2274,0.75,cluster_phonetic,4
altitude,2274,0.75,cluster_phonetic,4
aptitude,2274,0.75,cluster_phonetic,4
attitude,2274,0.75,cluster_phonetic,4
attitude,2274,0.75,cluster_phonetic,4
attitude,2274,0.75,cluster_phonetic,4
attitude,2274,0.75,cluster_phonetic,4
attitude,2274,0.75,cluster_phonetic,4
fortitude,2274,0.75,cluster_phonetic,4
gratitude,2274,0.75,cluster_phonetic,4
latitude,2274,0.75,cluster_phonetic,4
longitude,2274,0.75,cluster_phonetic,4
magnitude,2274,0.75,cluster_phonetic,4
multitude,2274,0.75,cluster_phonetic,4
platitude,2274,0.75,cluster_phonetic,4
servitude,2274,0.75,cluster_phonetic,4
solicitude,2274,0.75,cluster_phonetic,4
solitude,2274,0.75,cluster_phonetic,4
amour,2275,0.75,cluster_phonetic,4
amuse,2276,0.75,cluster_phonetic,4
muse,2276,0.75,cluster_phonetic,4
muse,2276,0.75,cluster_phonetic,4
anew,2277,0.75,cluster_phonetic,4
anew,2277,0.75,cluster_phonetic,4
approve,2278,0.75,cluster_phonetic,4
prove,2278,0.75,cluster_phonetic,4
askew,2279,0.75,cluster_phonetic,4
attribute,2280,0.75,cluster_phonetic,4
avenue,2281,0.75,cluster_phonetic,4
revenue,2281,0.75,cluster_phonetic,4
balloon,2282,0.75,cluster_phonetic,4
bamboo,2283,0.75,cluster_phonetic,4
bellevue,2284,0.75,cluster_phonetic,4
blew,2285,0.75,cluster_phonetic,4
bloom,2286,0.75,cluster_phonetic,4
bloom,2286,0.75,cluster_phonetic,4
gloom,2286,0.75,cluster_phonetic,4
gloom,2286,0.75,cluster_phonetic,4
loom,2286,0.75,cluster_phonetic,4
boot,2287,0.75,cluster_phonetic,4
boot,2287,0.75,cluster_phonetic,4
boot,2287,0.75,cluster_phonetic,4
boot,2287,0.75,cluster_phonetic,4
boot,2287,0.75,cluster_phonetic,4
booze,2288,0.75,cluster_phonetic,4
ooze,2288,0.75,cluster_phonetic,4
brew,2289,0.75,cluster_phonetic,4
brewed,2290,0.75,cluster_phonetic,4
brooch,2291,0.75,cluster_phonetic,4
brood,2292,0.75,cluster_phonetic,4
rood,2292,0.75,cluster_phonetic,4
bruise,2293,0.75,cluster_phonetic,4
brute,2294,0.75,cluster_phonetic,4
buffoon,2295,0.75,cluster_phonetic,4
canoe,2296,0.75,cluster_phonetic,4
cartoon,2297,0.75,cluster_phonetic,4
festoon,2297,0.75,cluster_phonetic,4
pontoon,2297,0.75,cluster_phonetic,4
cesspool,2298,0.75,cluster_phonetic,4
chew,2299,0.75,cluster_phonetic,4
eschew,2299,0.75,cluster_phonetic,4
choose,2300,0.75,cluster_phonetic,4
choose,2300,0.75,cluster_phonetic,4
choose,2300,0.75,cluster_phonetic,4
choose,2300,0.75,cluster_phonetic,4
choose,2300,0.75,cluster_phonetic,4
clue,2301,0.75,cluster_phonetic,4
clue,2301,0.75,cluster_phonetic,4
clue,2301,0.75,cluster_phonetic,4
clue,2301,0.75,cluster_phonetic,4
clue,2301,0.75,cluster_phonetic,4
cockatoo,2302,0.75,cluster_phonetic,4
cocoon,2303,0.75,cluster_phonetic,4
cocoon,2303,0.75,cluster_phonetic,4
compute,2304,0.75,cluster_phonetic,4
dispute,2304,0.75,cluster_phonetic,4
disrepute,2304,0.75,cluster_phonetic,4
repute,2304,0.75,cluster_phonetic,4
contribute,2305,0.75,cluster_phonetic,4
coo,2306,0.75,cluster_phonetic,4
cooed,2307,0.75,cluster_phonetic,4
wooed,2307,0.75,cluster_phonetic,4
coop,2308,0.75,cluster_phonetic,4
coot,2309,0.75,cluster_phonetic,4
coup,2310,0.75,cluster_phonetic,4
coup,2310,0.75,cluster_phonetic,4
cuckoo,2311,0.75,cluster_phonetic,4
cue,2312,0.75,cluster_phonetic,4
curfew,2313,0.75,cluster_phonetic,4
debut,2314,0.75,cluster_phonetic,4
deduce,2315,0.75,cluster_phonetic,4
induce,2315,0.75,cluster_phonetic,4
introduce,2315,0.75,cluster_phonetic,4
produce,2315,0.75,cluster_phonetic,4
reduce,2315,0.75,cluster_phonetic,4
reduce,2315,0.75,cluster_phonetic,4
seduce,2315,0.75,cluster_phonetic,4
dew,2316,0.75,cluster_phonetic,4
diffuse,2317,0.75,cluster_phonetic,4
dilute,2318,0.75,cluster_phonetic,4
flute,2318,0.75,cluster_phonetic,4
lute,2318,0.75,cluster_phonetic,4
pollute,2318,0.75,cluster_phonetic,4
salute,2318,0.75,cluster_phonetic,4
salute,2318,0.75,cluster_phonetic,4
salute,2318,0.75,cluster_phonetic,4
salute,2318,0.75,cluster_phonetic,4
salute,2318,0.75,cluster_phonetic,4
disuse,2319,0.75,cluster_phonetic,4
doom,2320,0.75,cluster_phonetic,4
doom,2320,0.75,cluster_phonetic,4
due,2321,0.75,cluster_phonetic,4
dupe,2322,0.75,cluster_phonetic,4
ensue,2323,0.75,cluster_phonetic,4
excuse,2324,0.75,cluster_phonetic,4
execute,2325,0.75,cluster_phonetic,4
persecute,2325,0.75,cluster_phonetic,4
prosecute,2325,0.75,cluster_phonetic,4
exude,2326,0.75,cluster_phonetic,4
feud,2327,0.75,cluster_phonetic,4
few,2328,0.75,cluster_phonetic,4
flew,2329,0.75,cluster_phonetic,4
fluke,2330,0.75,cluster_phonetic,4
fruit,2331,0.75,cluster_phonetic,4
recruit,2331,0.75,cluster_phonetic,4
fu,2332,0.75,cluster_phonetic,4
fu,2332,0.75,cluster_phonetic,4
fu,2332,0.75,cluster_phonetic,4
fu,2332,0.75,cluster_phonetic,4
grew,2333,0.75,cluster_phonetic,4
groove,2334,0.75,cluster_phonetic,4
hew,2335,0.75,cluster_phonetic,4
hewn,2336,0.75,cluster_phonetic,4
honeymoon,2337,0.75,cluster_phonetic,4
hoo,2338,0.75,cluster_phonetic,4
hoo,2338,0.75,cluster_phonetic,4
hoo,2338,0.75,cluster_phonetic,4
hoo,2338,0.75,cluster_phonetic,4
hoo,2338,0.75,cluster_phonetic,4
hoof,2339,0.75,cluster_phonetic,4
hoop,2340,0.75,cluster_phonetic,4
whoop,2340,0.75,cluster_phonetic,4
hue,2341,0.75,cluster_phonetic,4
imbue,2342,0.75,cluster_phonetic,4
impromptu,2343,0.75,cluster_phonetic,4
infuse,2344,0.75,cluster_phonetic,4
infuse,2344,0.75,cluster_phonetic,4
refuse,2344,0.75,cluster_phonetic,4
suffuse,2344,0.75,cluster_phonetic,4
transfuse,2344,0.75,cluster_phonetic,4
interlude,2345,0.75,cluster_phonetic,4
interview,2346,0.75,cluster_phonetic,4
intrude,2347,0.75,cluster_phonetic,4
obtrude,2347,0.75,cluster_phonetic,4
protrude,2347,0.75,cluster_phonetic,4
rude,2347,0.75,cluster_phonetic,4
rude,2347,0.75,cluster_phonetic,4
rude,2347,0.75,cluster_phonetic,4
rude,2347,0.75,cluster_phonetic,4
rude,2347,0.75,cluster_phonetic,4
issues,2348,0.75,cluster_phonetic,4
issues,2348,0.75,cluster_phonetic,4
issues,2348,0.75,cluster_phonetic,4
issues,2348,0.75,cluster_phonetic,4
issues,2348,0.75,cluster_phonetic,4
jejune,2349,0.75,cluster_phonetic,4
kangaroo,2350,0.75,cluster_phonetic,4
lagoon,2351,0.75,cluster_phonetic,4
lampoon,2352,0.75,cluster_phonetic,4
spoon,2352,0.75,cluster_phonetic,4
loo,2353,0.75,cluster_phonetic,4
lou,2354,0.75,cluster_phonetic,4
lou,2354,0.75,cluster_phonetic,4
lou,2354,0.75,cluster_phonetic,4
lou,2354,0.75,cluster_phonetic,4
lou,2354,0.75,cluster_phonetic,4
mew,2355,0.75,cluster_phonetic,4
mildew,2356,0.75,cluster_phonetic,4
misuse,2357,0.75,cluster_phonetic,4
moon,2358,0.75,cluster_phonetic,4
moot,2359,0.75,cluster_phonetic,4
mute,2360,0.75,cluster_phonetic,4
nephew,2361,0.75,cluster_phonetic,4
newt,2362,0.75,cluster_phonetic,4
nincompoop,2363,0.75,cluster_phonetic,4
nous,2364,0.75,cluster_phonetic,4
nu,2365,0.75,cluster_phonetic,4
nu,2365,0.75,cluster_phonetic,4
nu,2365,0.75,cluster_phonetic,4
nu,2365,0.75,cluster_phonetic,4
obtuse,2366,0.75,cluster_phonetic,4
overdue,2367,0.75,cluster_phonetic,4
overdue,2367,0.75,cluster_phonetic,4
overdue,2367,0.75,cluster_phonetic,4
overdue,2367,0.75,cluster_phonetic,4
overdue,2367,0.75,cluster_phonetic,4
perdue,2367,0.75,cluster_phonetic,4
pantaloon,2368,0.75,cluster_phonetic,4
parachute,2369,0.75,cluster_phonetic,4
peruse,2370,0.75,cluster_phonetic,4
ruse,2370,0.75,cluster_phonetic,4
pew,2371,0.75,cluster_phonetic,4
plume,2372,0.75,cluster_phonetic,4
poor,2373,0.75,cluster_phonetic,4
prune,2374,0.75,cluster_phonetic,4
prune,2374,0.75,cluster_phonetic,4
pursue,2375,0.75,cluster_phonetic,4
recluse,2376,0.75,cluster_phonetic,4
refute,2377,0.75,cluster_phonetic,4
renew,2378,0.75,cluster_phonetic,4
residue,2379,0.75,cluster_phonetic,4
residue,2379,0.75,cluster_phonetic,4
retinue,2380,0.75,cluster_phonetic,4
root,2381,0.75,cluster_phonetic,4
uproot,2381,0.75,cluster_phonetic,4
rue,2382,0.75,cluster_phonetic,4
rule,2383,0.75,cluster_phonetic,4
rule,2383,0.75,cluster_phonetic,4
rule,2383,0.75,cluster_phonetic,4
rule,2383,0.75,cluster_phonetic,4
rule,2383,0.75,cluster_phonetic,4
shampoo,2384,0.75,cluster_phonetic,4
shoe,2385,0.75,cluster_phonetic,4
shoe,2385,0.75,cluster_phonetic,4
shoe,2385,0.75,cluster_phonetic,4
shoe,2385,0.75,cluster_phonetic,4
shoe,2385,0.75,cluster_phonetic,4
slew,2386,0.75,cluster_phonetic,4
soothe,2387,0.75,cluster_phonetic,4
statue,2388,0.75,cluster_phonetic,4
statue,2388,0.75,cluster_phonetic,4
stoop,2389,0.75,cluster_phonetic,4
stoup,2390,0.75,cluster_phonetic,4
subdue,2391,0.75,cluster_phonetic,4
subdue,2391,0.75,cluster_phonetic,4
sue,2392,0.75,cluster_phonetic,4
suit,2393,0.75,cluster_phonetic,4
swoon,2394,0.75,cluster_phonetic,4
taboo,2395,0.75,cluster_phonetic,4
tattoo,2396,0.75,cluster_phonetic,4
threw,2397,0.75,cluster_phonetic,4
tissue,2398,0.75,cluster_phonetic,4
tissue,2398,0.75,cluster_phonetic,4
tissue,2398,0.75,cluster_phonetic,4
tissue,2398,0.75,cluster_phonetic,4
tissue,2398,0.75,cluster_phonetic,4
tomb,2399,0.75,cluster_phonetic,4
tomb,2399,0.75,cluster_phonetic,4
troop,2400,0.75,cluster_phonetic,4
tune,2401,0.75,cluster_phonetic,4
uncouth,2402,0.75,cluster_phonetic,4
youth,2402,0.75,cluster_phonetic,4
youth,2402,0.75,cluster_phonetic,4
youth,2402,0.75,cluster_phonetic,4
youth,2402,0.75,cluster_phonetic,4
youth,2402,0.75,cluster_phonetic,4
undo,2403,0.75,cluster_phonetic,4
use,2404,0.75,cluster_phonetic,4
vicissitude,2405,0.75,cluster_phonetic,4
w,2406,0.75,cluster_phonetic,4
w,2406,0.75,cluster_phonetic,4
w,2406,0.75,cluster_phonetic,4
w,2406,0.75,cluster_phonetic,4
woof,2407,0.75,cluster_phonetic,4
yahoo,2408,0.75,cluster_phonetic,4
yew,2409,0.75,cluster_phonetic,4
absent,2410,0.75,cluster_phonetic,4
present,2410,0.75,cluster_phonetic,4
abut,2411,0.75,cluster_phonetic,4
accident,2412,0.75,cluster_phonetic,4
confident,2412,0.75,cluster_phonetic,4
evident,2412,0.75,cluster_phonetic,4
incident,2412,0.75,cluster_phonetic,4
precedent,2412,0.75,cluster_phonetic,4
provident,2412,0.75,cluster_phonetic,4
resident,2412,0.75,cluster_phonetic,4
rodent,2412,0.75,cluster_phonetic,4
strident,2412,0.75,cluster_phonetic,4
student,2412,0.75,cluster_phonetic,4
accurate,2413,0.75,cluster_phonetic,4
confederate,2413,0.75,cluster_phonetic,4
conglomerate,2413,0.75,cluster_phonetic,4
conglomerate,2413,0.75,cluster_phonetic,4
conglomerate,2413,0.75,cluster_phonetic,4
conglomerate,2413,0.75,cluster_phonetic,4
conglomerate,2413,0.75,cluster_phonetic,4
considerate,2413,0.75,cluster_phonetic,4
degenerate,2413,0.75,cluster_phonetic,4
deliberate,2413,0.75,cluster_phonetic,4
elaborate,2413,0.75,cluster_phonetic,4
illiterate,2413,0.75,cluster_phonetic,4
intemperate,2413,0.75,cluster_phonetic,4
inveterate,2413,0.75,cluster_phonetic,4
moderate,2413,0.75,cluster_phonetic,4
pirate,2413,0.75,cluster_phonetic,4
reverberate,2413,0.75,cluster_phonetic,4
reverberate,2413,0.75,cluster_phonetic,4
acid,2414,0.75,cluster_phonetic,4
placid,2414,0.75,cluster_phonetic,4
actress,2415,0.75,cluster_phonetic,4
congress,2415,0.75,cluster_phonetic,4
fortress,2415,0.75,cluster_phonetic,4
fortress,2415,0.75,cluster_phonetic,4
mistress,2415,0.75,cluster_phonetic,4
mistress,2415,0.75,cluster_phonetic,4
mistress,2415,0.75,cluster_phonetic,4
mistress,2415,0.75,cluster_phonetic,4
mistress,2415,0.75,cluster_phonetic,4
acumen,2416,0.75,cluster_phonetic,4
acumen,2416,0.75,cluster_phonetic,4
adage,2417,0.75,cluster_phonetic,4
adamant,2418,0.75,cluster_phonetic,4
adequate,2419,0.75,cluster_phonetic,4
adjudge,2420,0.75,cluster_phonetic,4
budge,2420,0.75,cluster_phonetic,4
drudge,2420,0.75,cluster_phonetic,4
fudge,2420,0.75,cluster_phonetic,4
grudge,2420,0.75,cluster_phonetic,4
grudge,2420,0.75,cluster_phonetic,4
judge,2420,0.75,cluster_phonetic,4
nudge,2420,0.75,cluster_phonetic,4
prejudge,2420,0.75,cluster_phonetic,4
sludge,2420,0.75,cluster_phonetic,4
sludge,2420,0.75,cluster_phonetic,4
smudge,2420,0.75,cluster_phonetic,4
trudge,2420,0.75,cluster_phonetic,4
advocate,2421,0.75,cluster_phonetic,4
delicate,2421,0.75,cluster_phonetic,4
intricate,2421,0.75,cluster_phonetic,4
syndicate,2421,0.75,cluster_phonetic,4
affectionate,2422,0.75,cluster_phonetic,4
compassionate,2422,0.75,cluster_phonetic,4
effeminate,2422,0.75,cluster_phonetic,4
fortunate,2422,0.75,cluster_phonetic,4
nominate,2422,0.75,cluster_phonetic,4
obstinate,2422,0.75,cluster_phonetic,4
passionate,2422,0.75,cluster_phonetic,4
unfortunate,2422,0.75,cluster_phonetic,4
agenda,2423,0.75,cluster_phonetic,4
algebra,2424,0.75,cluster_phonetic,4
almond,2425,0.75,cluster_phonetic,4
diamond,2425,0.75,cluster_phonetic,4
altruism,2426,0.75,cluster_phonetic,4
truism,2426,0.75,cluster_phonetic,4
amalgam,2427,0.75,cluster_phonetic,4
ambiguous,2428,0.75,cluster_phonetic,4
impetuous,2428,0.75,cluster_phonetic,4
ambrosia,2429,0.75,cluster_phonetic,4
among,2430,0.75,cluster_phonetic,4
amulet,2431,0.75,cluster_phonetic,4
anachronism,2432,0.75,cluster_phonetic,4
organism,2432,0.75,cluster_phonetic,4
analysis,2433,0.75,cluster_phonetic,4
paralysis,2433,0.75,cluster_phonetic,4
anathema,2434,0.75,cluster_phonetic,4
anatomist,2435,0.75,cluster_phonetic,4
pessimist,2435,0.75,cluster_phonetic,4
animal,2436,0.75,cluster_phonetic,4
decimal,2436,0.75,cluster_phonetic,4
animate,2437,0.75,cluster_phonetic,4
estimate,2437,0.75,cluster_phonetic,4
inanimate,2437,0.75,cluster_phonetic,4
intimate,2437,0.75,cluster_phonetic,4
legitimate,2437,0.75,cluster_phonetic,4
annual,2438,0.75,cluster_phonetic,4
antagonist,2439,0.75,cluster_phonetic,4
organist,2439,0.75,cluster_phonetic,4
pianist,2439,0.75,cluster_phonetic,4
anthem,2440,0.75,cluster_phonetic,4
antithesis,2441,0.75,cluster_phonetic,4
synthesis,2441,0.75,cluster_phonetic,4
thesis,2441,0.75,cluster_phonetic,4
aphorism,2442,0.75,cluster_phonetic,4
barbarism,2442,0.75,cluster_phonetic,4
mesmerism,2442,0.75,cluster_phonetic,4
plagiarism,2442,0.75,cluster_phonetic,4
prism,2442,0.75,cluster_phonetic,4
aqueduct,2443,0.75,cluster_phonetic,4
arcana,2444,0.75,cluster_phonetic,4
area,2445,0.75,cluster_phonetic,4
arid,2446,0.75,cluster_phonetic,4
armada,2447,0.75,cluster_phonetic,4
aroma,2448,0.75,cluster_phonetic,4
aroma,2448,0.75,cluster_phonetic,4
arrogant,2449,0.75,cluster_phonetic,4
elegant,2449,0.75,cluster_phonetic,4
extravagant,2449,0.75,cluster_phonetic,4
arsenal,2450,0.75,cluster_phonetic,4
artisan,2451,0.75,cluster_phonetic,4
partisan,2451,0.75,cluster_phonetic,4
asbestos,2452,0.75,cluster_phonetic,4
asthma,2453,0.75,cluster_phonetic,4
aurora,2454,0.75,cluster_phonetic,4
autumnal,2455,0.75,cluster_phonetic,4
axis,2456,0.75,cluster_phonetic,4
ballot,2457,0.75,cluster_phonetic,4
banquet,2458,0.75,cluster_phonetic,4
baptism,2459,0.75,cluster_phonetic,4
egotism,2459,0.75,cluster_phonetic,4
hypnotism,2459,0.75,cluster_phonetic,4
nepotism,2459,0.75,cluster_phonetic,4
basket,2460,0.75,cluster_phonetic,4
casket,2460,0.75,cluster_phonetic,4
casket,2460,0.75,cluster_phonetic,4
casket,2460,0.75,cluster_phonetic,4
casket,2460,0.75,cluster_phonetic,4
casket,2460,0.75,cluster_phonetic,4
bedlam,2461,0.75,cluster_phonetic,4
benevolent,2462,0.75,cluster_phonetic,4
equivalent,2462,0.75,cluster_phonetic,4
excellent,2462,0.75,cluster_phonetic,4
flatulent,2462,0.75,cluster_phonetic,4
fraudulent,2462,0.75,cluster_phonetic,4
indolent,2462,0.75,cluster_phonetic,4
insolent,2462,0.75,cluster_phonetic,4
malevolent,2462,0.75,cluster_phonetic,4
opulent,2462,0.75,cluster_phonetic,4
prevalent,2462,0.75,cluster_phonetic,4
redolent,2462,0.75,cluster_phonetic,4
turbulent,2462,0.75,cluster_phonetic,4
violent,2462,0.75,cluster_phonetic,4
virulent,2462,0.75,cluster_phonetic,4
bigot,2463,0.75,cluster_phonetic,4
biscuit,2464,0.75,cluster_phonetic,4
circuit,2464,0.75,cluster_phonetic,4
bishop,2465,0.75,cluster_phonetic,4
blanket,2466,0.75,cluster_phonetic,4
blanket,2466,0.75,cluster_phonetic,4
bluff,2467,0.75,cluster_phonetic,4
luff,2467,0.75,cluster_phonetic,4
blush,2468,0.75,cluster_phonetic,4
flush,2468,0.75,cluster_phonetic,4
lush,2468,0.75,cluster_phonetic,4
bracelet,2469,0.75,cluster_phonetic,4
broken,2470,0.75,cluster_phonetic,4
broken,2470,0.75,cluster_phonetic,4
broken,2470,0.75,cluster_phonetic,4
broken,2470,0.75,cluster_phonetic,4
broken,2470,0.75,cluster_phonetic,4
hoboken,2470,0.75,cluster_phonetic,4
hoboken,2470,0.75,cluster_phonetic,4
hoboken,2470,0.75,cluster_phonetic,4
hoboken,2470,0.75,cluster_phonetic,4
hoboken,2470,0.75,cluster_phonetic,4
brunt,2471,0.75,cluster_phonetic,4
grunt,2471,0.75,cluster_phonetic,4
brusque,2472,0.75,cluster_phonetic,4
bud,2473,0.75,cluster_phonetic,4
buff,2474,0.75,cluster_phonetic,4
rebuff,2474,0.75,cluster_phonetic,4
bug,2475,0.75,cluster_phonetic,4
bulbous,2476,0.75,cluster_phonetic,4
bullock,2477,0.75,cluster_phonetic,4
hillock,2477,0.75,cluster_phonetic,4
bung,2478,0.75,cluster_phonetic,4
bunk,2479,0.75,cluster_phonetic,4
buss,2480,0.75,cluster_phonetic,4
buzz,2481,0.75,cluster_phonetic,4
ca,2482,0.75,cluster_phonetic,4
ca,2482,0.75,cluster_phonetic,4
ca,2482,0.75,cluster_phonetic,4
ca,2482,0.75,cluster_phonetic,4
cabbage,2483,0.75,cluster_phonetic,4
calamitous,2484,0.75,cluster_phonetic,4
fortuitous,2484,0.75,cluster_phonetic,4
gratuitous,2484,0.75,cluster_phonetic,4
portentous,2484,0.75,cluster_phonetic,4
riotous,2484,0.75,cluster_phonetic,4
solicitous,2484,0.75,cluster_phonetic,4
ubiquitous,2484,0.75,cluster_phonetic,4
callous,2485,0.75,cluster_phonetic,4
credulous,2485,0.75,cluster_phonetic,4
fabulous,2485,0.75,cluster_phonetic,4
frivolous,2485,0.75,cluster_phonetic,4
garrulous,2485,0.75,cluster_phonetic,4
incredulous,2485,0.75,cluster_phonetic,4
jealous,2485,0.75,cluster_phonetic,4
jealous,2485,0.75,cluster_phonetic,4
jealous,2485,0.75,cluster_phonetic,4
jealous,2485,0.75,cluster_phonetic,4
jealous,2485,0.75,cluster_phonetic,4
marvellous,2485,0.75,cluster_phonetic,4
miraculous,2485,0.75,cluster_phonetic,4
perilous,2485,0.75,cluster_phonetic,4
populous,2485,0.75,cluster_phonetic,4
ridiculous,2485,0.75,cluster_phonetic,4
scandalous,2485,0.75,cluster_phonetic,4
scrupulous,2485,0.75,cluster_phonetic,4
cannibal,2486,0.75,cluster_phonetic,4
cannon,2487,0.75,cluster_phonetic,4
canon,2488,0.75,cluster_phonetic,4
capital,2489,0.75,cluster_phonetic,4
digital,2489,0.75,cluster_phonetic,4
hospital,2489,0.75,cluster_phonetic,4
carnival,2490,0.75,cluster_phonetic,4
festival,2490,0.75,cluster_phonetic,4
rival,2490,0.75,cluster_phonetic,4
carpet,2491,0.75,cluster_phonetic,4
cataclysm,2492,0.75,cluster_phonetic,4
caucus,2493,0.75,cluster_phonetic,4
mucus,2493,0.75,cluster_phonetic,4
celibate,2494,0.75,cluster_phonetic,4
charlatan,2495,0.75,cluster_phonetic,4
chasm,2496,0.75,cluster_phonetic,4
children,2497,0.75,cluster_phonetic,4
children,2497,0.75,cluster_phonetic,4
children,2497,0.75,cluster_phonetic,4
children,2497,0.75,cluster_phonetic,4
children,2497,0.75,cluster_phonetic,4
chimera,2498,0.75,cluster_phonetic,4
chum,2499,0.75,cluster_phonetic,4
chunk,2500,0.75,cluster_phonetic,4
hunk,2500,0.75,cluster_phonetic,4
cinnamon,2501,0.75,cluster_phonetic,4
circus,2502,0.75,cluster_phonetic,4
citizen,2503,0.75,cluster_phonetic,4
denizen,2503,0.75,cluster_phonetic,4
denizen,2503,0.75,cluster_phonetic,4
clarion,2504,0.75,cluster_phonetic,4
criterion,2504,0.75,cluster_phonetic,4
clung,2505,0.75,cluster_phonetic,4
flung,2505,0.75,cluster_phonetic,4
slung,2505,0.75,cluster_phonetic,4
colloquial,2506,0.75,cluster_phonetic,4
colon,2507,0.75,cluster_phonetic,4
combatant,2508,0.75,cluster_phonetic,4
exorbitant,2508,0.75,cluster_phonetic,4
inhabitant,2508,0.75,cluster_phonetic,4
militant,2508,0.75,cluster_phonetic,4
mutant,2508,0.75,cluster_phonetic,4
protestant,2508,0.75,cluster_phonetic,4
complaisant,2509,0.75,cluster_phonetic,4
conversant,2509,0.75,cluster_phonetic,4
concubinage,2510,0.75,cluster_phonetic,4
espionage,2510,0.75,cluster_phonetic,4
manage,2510,0.75,cluster_phonetic,4
conduct,2511,0.75,cluster_phonetic,4
conduct,2511,0.75,cluster_phonetic,4
conduct,2511,0.75,cluster_phonetic,4
conduct,2511,0.75,cluster_phonetic,4
conduct,2511,0.75,cluster_phonetic,4
viaduct,2511,0.75,cluster_phonetic,4
conjugal,2512,0.75,cluster_phonetic,4
conjurer,2513,0.75,cluster_phonetic,4
consonant,2514,0.75,cluster_phonetic,4
covenant,2514,0.75,cluster_phonetic,4
dissonant,2514,0.75,cluster_phonetic,4
dissonant,2514,0.75,cluster_phonetic,4
dominant,2514,0.75,cluster_phonetic,4
lieutenant,2514,0.75,cluster_phonetic,4
poignant,2514,0.75,cluster_phonetic,4
predominant,2514,0.75,cluster_phonetic,4
remnant,2514,0.75,cluster_phonetic,4
ruminant,2514,0.75,cluster_phonetic,4
tenant,2514,0.75,cluster_phonetic,4
continent,2515,0.75,cluster_phonetic,4
eminent,2515,0.75,cluster_phonetic,4
imminent,2515,0.75,cluster_phonetic,4
impertinent,2515,0.75,cluster_phonetic,4
incontinent,2515,0.75,cluster_phonetic,4
permanent,2515,0.75,cluster_phonetic,4
cordial,2516,0.75,cluster_phonetic,4
dial,2516,0.75,cluster_phonetic,4
cormorant,2517,0.75,cluster_phonetic,4
ignorant,2517,0.75,cluster_phonetic,4
corporal,2518,0.75,cluster_phonetic,4
littoral,2518,0.75,cluster_phonetic,4
pastoral,2518,0.75,cluster_phonetic,4
temporal,2518,0.75,cluster_phonetic,4
corset,2519,0.75,cluster_phonetic,4
cosmopolitan,2520,0.75,cluster_phonetic,4
countess,2521,0.75,cluster_phonetic,4
courage,2522,0.75,cluster_phonetic,4
peerage,2522,0.75,cluster_phonetic,4
crescent,2523,0.75,cluster_phonetic,4
incandescent,2523,0.75,cluster_phonetic,4
innocent,2523,0.75,cluster_phonetic,4
innocent,2523,0.75,cluster_phonetic,4
innocent,2523,0.75,cluster_phonetic,4
innocent,2523,0.75,cluster_phonetic,4
innocent,2523,0.75,cluster_phonetic,4
magnificent,2523,0.75,cluster_phonetic,4
magnificent,2523,0.75,cluster_phonetic,4
magnificent,2523,0.75,cluster_phonetic,4
magnificent,2523,0.75,cluster_phonetic,4
magnificent,2523,0.75,cluster_phonetic,4
reticent,2523,0.75,cluster_phonetic,4
crisis,2524,0.75,cluster_phonetic,4
crisis,2524,0.75,cluster_phonetic,4
criticism,2525,0.75,cluster_phonetic,4
mysticism,2525,0.75,cluster_phonetic,4
stoicism,2525,0.75,cluster_phonetic,4
crocus,2526,0.75,cluster_phonetic,4
focus,2526,0.75,cluster_phonetic,4
crux,2527,0.75,cluster_phonetic,4
cuff,2528,0.75,cluster_phonetic,4
cupola,2529,0.75,cluster_phonetic,4
cymbal,2530,0.75,cluster_phonetic,4
dahlia,2531,0.75,cluster_phonetic,4
deduct,2532,0.75,cluster_phonetic,4
desolate,2533,0.75,cluster_phonetic,4
palate,2533,0.75,cluster_phonetic,4
develop,2534,0.75,cluster_phonetic,4
envelop,2534,0.75,cluster_phonetic,4
diagnosis,2535,0.75,cluster_phonetic,4
metamorphosis,2535,0.75,cluster_phonetic,4
diet,2536,0.75,cluster_phonetic,4
dilemma,2537,0.75,cluster_phonetic,4
agent,2538,0.75,cluster_phonetic,4
diligent,2538,0.75,cluster_phonetic,4
exigent,2538,0.75,cluster_phonetic,4
indigent,2538,0.75,cluster_phonetic,4
intelligent,2538,0.75,cluster_phonetic,4
negligent,2538,0.75,cluster_phonetic,4
tangent,2538,0.75,cluster_phonetic,4
discuss,2539,0.75,cluster_phonetic,4
discussed,2540,0.75,cluster_phonetic,4
tossed,2540,0.75,cluster_phonetic,4
disgust,2541,0.75,cluster_phonetic,4
disgust,2541,0.75,cluster_phonetic,4
dismal,2542,0.75,cluster_phonetic,4
doggerel,2543,0.75,cluster_phonetic,4
dogma,2544,0.75,cluster_phonetic,4
drum,2545,0.75,cluster_phonetic,4
drum,2545,0.75,cluster_phonetic,4
drum,2545,0.75,cluster_phonetic,4
drum,2545,0.75,cluster_phonetic,4
drum,2545,0.75,cluster_phonetic,4
dual,2546,0.75,cluster_phonetic,4
duchess,2547,0.75,cluster_phonetic,4
duck,2548,0.75,cluster_phonetic,4
dug,2549,0.75,cluster_phonetic,4
dulcet,2550,0.75,cluster_phonetic,4
dumbstruck,2551,0.75,cluster_phonetic,4
dumbstruck,2551,0.75,cluster_phonetic,4
dumbstruck,2551,0.75,cluster_phonetic,4
dumbstruck,2551,0.75,cluster_phonetic,4
dumbstruck,2551,0.75,cluster_phonetic,4
dun,2552,0.75,cluster_phonetic,4
dun,2552,0.75,cluster_phonetic,4
dun,2552,0.75,cluster_phonetic,4
dun,2552,0.75,cluster_phonetic,4
dun,2552,0.75,cluster_phonetic,4
dung,2553,0.75,cluster_phonetic,4
dux,2554,0.75,cluster_phonetic,4
edifice,2555,0.75,cluster_phonetic,4
elephant,2556,0.75,cluster_phonetic,4
merchant,2556,0.75,cluster_phonetic,4
eloquent,2557,0.75,cluster_phonetic,4
frequent,2557,0.75,cluster_phonetic,4
subsequent,2557,0.75,cluster_phonetic,4
embarrass,2558,0.75,cluster_phonetic,4
emerald,2559,0.75,cluster_phonetic,4
emphasis,2560,0.75,cluster_phonetic,4
enthusiasm,2561,0.75,cluster_phonetic,4
equivocal,2562,0.75,cluster_phonetic,4
reciprocal,2562,0.75,cluster_phonetic,4
era,2563,0.75,cluster_phonetic,4
etiquette,2564,0.75,cluster_phonetic,4
eucharist,2565,0.75,cluster_phonetic,4
satirist,2565,0.75,cluster_phonetic,4
euphemism,2566,0.75,cluster_phonetic,4
optimism,2566,0.75,cluster_phonetic,4
pessimism,2566,0.75,cluster_phonetic,4
euthanasia,2567,0.75,cluster_phonetic,4
fantasia,2567,0.75,cluster_phonetic,4
exorcist,2568,0.75,cluster_phonetic,4
expunge,2569,0.75,cluster_phonetic,4
lunge,2569,0.75,cluster_phonetic,4
plunge,2569,0.75,cluster_phonetic,4
extended,2570,0.75,cluster_phonetic,4
extended,2570,0.75,cluster_phonetic,4
extended,2570,0.75,cluster_phonetic,4
extended,2570,0.75,cluster_phonetic,4
extended,2570,0.75,cluster_phonetic,4
extravaganza,2571,0.75,cluster_phonetic,4
stanza,2571,0.75,cluster_phonetic,4
felon,2572,0.75,cluster_phonetic,4
feudal,2573,0.75,cluster_phonetic,4
fitted,2574,0.75,cluster_phonetic,4
fitted,2574,0.75,cluster_phonetic,4
fitted,2574,0.75,cluster_phonetic,4
fitted,2574,0.75,cluster_phonetic,4
fitted,2574,0.75,cluster_phonetic,4
florid,2575,0.75,cluster_phonetic,4
flux,2576,0.75,cluster_phonetic,4
flux,2576,0.75,cluster_phonetic,4
focussed,2577,0.75,cluster_phonetic,4
formal,2578,0.75,cluster_phonetic,4
formula,2579,0.75,cluster_phonetic,4
frigid,2580,0.75,cluster_phonetic,4
funeral,2581,0.75,cluster_phonetic,4
general,2581,0.75,cluster_phonetic,4
liberal,2581,0.75,cluster_phonetic,4
literal,2581,0.75,cluster_phonetic,4
mineral,2581,0.75,cluster_phonetic,4
several,2581,0.75,cluster_phonetic,4
fuss,2582,0.75,cluster_phonetic,4
fuss,2582,0.75,cluster_phonetic,4
fuss,2582,0.75,cluster_phonetic,4
fuss,2582,0.75,cluster_phonetic,4
fuss,2582,0.75,cluster_phonetic,4
gala,2583,0.75,cluster_phonetic,4
gallant,2584,0.75,cluster_phonetic,4
jubilant,2584,0.75,cluster_phonetic,4
petulant,2584,0.75,cluster_phonetic,4
vigilant,2584,0.75,cluster_phonetic,4
gallop,2585,0.75,cluster_phonetic,4
scallop,2585,0.75,cluster_phonetic,4
gamut,2586,0.75,cluster_phonetic,4
genial,2587,0.75,cluster_phonetic,4
genuine,2588,0.75,cluster_phonetic,4
global,2589,0.75,cluster_phonetic,4
global,2589,0.75,cluster_phonetic,4
global,2589,0.75,cluster_phonetic,4
global,2589,0.75,cluster_phonetic,4
global,2589,0.75,cluster_phonetic,4
glut,2590,0.75,cluster_phonetic,4
cavernous,2591,0.75,cluster_phonetic,4
gluttonous,2591,0.75,cluster_phonetic,4
heinous,2591,0.75,cluster_phonetic,4
indigenous,2591,0.75,cluster_phonetic,4
luminous,2591,0.75,cluster_phonetic,4
mountainous,2591,0.75,cluster_phonetic,4
mutinous,2591,0.75,cluster_phonetic,4
oleaginous,2591,0.75,cluster_phonetic,4
ominous,2591,0.75,cluster_phonetic,4
poisonous,2591,0.75,cluster_phonetic,4
ravenous,2591,0.75,cluster_phonetic,4
ruinous,2591,0.75,cluster_phonetic,4
villainous,2591,0.75,cluster_phonetic,4
villainous,2591,0.75,cluster_phonetic,4
gondola,2592,0.75,cluster_phonetic,4
gossip,2593,0.75,cluster_phonetic,4
gossip,2593,0.75,cluster_phonetic,4
gossip,2593,0.75,cluster_phonetic,4
gossip,2593,0.75,cluster_phonetic,4
gossip,2593,0.75,cluster_phonetic,4
gratis,2594,0.75,cluster_phonetic,4
greatest,2595,0.75,cluster_phonetic,4
greatest,2595,0.75,cluster_phonetic,4
greatest,2595,0.75,cluster_phonetic,4
greatest,2595,0.75,cluster_phonetic,4
greatest,2595,0.75,cluster_phonetic,4
grievous,2596,0.75,cluster_phonetic,4
mischievous,2596,0.75,cluster_phonetic,4
nervous,2596,0.75,cluster_phonetic,4
grimace,2597,0.75,cluster_phonetic,4
gruff,2598,0.75,cluster_phonetic,4
ruff,2598,0.75,cluster_phonetic,4
gush,2599,0.75,cluster_phonetic,4
gut,2600,0.75,cluster_phonetic,4
guts,2601,0.75,cluster_phonetic,4
guts,2601,0.75,cluster_phonetic,4
guts,2601,0.75,cluster_phonetic,4
guts,2601,0.75,cluster_phonetic,4
guts,2601,0.75,cluster_phonetic,4
halcyon,2602,0.75,cluster_phonetic,4
hamlet,2603,0.75,cluster_phonetic,4
hatred,2604,0.75,cluster_phonetic,4
hatred,2604,0.75,cluster_phonetic,4
hatred,2604,0.75,cluster_phonetic,4
hatred,2604,0.75,cluster_phonetic,4
hatred,2604,0.75,cluster_phonetic,4
havoc,2605,0.75,cluster_phonetic,4
hazardous,2606,0.75,cluster_phonetic,4
herbalist,2607,0.75,cluster_phonetic,4
socialist,2607,0.75,cluster_phonetic,4
heritage,2608,0.75,cluster_phonetic,4
hermitage,2608,0.75,cluster_phonetic,4
parentage,2608,0.75,cluster_phonetic,4
percentage,2608,0.75,cluster_phonetic,4
hermit,2609,0.75,cluster_phonetic,4
heroine,2610,0.75,cluster_phonetic,4
heroism,2611,0.75,cluster_phonetic,4
hiccough,2612,0.75,cluster_phonetic,4
horizon,2613,0.75,cluster_phonetic,4
houses,2614,0.75,cluster_phonetic,4
houses,2614,0.75,cluster_phonetic,4
houses,2614,0.75,cluster_phonetic,4
houses,2614,0.75,cluster_phonetic,4
houses,2614,0.75,cluster_phonetic,4
hovel,2615,0.75,cluster_phonetic,4
huff,2616,0.75,cluster_phonetic,4
hug,2617,0.75,cluster_phonetic,4
hum,2618,0.75,cluster_phonetic,4
hum,2618,0.75,cluster_phonetic,4
humbug,2619,0.75,cluster_phonetic,4
hung,2620,0.75,cluster_phonetic,4
hunt,2621,0.75,cluster_phonetic,4
hush,2622,0.75,cluster_phonetic,4
husk,2623,0.75,cluster_phonetic,4
hut,2624,0.75,cluster_phonetic,4
hybrid,2625,0.75,cluster_phonetic,4
hydra,2626,0.75,cluster_phonetic,4
hymeneal,2627,0.75,cluster_phonetic,4
hyphen,2628,0.75,cluster_phonetic,4
hysteria,2629,0.75,cluster_phonetic,4
idiot,2630,0.75,cluster_phonetic,4
idyll,2631,0.75,cluster_phonetic,4
ignoramus,2632,0.75,cluster_phonetic,4
imperial,2633,0.75,cluster_phonetic,4
trial,2633,0.75,cluster_phonetic,4
impotent,2634,0.75,cluster_phonetic,4
incompetent,2634,0.75,cluster_phonetic,4
omnipotent,2634,0.75,cluster_phonetic,4
potent,2634,0.75,cluster_phonetic,4
inertia,2635,0.75,cluster_phonetic,4
influenza,2636,0.75,cluster_phonetic,4
initial,2637,0.75,cluster_phonetic,4
martial,2637,0.75,cluster_phonetic,4
partial,2637,0.75,cluster_phonetic,4
intellectual,2638,0.75,cluster_phonetic,4
virtual,2638,0.75,cluster_phonetic,4
interest,2639,0.75,cluster_phonetic,4
interval,2640,0.75,cluster_phonetic,4
iota,2641,0.75,cluster_phonetic,4
jargon,2642,0.75,cluster_phonetic,4
jaundice,2643,0.75,cluster_phonetic,4
javelin,2644,0.75,cluster_phonetic,4
bowels,2645,0.75,cluster_phonetic,4
jewels,2645,0.75,cluster_phonetic,4
jewels,2645,0.75,cluster_phonetic,4
jewels,2645,0.75,cluster_phonetic,4
jewels,2645,0.75,cluster_phonetic,4
jewels,2645,0.75,cluster_phonetic,4
junk,2646,0.75,cluster_phonetic,4
jut,2647,0.75,cluster_phonetic,4
kingdom,2648,0.75,cluster_phonetic,4
kingdom,2648,0.75,cluster_phonetic,4
kingdom,2648,0.75,cluster_phonetic,4
kingdom,2648,0.75,cluster_phonetic,4
kingdom,2648,0.75,cluster_phonetic,4
kitchen,2649,0.75,cluster_phonetic,4
kitchen,2649,0.75,cluster_phonetic,4
kitchen,2649,0.75,cluster_phonetic,4
kitchen,2649,0.75,cluster_phonetic,4
kitchen,2649,0.75,cluster_phonetic,4
knowledge,2650,0.75,cluster_phonetic,4
largess,2651,0.75,cluster_phonetic,4
apprentice,2652,0.75,cluster_phonetic,4
lattice,2652,0.75,cluster_phonetic,4
lattice,2652,0.75,cluster_phonetic,4
notice,2652,0.75,cluster_phonetic,4
notice,2652,0.75,cluster_phonetic,4
notice,2652,0.75,cluster_phonetic,4
notice,2652,0.75,cluster_phonetic,4
notice,2652,0.75,cluster_phonetic,4
laurel,2653,0.75,cluster_phonetic,4
leaflet,2654,0.75,cluster_phonetic,4
legal,2655,0.75,cluster_phonetic,4
regal,2655,0.75,cluster_phonetic,4
lemon,2656,0.75,cluster_phonetic,4
libel,2657,0.75,cluster_phonetic,4
litmus,2658,0.75,cluster_phonetic,4
locust,2659,0.75,cluster_phonetic,4
lozenge,2660,0.75,cluster_phonetic,4
lug,2661,0.75,cluster_phonetic,4
lusk,2662,0.75,cluster_phonetic,4
lust,2663,0.75,cluster_phonetic,4
lux,2664,0.75,cluster_phonetic,4
madam,2665,0.75,cluster_phonetic,4
madrigal,2666,0.75,cluster_phonetic,4
prodigal,2666,0.75,cluster_phonetic,4
magnet,2667,0.75,cluster_phonetic,4
magnet,2667,0.75,cluster_phonetic,4
margarine,2668,0.75,cluster_phonetic,4
margin,2669,0.75,cluster_phonetic,4
medal,2670,0.75,cluster_phonetic,4
pedal,2670,0.75,cluster_phonetic,4
metal,2671,0.75,cluster_phonetic,4
metropolis,2672,0.75,cluster_phonetic,4
necropolis,2672,0.75,cluster_phonetic,4
middle,2673,0.75,cluster_phonetic,4
middle,2673,0.75,cluster_phonetic,4
middle,2673,0.75,cluster_phonetic,4
middle,2673,0.75,cluster_phonetic,4
middle,2673,0.75,cluster_phonetic,4
riddle,2673,0.75,cluster_phonetic,4
miscreant,2674,0.75,cluster_phonetic,4
sergeant,2674,0.75,cluster_phonetic,4
missile,2675,0.75,cluster_phonetic,4
monk,2676,0.75,cluster_phonetic,4
morbid,2677,0.75,cluster_phonetic,4
mordant,2678,0.75,cluster_phonetic,4
mortal,2679,0.75,cluster_phonetic,4
portal,2679,0.75,cluster_phonetic,4
muck,2680,0.75,cluster_phonetic,4
muck,2680,0.75,cluster_phonetic,4
mud,2681,0.75,cluster_phonetic,4
muff,2682,0.75,cluster_phonetic,4
muffin,2683,0.75,cluster_phonetic,4
mug,2684,0.75,cluster_phonetic,4
municipal,2685,0.75,cluster_phonetic,4
principal,2685,0.75,cluster_phonetic,4
musician,2686,0.75,cluster_phonetic,4
musk,2687,0.75,cluster_phonetic,4
mutt,2688,0.75,cluster_phonetic,4
mutt,2688,0.75,cluster_phonetic,4
mutt,2688,0.75,cluster_phonetic,4
mutt,2688,0.75,cluster_phonetic,4
mutt,2688,0.75,cluster_phonetic,4
natural,2689,0.75,cluster_phonetic,4
rural,2689,0.75,cluster_phonetic,4
naval,2690,0.75,cluster_phonetic,4
nebula,2691,0.75,cluster_phonetic,4
needed,2692,0.75,cluster_phonetic,4
needed,2692,0.75,cluster_phonetic,4
needed,2692,0.75,cluster_phonetic,4
needed,2692,0.75,cluster_phonetic,4
needed,2692,0.75,cluster_phonetic,4
nimbus,2693,0.75,cluster_phonetic,4
internal,2694,0.75,cluster_phonetic,4
nocturnal,2694,0.75,cluster_phonetic,4
nuts,2695,0.75,cluster_phonetic,4
nuts,2695,0.75,cluster_phonetic,4
nuts,2695,0.75,cluster_phonetic,4
nuts,2695,0.75,cluster_phonetic,4
nuts,2695,0.75,cluster_phonetic,4
octagonal,2696,0.75,cluster_phonetic,4
personal,2696,0.75,cluster_phonetic,4
rational,2696,0.75,cluster_phonetic,4
omnibus,2697,0.75,cluster_phonetic,4
once,2698,0.75,cluster_phonetic,4
once,2698,0.75,cluster_phonetic,4
once,2698,0.75,cluster_phonetic,4
once,2698,0.75,cluster_phonetic,4
once,2698,0.75,cluster_phonetic,4
orange,2699,0.75,cluster_phonetic,4
orbit,2700,0.75,cluster_phonetic,4
orbit,2700,0.75,cluster_phonetic,4
orchestra,2701,0.75,cluster_phonetic,4
orchid,2702,0.75,cluster_phonetic,4
organ,2703,0.75,cluster_phonetic,4
origin,2704,0.75,cluster_phonetic,4
orphan,2705,0.75,cluster_phonetic,4
oxen,2706,0.75,cluster_phonetic,4
oxygen,2707,0.75,cluster_phonetic,4
oxygen,2707,0.75,cluster_phonetic,4
package,2708,0.75,cluster_phonetic,4
package,2708,0.75,cluster_phonetic,4
package,2708,0.75,cluster_phonetic,4
package,2708,0.75,cluster_phonetic,4
package,2708,0.75,cluster_phonetic,4
wreckage,2708,0.75,cluster_phonetic,4
pagan,2709,0.75,cluster_phonetic,4
pamphlet,2710,0.75,cluster_phonetic,4
panacea,2711,0.75,cluster_phonetic,4
panacea,2711,0.75,cluster_phonetic,4
parabola,2712,0.75,cluster_phonetic,4
paraphernalia,2713,0.75,cluster_phonetic,4
regalia,2713,0.75,cluster_phonetic,4
pardon,2714,0.75,cluster_phonetic,4
pedestal,2715,0.75,cluster_phonetic,4
pelican,2716,0.75,cluster_phonetic,4
pencil,2717,0.75,cluster_phonetic,4
peril,2718,0.75,cluster_phonetic,4
phenomena,2719,0.75,cluster_phonetic,4
picturesque,2720,0.75,cluster_phonetic,4
pilgrim,2721,0.75,cluster_phonetic,4
pilgrimage,2722,0.75,cluster_phonetic,4
poison,2723,0.75,cluster_phonetic,4
poison,2723,0.75,cluster_phonetic,4
prison,2723,0.75,cluster_phonetic,4
porridge,2724,0.75,cluster_phonetic,4
privilege,2725,0.75,cluster_phonetic,4
sacrilege,2725,0.75,cluster_phonetic,4
puck,2726,0.75,cluster_phonetic,4
puck,2726,0.75,cluster_phonetic,4
puck,2726,0.75,cluster_phonetic,4
puck,2726,0.75,cluster_phonetic,4
puck,2726,0.75,cluster_phonetic,4
puff,2727,0.75,cluster_phonetic,4
puff,2727,0.75,cluster_phonetic,4
puff,2727,0.75,cluster_phonetic,4
puff,2727,0.75,cluster_phonetic,4
puff,2727,0.75,cluster_phonetic,4
pug,2728,0.75,cluster_phonetic,4
pump,2729,0.75,cluster_phonetic,4
pump,2729,0.75,cluster_phonetic,4
pump,2729,0.75,cluster_phonetic,4
pump,2729,0.75,cluster_phonetic,4
pump,2729,0.75,cluster_phonetic,4
punk,2730,0.75,cluster_phonetic,4
spunk,2730,0.75,cluster_phonetic,4
rabbit,2731,0.75,cluster_phonetic,4
radicalism,2732,0.75,cluster_phonetic,4
realism,2732,0.75,cluster_phonetic,4
socialism,2732,0.75,cluster_phonetic,4
vandalism,2732,0.75,cluster_phonetic,4
rampant,2733,0.75,cluster_phonetic,4
rebus,2734,0.75,cluster_phonetic,4
rebut,2735,0.75,cluster_phonetic,4
reflux,2736,0.75,cluster_phonetic,4
regatta,2737,0.75,cluster_phonetic,4
requiem,2738,0.75,cluster_phonetic,4
reverend,2739,0.75,cluster_phonetic,4
rub,2740,0.75,cluster_phonetic,4
rud,2741,0.75,cluster_phonetic,4
rug,2742,0.75,cluster_phonetic,4
rug,2742,0.75,cluster_phonetic,4
ruin,2743,0.75,cluster_phonetic,4
rung,2744,0.75,cluster_phonetic,4
sprung,2744,0.75,cluster_phonetic,4
strung,2744,0.75,cluster_phonetic,4
wrung,2744,0.75,cluster_phonetic,4
rut,2745,0.75,cluster_phonetic,4
rut,2745,0.75,cluster_phonetic,4
sada,2746,0.75,cluster_phonetic,4
sada,2746,0.75,cluster_phonetic,4
sada,2746,0.75,cluster_phonetic,4
sada,2746,0.75,cluster_phonetic,4
sada,2746,0.75,cluster_phonetic,4
salad,2747,0.75,cluster_phonetic,4
satin,2748,0.75,cluster_phonetic,4
sauna,2749,0.75,cluster_phonetic,4
sauna,2749,0.75,cluster_phonetic,4
sauna,2749,0.75,cluster_phonetic,4
sauna,2749,0.75,cluster_phonetic,4
sauna,2749,0.75,cluster_phonetic,4
schism,2750,0.75,cluster_phonetic,4
scud,2751,0.75,cluster_phonetic,4
seamen,2752,0.75,cluster_phonetic,4
second,2753,0.75,cluster_phonetic,4
semen,2754,0.75,cluster_phonetic,4
sentinel,2755,0.75,cluster_phonetic,4
sentinel,2755,0.75,cluster_phonetic,4
sepia,2756,0.75,cluster_phonetic,4
servant,2757,0.75,cluster_phonetic,4
sharpen,2758,0.75,cluster_phonetic,4
shouldn't,2759,0.75,cluster_phonetic,4
shouldn't,2759,0.75,cluster_phonetic,4
shouldn't,2759,0.75,cluster_phonetic,4
shouldn't,2759,0.75,cluster_phonetic,4
shouldn't,2759,0.75,cluster_phonetic,4
shrub,2760,0.75,cluster_phonetic,4
shrug,2761,0.75,cluster_phonetic,4
shut,2762,0.75,cluster_phonetic,4
siesta,2763,0.75,cluster_phonetic,4
significant,2764,0.75,cluster_phonetic,4
slug,2765,0.75,cluster_phonetic,4
smug,2766,0.75,cluster_phonetic,4
smut,2767,0.75,cluster_phonetic,4
snowden,2768,0.75,cluster_phonetic,4
snowden,2768,0.75,cluster_phonetic,4
snowden,2768,0.75,cluster_phonetic,4
snowden,2768,0.75,cluster_phonetic,4
snowden,2768,0.75,cluster_phonetic,4
snub,2769,0.75,cluster_phonetic,4
snuff,2770,0.75,cluster_phonetic,4
snug,2771,0.75,cluster_phonetic,4
sofa,2772,0.75,cluster_phonetic,4
solid,2773,0.75,cluster_phonetic,4
solvent,2774,0.75,cluster_phonetic,4
sonata,2775,0.75,cluster_phonetic,4
sonata,2775,0.75,cluster_phonetic,4
sordid,2776,0.75,cluster_phonetic,4
sorrel,2777,0.75,cluster_phonetic,4
sponge,2778,0.75,cluster_phonetic,4
cauldron,2779,0.75,cluster_phonetic,4
squadron,2779,0.75,cluster_phonetic,4
stigma,2780,0.75,cluster_phonetic,4
stimulus,2781,0.75,cluster_phonetic,4
strata,2782,0.75,cluster_phonetic,4
stratagem,2783,0.75,cluster_phonetic,4
strut,2784,0.75,cluster_phonetic,4
stud,2785,0.75,cluster_phonetic,4
stung,2786,0.75,cluster_phonetic,4
stunk,2787,0.75,cluster_phonetic,4
conned,2788,0.75,cluster_phonetic,4
donned,2788,0.75,cluster_phonetic,4
stunned,2788,0.75,cluster_phonetic,4
stunt,2789,0.75,cluster_phonetic,4
stunt,2789,0.75,cluster_phonetic,4
stunt,2789,0.75,cluster_phonetic,4
stunt,2789,0.75,cluster_phonetic,4
stunt,2789,0.75,cluster_phonetic,4
such,2790,0.75,cluster_phonetic,4
sung,2791,0.75,cluster_phonetic,4
unsung,2791,0.75,cluster_phonetic,4
sunk,2792,0.75,cluster_phonetic,4
surface,2793,0.75,cluster_phonetic,4
swung,2794,0.75,cluster_phonetic,4
taffeta,2795,0.75,cluster_phonetic,4
target,2796,0.75,cluster_phonetic,4
tendon,2797,0.75,cluster_phonetic,4
terrace,2798,0.75,cluster_phonetic,4
theism,2799,0.75,cluster_phonetic,4
thus,2800,0.75,cluster_phonetic,4
toilet,2801,0.75,cluster_phonetic,4
torpid,2802,0.75,cluster_phonetic,4
total,2803,0.75,cluster_phonetic,4
towel,2804,0.75,cluster_phonetic,4
vowel,2804,0.75,cluster_phonetic,4
vowel,2804,0.75,cluster_phonetic,4
triplet,2805,0.75,cluster_phonetic,4
trivial,2806,0.75,cluster_phonetic,4
vial,2806,0.75,cluster_phonetic,4
truss,2807,0.75,cluster_phonetic,4
tub,2808,0.75,cluster_phonetic,4
tug,2809,0.75,cluster_phonetic,4
tulip,2810,0.75,cluster_phonetic,4
turnip,2811,0.75,cluster_phonetic,4
tusk,2812,0.75,cluster_phonetic,4
umbrella,2813,0.75,cluster_phonetic,4
urchin,2814,0.75,cluster_phonetic,4
utensil,2815,0.75,cluster_phonetic,4
veranda,2816,0.75,cluster_phonetic,4
village,2817,0.75,cluster_phonetic,4
vista,2818,0.75,cluster_phonetic,4
walnut,2819,0.75,cluster_phonetic,4
warden,2820,0.75,cluster_phonetic,4
warden,2820,0.75,cluster_phonetic,4
wisdom,2821,0.75,cluster_phonetic,4
wisdom,2821,0.75,cluster_phonetic,4
wisdom,2821,0.75,cluster_phonetic,4
wisdom,2821,0.75,cluster_phonetic,4
wisdom,2821,0.75,cluster_phonetic,4
won,2822,0.75,cluster_phonetic,4
worship,2823,0.75,cluster_phonetic,4
young,2824,0.75,cluster_phonetic,4
young,2824,0.75,cluster_phonetic,4
young,2824,0.75,cluster_phonetic,4
young,2824,0.75,cluster_phonetic,4
young,2824,0.75,cluster_phonetic,4
zenith,2825,0.75,cluster_phonetic,4
absinthe,2826,0.75,cluster_phonetic,4
abyss,2827,0.75,cluster_phonetic,4
abyss,2827,0.75,cluster_phonetic,4
active,2828,0.75,cluster_phonetic,4
affirmative,2828,0.75,cluster_phonetic,4
contemplative,2828,0.75,cluster_phonetic,4
diminutive,2828,0.75,cluster_phonetic,4
distributive,2828,0.75,cluster_phonetic,4
fugitive,2828,0.75,cluster_phonetic,4
furtive,2828,0.75,cluster_phonetic,4
imaginative,2828,0.75,cluster_phonetic,4
inquisitive,2828,0.75,cluster_phonetic,4
laxative,2828,0.75,cluster_phonetic,4
motive,2828,0.75,cluster_phonetic,4
narrative,2828,0.75,cluster_phonetic,4
native,2828,0.75,cluster_phonetic,4
negative,2828,0.75,cluster_phonetic,4
negative,2828,0.75,cluster_phonetic,4
negative,2828,0.75,cluster_phonetic,4
negative,2828,0.75,cluster_phonetic,4
negative,2828,0.75,cluster_phonetic,4
objective,2828,0.75,cluster_phonetic,4
perspective,2828,0.75,cluster_phonetic,4
positive,2828,0.75,cluster_phonetic,4
prerogative,2828,0.75,cluster_phonetic,4
punitive,2828,0.75,cluster_phonetic,4
relative,2828,0.75,cluster_phonetic,4
restive,2828,0.75,cluster_phonetic,4
restorative,2828,0.75,cluster_phonetic,4
sensitive,2828,0.75,cluster_phonetic,4
subjective,2828,0.75,cluster_phonetic,4
talkative,2828,0.75,cluster_phonetic,4
addict,2829,0.75,cluster_phonetic,4
addict,2829,0.75,cluster_phonetic,4
addict,2829,0.75,cluster_phonetic,4
addict,2829,0.75,cluster_phonetic,4
addict,2829,0.75,cluster_phonetic,4
contradict,2829,0.75,cluster_phonetic,4
admit,2830,0.75,cluster_phonetic,4
affix,2831,0.75,cluster_phonetic,4
afflict,2832,0.75,cluster_phonetic,4
inflict,2832,0.75,cluster_phonetic,4
agnostic,2833,0.75,cluster_phonetic,4
antagonistic,2833,0.75,cluster_phonetic,4
artistic,2833,0.75,cluster_phonetic,4
caustic,2833,0.75,cluster_phonetic,4
domestic,2833,0.75,cluster_phonetic,4
drastic,2833,0.75,cluster_phonetic,4
fantastic,2833,0.75,cluster_phonetic,4
majestic,2833,0.75,cluster_phonetic,4
mystic,2833,0.75,cluster_phonetic,4
plastic,2833,0.75,cluster_phonetic,4
realistic,2833,0.75,cluster_phonetic,4
rustic,2833,0.75,cluster_phonetic,4
akin,2834,0.75,cluster_phonetic,4
alchemist,2835,0.75,cluster_phonetic,4
alchemist,2835,0.75,cluster_phonetic,4
chemist,2835,0.75,cluster_phonetic,4
optimist,2835,0.75,cluster_phonetic,4
amethyst,2836,0.75,cluster_phonetic,4
amid,2837,0.75,cluster_phonetic,4
amis,2838,0.75,cluster_phonetic,4
analyst,2839,0.75,cluster_phonetic,4
antic,2840,0.75,cluster_phonetic,4
romantic,2840,0.75,cluster_phonetic,4
antiseptic,2841,0.75,cluster_phonetic,4
cryptic,2841,0.75,cluster_phonetic,4
dyspeptic,2841,0.75,cluster_phonetic,4
appear,2842,0.75,cluster_phonetic,4
disappear,2842,0.75,cluster_phonetic,4
spear,2842,0.75,cluster_phonetic,4
appendage,2843,0.75,cluster_phonetic,4
aquatic,2844,0.75,cluster_phonetic,4
dogmatic,2844,0.75,cluster_phonetic,4
dramatic,2844,0.75,cluster_phonetic,4
emphatic,2844,0.75,cluster_phonetic,4
erratic,2844,0.75,cluster_phonetic,4
idiomatic,2844,0.75,cluster_phonetic,4
lymphatic,2844,0.75,cluster_phonetic,4
phlegmatic,2844,0.75,cluster_phonetic,4
arctic,2845,0.75,cluster_phonetic,4
didactic,2845,0.75,cluster_phonetic,4
hectic,2845,0.75,cluster_phonetic,4
arithmetic,2846,0.75,cluster_phonetic,4
emetic,2846,0.75,cluster_phonetic,4
heretic,2846,0.75,cluster_phonetic,4
magnetic,2846,0.75,cluster_phonetic,4
magnetic,2846,0.75,cluster_phonetic,4
pathetic,2846,0.75,cluster_phonetic,4
peripatetic,2846,0.75,cluster_phonetic,4
poetic,2846,0.75,cluster_phonetic,4
prophetic,2846,0.75,cluster_phonetic,4
artifice,2847,0.75,cluster_phonetic,4
assist,2848,0.75,cluster_phonetic,4
consist,2848,0.75,cluster_phonetic,4
desist,2848,0.75,cluster_phonetic,4
insist,2848,0.75,cluster_phonetic,4
insist,2848,0.75,cluster_phonetic,4
persist,2848,0.75,cluster_phonetic,4
resist,2848,0.75,cluster_phonetic,4
subsist,2848,0.75,cluster_phonetic,4
astonish,2849,0.75,cluster_phonetic,4
banish,2849,0.75,cluster_phonetic,4
finish,2849,0.75,cluster_phonetic,4
attic,2850,0.75,cluster_phonetic,4
attic,2850,0.75,cluster_phonetic,4
austere,2851,0.75,cluster_phonetic,4
bandolier,2852,0.75,cluster_phonetic,4
chandelier,2852,0.75,cluster_phonetic,4
gondolier,2852,0.75,cluster_phonetic,4
beer,2853,0.75,cluster_phonetic,4
being,2854,0.75,cluster_phonetic,4
being,2854,0.75,cluster_phonetic,4
being,2854,0.75,cluster_phonetic,4
being,2854,0.75,cluster_phonetic,4
being,2854,0.75,cluster_phonetic,4
benefit,2855,0.75,cluster_phonetic,4
bib,2856,0.75,cluster_phonetic,4
bids,2857,0.75,cluster_phonetic,4
bill,2858,0.75,cluster_phonetic,4
bin,2859,0.75,cluster_phonetic,4
bit,2860,0.75,cluster_phonetic,4
bit,2860,0.75,cluster_phonetic,4
bit,2860,0.75,cluster_phonetic,4
bit,2860,0.75,cluster_phonetic,4
bit,2860,0.75,cluster_phonetic,4
bliss,2861,0.75,cluster_phonetic,4
blowing,2862,0.75,cluster_phonetic,4
blowing,2862,0.75,cluster_phonetic,4
blowing,2862,0.75,cluster_phonetic,4
blowing,2862,0.75,cluster_phonetic,4
blowing,2862,0.75,cluster_phonetic,4
snowing,2862,0.75,cluster_phonetic,4
snowing,2862,0.75,cluster_phonetic,4
snowing,2862,0.75,cluster_phonetic,4
snowing,2862,0.75,cluster_phonetic,4
snowing,2862,0.75,cluster_phonetic,4
bring,2863,0.75,cluster_phonetic,4
ring,2863,0.75,cluster_phonetic,4
ring,2863,0.75,cluster_phonetic,4
ring,2863,0.75,cluster_phonetic,4
ring,2863,0.75,cluster_phonetic,4
ring,2863,0.75,cluster_phonetic,4
spring,2863,0.75,cluster_phonetic,4
string,2863,0.75,cluster_phonetic,4
wring,2863,0.75,cluster_phonetic,4
brisk,2864,0.75,cluster_phonetic,4
frisk,2864,0.75,cluster_phonetic,4
risk,2864,0.75,cluster_phonetic,4
bucolic,2865,0.75,cluster_phonetic,4
build,2866,0.75,cluster_phonetic,4
capitulate,2867,0.75,cluster_phonetic,4
emasculate,2867,0.75,cluster_phonetic,4
inviolate,2867,0.75,cluster_phonetic,4
career,2868,0.75,cluster_phonetic,4
chagrin,2869,0.75,cluster_phonetic,4
grin,2869,0.75,cluster_phonetic,4
chalice,2870,0.75,cluster_phonetic,4
chalice,2870,0.75,cluster_phonetic,4
cheer,2871,0.75,cluster_phonetic,4
sheer,2871,0.75,cluster_phonetic,4
cherish,2872,0.75,cluster_phonetic,4
flourish,2872,0.75,cluster_phonetic,4
nourish,2872,0.75,cluster_phonetic,4
parish,2872,0.75,cluster_phonetic,4
perish,2872,0.75,cluster_phonetic,4
chin,2873,0.75,cluster_phonetic,4
chip,2874,0.75,cluster_phonetic,4
chit,2875,0.75,cluster_phonetic,4
choleric,2876,0.75,cluster_phonetic,4
chronic,2877,0.75,cluster_phonetic,4
sonic,2877,0.75,cluster_phonetic,4
chrysalis,2878,0.75,cluster_phonetic,4
classic,2879,0.75,cluster_phonetic,4
classic,2879,0.75,cluster_phonetic,4
classic,2879,0.75,cluster_phonetic,4
classic,2879,0.75,cluster_phonetic,4
classic,2879,0.75,cluster_phonetic,4
cliff,2880,0.75,cluster_phonetic,4
clinch,2881,0.75,cluster_phonetic,4
finch,2881,0.75,cluster_phonetic,4
inch,2881,0.75,cluster_phonetic,4
pinch,2881,0.75,cluster_phonetic,4
pinch,2881,0.75,cluster_phonetic,4
winch,2881,0.75,cluster_phonetic,4
cling,2882,0.75,cluster_phonetic,4
fling,2882,0.75,cluster_phonetic,4
sling,2882,0.75,cluster_phonetic,4
codlin,2883,0.75,cluster_phonetic,4
maudlin,2883,0.75,cluster_phonetic,4
coffin,2884,0.75,cluster_phonetic,4
coffin,2884,0.75,cluster_phonetic,4
coffin,2884,0.75,cluster_phonetic,4
coffin,2884,0.75,cluster_phonetic,4
coffin,2884,0.75,cluster_phonetic,4
griffin,2884,0.75,cluster_phonetic,4
tiffin,2884,0.75,cluster_phonetic,4
college,2885,0.75,cluster_phonetic,4
cometh,2886,0.75,cluster_phonetic,4
comic,2887,0.75,cluster_phonetic,4
comic,2887,0.75,cluster_phonetic,4
competent,2888,0.75,cluster_phonetic,4
penitent,2888,0.75,cluster_phonetic,4
conflict,2889,0.75,cluster_phonetic,4
convict,2890,0.75,cluster_phonetic,4
convince,2891,0.75,cluster_phonetic,4
evince,2891,0.75,cluster_phonetic,4
mince,2891,0.75,cluster_phonetic,4
prince,2891,0.75,cluster_phonetic,4
quince,2891,0.75,cluster_phonetic,4
since,2891,0.75,cluster_phonetic,4
since,2891,0.75,cluster_phonetic,4
wince,2891,0.75,cluster_phonetic,4
cowslip,2892,0.75,cluster_phonetic,4
cribbage,2893,0.75,cluster_phonetic,4
cringe,2894,0.75,cluster_phonetic,4
fringe,2894,0.75,cluster_phonetic,4
fringe,2894,0.75,cluster_phonetic,4
hinge,2894,0.75,cluster_phonetic,4
infringe,2894,0.75,cluster_phonetic,4
singe,2894,0.75,cluster_phonetic,4
syringe,2894,0.75,cluster_phonetic,4
tinge,2894,0.75,cluster_phonetic,4
twinge,2894,0.75,cluster_phonetic,4
crip,2895,0.75,cluster_phonetic,4
crip,2895,0.75,cluster_phonetic,4
crip,2895,0.75,cluster_phonetic,4
crip,2895,0.75,cluster_phonetic,4
crip,2895,0.75,cluster_phonetic,4
scrip,2895,0.75,cluster_phonetic,4
crisp,2896,0.75,cluster_phonetic,4
crisp,2896,0.75,cluster_phonetic,4
critic,2897,0.75,cluster_phonetic,4
crucifix,2898,0.75,cluster_phonetic,4
crucifix,2898,0.75,cluster_phonetic,4
cynic,2899,0.75,cluster_phonetic,4
daffodil,2900,0.75,cluster_phonetic,4
deer,2901,0.75,cluster_phonetic,4
demolish,2902,0.75,cluster_phonetic,4
relish,2902,0.75,cluster_phonetic,4
desperate,2903,0.75,cluster_phonetic,4
diaphanous,2904,0.75,cluster_phonetic,4
dim,2905,0.75,cluster_phonetic,4
din,2906,0.75,cluster_phonetic,4
dint,2907,0.75,cluster_phonetic,4
disc,2908,0.75,cluster_phonetic,4
dish,2909,0.75,cluster_phonetic,4
dish,2909,0.75,cluster_phonetic,4
diss,2910,0.75,cluster_phonetic,4
diss,2910,0.75,cluster_phonetic,4
diss,2910,0.75,cluster_phonetic,4
diss,2910,0.75,cluster_phonetic,4
diss,2910,0.75,cluster_phonetic,4
distil,2911,0.75,cluster_phonetic,4
distinct,2912,0.75,cluster_phonetic,4
extinct,2912,0.75,cluster_phonetic,4
succinct,2912,0.75,cluster_phonetic,4
eccentric,2913,0.75,cluster_phonetic,4
electric,2913,0.75,cluster_phonetic,4
emit,2914,0.75,cluster_phonetic,4
remit,2914,0.75,cluster_phonetic,4
equip,2915,0.75,cluster_phonetic,4
evangelist,2916,0.75,cluster_phonetic,4
pugilist,2916,0.75,cluster_phonetic,4
vocalist,2916,0.75,cluster_phonetic,4
even,2917,0.75,cluster_phonetic,4
even,2917,0.75,cluster_phonetic,4
even,2917,0.75,cluster_phonetic,4
even,2917,0.75,cluster_phonetic,4
even,2917,0.75,cluster_phonetic,4
chaotic,2918,0.75,cluster_phonetic,4
exotic,2918,0.75,cluster_phonetic,4
narcotic,2918,0.75,cluster_phonetic,4
quixotic,2918,0.75,cluster_phonetic,4
eyelid,2919,0.75,cluster_phonetic,4
favourite,2920,0.75,cluster_phonetic,4
feared,2921,0.75,cluster_phonetic,4
fidget,2922,0.75,cluster_phonetic,4
fierce,2923,0.75,cluster_phonetic,4
film,2924,0.75,cluster_phonetic,4
filth,2925,0.75,cluster_phonetic,4
tilth,2925,0.75,cluster_phonetic,4
fin,2926,0.75,cluster_phonetic,4
fish,2927,0.75,cluster_phonetic,4
fish,2927,0.75,cluster_phonetic,4
fix,2928,0.75,cluster_phonetic,4
fizz,2929,0.75,cluster_phonetic,4
fizz,2929,0.75,cluster_phonetic,4
fleer,2930,0.75,cluster_phonetic,4
flint,2931,0.75,cluster_phonetic,4
lint,2931,0.75,cluster_phonetic,4
flit,2932,0.75,cluster_phonetic,4
foliage,2933,0.75,cluster_phonetic,4
marriage,2933,0.75,cluster_phonetic,4
forbid,2934,0.75,cluster_phonetic,4
forensic,2935,0.75,cluster_phonetic,4
forfeit,2936,0.75,cluster_phonetic,4
friendship,2937,0.75,cluster_phonetic,4
hardship,2937,0.75,cluster_phonetic,4
township,2937,0.75,cluster_phonetic,4
frith,2938,0.75,cluster_phonetic,4
fulfil,2939,0.75,cluster_phonetic,4
gear,2940,0.75,cluster_phonetic,4
gear,2940,0.75,cluster_phonetic,4
gear,2940,0.75,cluster_phonetic,4
gear,2940,0.75,cluster_phonetic,4
gear,2940,0.75,cluster_phonetic,4
gild,2941,0.75,cluster_phonetic,4
gill,2942,0.75,cluster_phonetic,4
gin,2943,0.75,cluster_phonetic,4
glib,2944,0.75,cluster_phonetic,4
glimpse,2945,0.75,cluster_phonetic,4
goblin,2946,0.75,cluster_phonetic,4
goblin,2946,0.75,cluster_phonetic,4
goblin,2946,0.75,cluster_phonetic,4
goblin,2946,0.75,cluster_phonetic,4
goblin,2946,0.75,cluster_phonetic,4
grid,2947,0.75,cluster_phonetic,4
grid,2947,0.75,cluster_phonetic,4
grim,2948,0.75,cluster_phonetic,4
grim,2948,0.75,cluster_phonetic,4
grit,2949,0.75,cluster_phonetic,4
guiltless,2950,0.75,cluster_phonetic,4
relentless,2950,0.75,cluster_phonetic,4
relentless,2950,0.75,cluster_phonetic,4
relentless,2950,0.75,cluster_phonetic,4
relentless,2950,0.75,cluster_phonetic,4
relentless,2950,0.75,cluster_phonetic,4
hemisphere,2951,0.75,cluster_phonetic,4
hid,2952,0.75,cluster_phonetic,4
hieroglyphic,2953,0.75,cluster_phonetic,4
hint,2954,0.75,cluster_phonetic,4
hip,2955,0.75,cluster_phonetic,4
hip,2955,0.75,cluster_phonetic,4
hip,2955,0.75,cluster_phonetic,4
hip,2955,0.75,cluster_phonetic,4
hip,2955,0.75,cluster_phonetic,4
his,2956,0.75,cluster_phonetic,4
hiss,2957,0.75,cluster_phonetic,4
hiss,2957,0.75,cluster_phonetic,4
hostage,2958,0.75,cluster_phonetic,4
hyacinth,2959,0.75,cluster_phonetic,4
labyrinth,2959,0.75,cluster_phonetic,4
labyrinth,2959,0.75,cluster_phonetic,4
hymn,2960,0.75,cluster_phonetic,4
hymn,2960,0.75,cluster_phonetic,4
if,2961,0.75,cluster_phonetic,4
if,2961,0.75,cluster_phonetic,4
if,2961,0.75,cluster_phonetic,4
if,2961,0.75,cluster_phonetic,4
illuminate,2962,0.75,cluster_phonetic,4
imp,2963,0.75,cluster_phonetic,4
imp,2963,0.75,cluster_phonetic,4
imprint,2964,0.75,cluster_phonetic,4
print,2964,0.75,cluster_phonetic,4
ink,2965,0.75,cluster_phonetic,4
ink,2965,0.75,cluster_phonetic,4
ink,2965,0.75,cluster_phonetic,4
ink,2965,0.75,cluster_phonetic,4
ink,2965,0.75,cluster_phonetic,4
inn,2966,0.75,cluster_phonetic,4
instinct,2967,0.75,cluster_phonetic,4
interfere,2968,0.75,cluster_phonetic,4
intermix,2969,0.75,cluster_phonetic,4
jeer,2970,0.75,cluster_phonetic,4
jesuit,2971,0.75,cluster_phonetic,4
jinks,2972,0.75,cluster_phonetic,4
killed,2973,0.75,cluster_phonetic,4
killed,2973,0.75,cluster_phonetic,4
killed,2973,0.75,cluster_phonetic,4
killed,2973,0.75,cluster_phonetic,4
killed,2973,0.75,cluster_phonetic,4
kin,2974,0.75,cluster_phonetic,4
kin,2974,0.75,cluster_phonetic,4
knit,2975,0.75,cluster_phonetic,4
legit,2976,0.75,cluster_phonetic,4
legit,2976,0.75,cluster_phonetic,4
legit,2976,0.75,cluster_phonetic,4
legit,2976,0.75,cluster_phonetic,4
legit,2976,0.75,cluster_phonetic,4
lid,2977,0.75,cluster_phonetic,4
lift,2978,0.75,cluster_phonetic,4
limb,2979,0.75,cluster_phonetic,4
limb,2979,0.75,cluster_phonetic,4
limn,2980,0.75,cluster_phonetic,4
limp,2981,0.75,cluster_phonetic,4
limps,2982,0.75,cluster_phonetic,4
lin,2983,0.75,cluster_phonetic,4
linguist,2984,0.75,cluster_phonetic,4
linked,2985,0.75,cluster_phonetic,4
lisp,2986,0.75,cluster_phonetic,4
lives,2987,0.75,cluster_phonetic,4
lives,2987,0.75,cluster_phonetic,4
lives,2987,0.75,cluster_phonetic,4
lives,2987,0.75,cluster_phonetic,4
lives,2987,0.75,cluster_phonetic,4
lunatic,2988,0.75,cluster_phonetic,4
mandolin,2989,0.75,cluster_phonetic,4
massive,2990,0.75,cluster_phonetic,4
passive,2990,0.75,cluster_phonetic,4
pensive,2990,0.75,cluster_phonetic,4
submissive,2990,0.75,cluster_phonetic,4
mathematics,2991,0.75,cluster_phonetic,4
statics,2991,0.75,cluster_phonetic,4
synthetics,2991,0.75,cluster_phonetic,4
matrix,2992,0.75,cluster_phonetic,4
mechanic,2993,0.75,cluster_phonetic,4
mechanics,2994,0.75,cluster_phonetic,4
sonics,2994,0.75,cluster_phonetic,4
mere,2995,0.75,cluster_phonetic,4
milk,2996,0.75,cluster_phonetic,4
min,2997,0.75,cluster_phonetic,4
mint,2998,0.75,cluster_phonetic,4
mint,2998,0.75,cluster_phonetic,4
mist,2999,0.75,cluster_phonetic,4
mountaineer,3000,0.75,cluster_phonetic,4
myrmidon,3001,0.75,cluster_phonetic,4
near,3002,0.75,cluster_phonetic,4
nib,3003,0.75,cluster_phonetic,4
niche,3004,0.75,cluster_phonetic,4
nick,3005,0.75,cluster_phonetic,4
nip,3006,0.75,cluster_phonetic,4
nips,3007,0.75,cluster_phonetic,4
nix,3008,0.75,cluster_phonetic,4
nomadic,3009,0.75,cluster_phonetic,4
oculist,3010,0.75,cluster_phonetic,4
omit,3011,0.75,cluster_phonetic,4
onyx,3012,0.75,cluster_phonetic,4
outlive,3013,0.75,cluster_phonetic,4
outlive,3013,0.75,cluster_phonetic,4
outwit,3014,0.75,cluster_phonetic,4
pacific,3015,0.75,cluster_phonetic,4
parenthesis,3016,0.75,cluster_phonetic,4
parsonage,3017,0.75,cluster_phonetic,4
patronage,3017,0.75,cluster_phonetic,4
peer,3018,0.75,cluster_phonetic,4
permit,3019,0.75,cluster_phonetic,4
perquisite,3020,0.75,cluster_phonetic,4
persevere,3021,0.75,cluster_phonetic,4
revere,3021,0.75,cluster_phonetic,4
severe,3021,0.75,cluster_phonetic,4
pertinent,3022,0.75,cluster_phonetic,4
pick,3023,0.75,cluster_phonetic,4
picket,3024,0.75,cluster_phonetic,4
picnic,3025,0.75,cluster_phonetic,4
pimp,3026,0.75,cluster_phonetic,4
pimp,3026,0.75,cluster_phonetic,4
pimp,3026,0.75,cluster_phonetic,4
pimp,3026,0.75,cluster_phonetic,4
pimp,3026,0.75,cluster_phonetic,4
pin,3027,0.75,cluster_phonetic,4
pin,3027,0.75,cluster_phonetic,4
pink,3028,0.75,cluster_phonetic,4
pip,3029,0.75,cluster_phonetic,4
pit,3030,0.75,cluster_phonetic,4
pit,3030,0.75,cluster_phonetic,4
pith,3031,0.75,cluster_phonetic,4
plinth,3032,0.75,cluster_phonetic,4
politic,3033,0.75,cluster_phonetic,4
precinct,3034,0.75,cluster_phonetic,4
prefix,3035,0.75,cluster_phonetic,4
prejudice,3036,0.75,cluster_phonetic,4
premise,3037,0.75,cluster_phonetic,4
presage,3038,0.75,cluster_phonetic,4
prim,3039,0.75,cluster_phonetic,4
pseudonym,3040,0.75,cluster_phonetic,4
synonym,3040,0.75,cluster_phonetic,4
pugnacious,3041,0.75,cluster_phonetic,4
queer,3042,0.75,cluster_phonetic,4
quid,3043,0.75,cluster_phonetic,4
squid,3043,0.75,cluster_phonetic,4
squid,3043,0.75,cluster_phonetic,4
squid,3043,0.75,cluster_phonetic,4
squid,3043,0.75,cluster_phonetic,4
squid,3043,0.75,cluster_phonetic,4
quill,3044,0.75,cluster_phonetic,4
quill,3044,0.75,cluster_phonetic,4
quilt,3045,0.75,cluster_phonetic,4
quilt,3045,0.75,cluster_phonetic,4
quint,3046,0.75,cluster_phonetic,4
squint,3046,0.75,cluster_phonetic,4
rabid,3047,0.75,cluster_phonetic,4
radish,3048,0.75,cluster_phonetic,4
rear,3049,0.75,cluster_phonetic,4
refit,3050,0.75,cluster_phonetic,4
renege,3051,0.75,cluster_phonetic,4
rescind,3052,0.75,cluster_phonetic,4
rhetoric,3053,0.75,cluster_phonetic,4
rib,3054,0.75,cluster_phonetic,4
rid,3055,0.75,cluster_phonetic,4
rim,3056,0.75,cluster_phonetic,4
rim,3056,0.75,cluster_phonetic,4
rim,3056,0.75,cluster_phonetic,4
rim,3056,0.75,cluster_phonetic,4
rim,3056,0.75,cluster_phonetic,4
rinse,3057,0.75,cluster_phonetic,4
risks,3058,0.75,cluster_phonetic,4
risks,3058,0.75,cluster_phonetic,4
risks,3058,0.75,cluster_phonetic,4
risks,3058,0.75,cluster_phonetic,4
risks,3058,0.75,cluster_phonetic,4
rubbish,3059,0.75,cluster_phonetic,4
runnin',3060,0.75,cluster_phonetic,4
runnin',3060,0.75,cluster_phonetic,4
runnin',3060,0.75,cluster_phonetic,4
runnin',3060,0.75,cluster_phonetic,4
sanguine,3061,0.75,cluster_phonetic,4
scythe,3062,0.75,cluster_phonetic,4
scythe,3062,0.75,cluster_phonetic,4
seamstress,3063,0.75,cluster_phonetic,4
sear,3064,0.75,cluster_phonetic,4
selfish,3065,0.75,cluster_phonetic,4
selfish,3065,0.75,cluster_phonetic,4
selfish,3065,0.75,cluster_phonetic,4
selfish,3065,0.75,cluster_phonetic,4
selfish,3065,0.75,cluster_phonetic,4
shin,3066,0.75,cluster_phonetic,4
ships,3067,0.75,cluster_phonetic,4
ships,3067,0.75,cluster_phonetic,4
ships,3067,0.75,cluster_phonetic,4
ships,3067,0.75,cluster_phonetic,4
ships,3067,0.75,cluster_phonetic,4
signet,3068,0.75,cluster_phonetic,4
sincere,3069,0.75,cluster_phonetic,4
sins,3070,0.75,cluster_phonetic,4
sins,3070,0.75,cluster_phonetic,4
sins,3070,0.75,cluster_phonetic,4
sins,3070,0.75,cluster_phonetic,4
sins,3070,0.75,cluster_phonetic,4
skim,3071,0.75,cluster_phonetic,4
skip,3072,0.75,cluster_phonetic,4
sleeping,3073,0.75,cluster_phonetic,4
sleeping,3073,0.75,cluster_phonetic,4
sleeping,3073,0.75,cluster_phonetic,4
sleeping,3073,0.75,cluster_phonetic,4
sleeping,3073,0.75,cluster_phonetic,4
slid,3074,0.75,cluster_phonetic,4
slim,3075,0.75,cluster_phonetic,4
slip,3076,0.75,cluster_phonetic,4
smear,3077,0.75,cluster_phonetic,4
smith,3078,0.75,cluster_phonetic,4
snip,3079,0.75,cluster_phonetic,4
sphinx,3080,0.75,cluster_phonetic,4
spilt,3081,0.75,cluster_phonetic,4
spin,3082,0.75,cluster_phonetic,4
spit,3083,0.75,cluster_phonetic,4
spit,3083,0.75,cluster_phonetic,4
spit,3083,0.75,cluster_phonetic,4
spit,3083,0.75,cluster_phonetic,4
spit,3083,0.75,cluster_phonetic,4
split,3084,0.75,cluster_phonetic,4
squeamish,3085,0.75,cluster_phonetic,4
sting,3086,0.75,cluster_phonetic,4
stink,3087,0.75,cluster_phonetic,4
strict,3088,0.75,cluster_phonetic,4
submit,3089,0.75,cluster_phonetic,4
succulent,3090,0.75,cluster_phonetic,4
swing,3091,0.75,cluster_phonetic,4
wing,3091,0.75,cluster_phonetic,4
tamarisk,3092,0.75,cluster_phonetic,4
thin,3093,0.75,cluster_phonetic,4
tin,3094,0.75,cluster_phonetic,4
tin,3094,0.75,cluster_phonetic,4
tip,3095,0.75,cluster_phonetic,4
tip,3095,0.75,cluster_phonetic,4
tip,3095,0.75,cluster_phonetic,4
tip,3095,0.75,cluster_phonetic,4
tip,3095,0.75,cluster_phonetic,4
toothpick,3096,0.75,cluster_phonetic,4
toothpick,3096,0.75,cluster_phonetic,4
toothpick,3096,0.75,cluster_phonetic,4
toothpick,3096,0.75,cluster_phonetic,4
toothpick,3096,0.75,cluster_phonetic,4
transfix,3097,0.75,cluster_phonetic,4
transmit,3098,0.75,cluster_phonetic,4
trim,3099,0.75,cluster_phonetic,4
turgid,3100,0.75,cluster_phonetic,4
twin,3101,0.75,cluster_phonetic,4
twist,3102,0.75,cluster_phonetic,4
twist,3102,0.75,cluster_phonetic,4
veer,3103,0.75,cluster_phonetic,4
violet,3104,0.75,cluster_phonetic,4
violin,3105,0.75,cluster_phonetic,4
virgin,3106,0.75,cluster_phonetic,4
vixen,3107,0.75,cluster_phonetic,4
weird,3108,0.75,cluster_phonetic,4
which,3109,0.75,cluster_phonetic,4
whim,3110,0.75,cluster_phonetic,4
whisk,3111,0.75,cluster_phonetic,4
whit,3112,0.75,cluster_phonetic,4
whiz,3113,0.75,cluster_phonetic,4
wis,3114,0.75,cluster_phonetic,4
wisp,3115,0.75,cluster_phonetic,4
wisp,3115,0.75,cluster_phonetic,4
wit,3116,0.75,cluster_phonetic,4
writ,3117,0.75,cluster_phonetic,4
writhe,3118,0.75,cluster_phonetic,4
year,3119,0.75,cluster_phonetic,4
zinc,3120,0.75,cluster_phonetic,4
zinc,3120,0.75,cluster_phonetic,4
bough,3121,0.75,cluster_phonetic,4
lough,3121,0.75,cluster_phonetic,4
plough,3121,0.75,cluster_phonetic,4
clown,3122,0.75,cluster_phonetic,4
clown,3122,0.75,cluster_phonetic,4
clown,3122,0.75,cluster_phonetic,4
clown,3122,0.75,cluster_phonetic,4
clown,3122,0.75,cluster_phonetic,4
clowns,3123,0.75,cluster_phonetic,4
clowns,3123,0.75,cluster_phonetic,4
clowns,3123,0.75,cluster_phonetic,4
clowns,3123,0.75,cluster_phonetic,4
clowns,3123,0.75,cluster_phonetic,4
hometown,3124,0.75,cluster_phonetic,4
hometown,3124,0.75,cluster_phonetic,4
hometown,3124,0.75,cluster_phonetic,4
hometown,3124,0.75,cluster_phonetic,4
hometown,3124,0.75,cluster_phonetic,4
kao,3125,0.75,cluster_phonetic,4
kao,3125,0.75,cluster_phonetic,4
kao,3125,0.75,cluster_phonetic,4
kao,3125,0.75,cluster_phonetic,4
kao,3125,0.75,cluster_phonetic,4
sough,3126,0.75,cluster_phonetic,4
yao,3127,0.75,cluster_phonetic,4
yao,3127,0.75,cluster_phonetic,4
yao,3127,0.75,cluster_phonetic,4
yao,3127,0.75,cluster_phonetic,4
yao,3127,0.75,cluster_phonetic,4
abode,3128,0.75,cluster_phonetic,4
abode,3128,0.75,cluster_phonetic,4
bode,3128,0.75,cluster_phonetic,4
forebode,3128,0.75,cluster_phonetic,4
adagio,3129,0.75,cluster_phonetic,4
afloat,3130,0.75,cluster_phonetic,4
bloat,3130,0.75,cluster_phonetic,4
float,3130,0.75,cluster_phonetic,4
gloat,3130,0.75,cluster_phonetic,4
anecdote,3131,0.75,cluster_phonetic,4
antidote,3131,0.75,cluster_phonetic,4
antelope,3132,0.75,cluster_phonetic,4
envelope,3132,0.75,cluster_phonetic,4
approach,3133,0.75,cluster_phonetic,4
broach,3133,0.75,cluster_phonetic,4
coach,3133,0.75,cluster_phonetic,4
encroach,3133,0.75,cluster_phonetic,4
poach,3133,0.75,cluster_phonetic,4
reproach,3133,0.75,cluster_phonetic,4
apropos,3134,0.75,cluster_phonetic,4
asymptote,3135,0.75,cluster_phonetic,4
banjo,3136,0.75,cluster_phonetic,4
bellicose,3137,0.75,cluster_phonetic,4
bone,3138,0.75,cluster_phonetic,4
braggadocio,3139,0.75,cluster_phonetic,4
bureau,3140,0.75,cluster_phonetic,4
calico,3141,0.75,cluster_phonetic,4
cameo,3142,0.75,cluster_phonetic,4
chateau,3143,0.75,cluster_phonetic,4
plateau,3143,0.75,cluster_phonetic,4
chose,3144,0.75,cluster_phonetic,4
hose,3144,0.75,cluster_phonetic,4
hose,3144,0.75,cluster_phonetic,4
those,3144,0.75,cluster_phonetic,4
those,3144,0.75,cluster_phonetic,4
those,3144,0.75,cluster_phonetic,4
those,3144,0.75,cluster_phonetic,4
those,3144,0.75,cluster_phonetic,4
cocoa,3145,0.75,cluster_phonetic,4
cole,3146,0.75,cluster_phonetic,4
cole,3146,0.75,cluster_phonetic,4
cole,3146,0.75,cluster_phonetic,4
cole,3146,0.75,cluster_phonetic,4
cole,3146,0.75,cluster_phonetic,4
commando,3147,0.75,cluster_phonetic,4
commando,3147,0.75,cluster_phonetic,4
commando,3147,0.75,cluster_phonetic,4
commando,3147,0.75,cluster_phonetic,4
commando,3147,0.75,cluster_phonetic,4
compose,3148,0.75,cluster_phonetic,4
depose,3148,0.75,cluster_phonetic,4
dispose,3148,0.75,cluster_phonetic,4
expose,3148,0.75,cluster_phonetic,4
impose,3148,0.75,cluster_phonetic,4
interpose,3148,0.75,cluster_phonetic,4
oppose,3148,0.75,cluster_phonetic,4
pose,3148,0.75,cluster_phonetic,4
presuppose,3148,0.75,cluster_phonetic,4
propose,3148,0.75,cluster_phonetic,4
repose,3148,0.75,cluster_phonetic,4
suppose,3148,0.75,cluster_phonetic,4
transpose,3148,0.75,cluster_phonetic,4
cone,3149,0.75,cluster_phonetic,4
corrode,3150,0.75,cluster_phonetic,4
rode,3150,0.75,cluster_phonetic,4
rode,3150,0.75,cluster_phonetic,4
crisco,3151,0.75,cluster_phonetic,4
crisco,3151,0.75,cluster_phonetic,4
crisco,3151,0.75,cluster_phonetic,4
crisco,3151,0.75,cluster_phonetic,4
crisco,3151,0.75,cluster_phonetic,4
dado,3152,0.75,cluster_phonetic,4
depot,3153,0.75,cluster_phonetic,4
devote,3154,0.75,cluster_phonetic,4
vote,3154,0.75,cluster_phonetic,4
diego,3155,0.75,cluster_phonetic,4
diego,3155,0.75,cluster_phonetic,4
diego,3155,0.75,cluster_phonetic,4
diego,3155,0.75,cluster_phonetic,4
diego,3155,0.75,cluster_phonetic,4
domino,3156,0.75,cluster_phonetic,4
dose,3157,0.75,cluster_phonetic,4
dote,3158,0.75,cluster_phonetic,4
doze,3159,0.75,cluster_phonetic,4
echo,3160,0.75,cluster_phonetic,4
echo,3160,0.75,cluster_phonetic,4
echo,3160,0.75,cluster_phonetic,4
echo,3160,0.75,cluster_phonetic,4
echo,3160,0.75,cluster_phonetic,4
elope,3161,0.75,cluster_phonetic,4
slope,3161,0.75,cluster_phonetic,4
embryo,3162,0.75,cluster_phonetic,4
explode,3163,0.75,cluster_phonetic,4
falsetto,3164,0.75,cluster_phonetic,4
fandango,3165,0.75,cluster_phonetic,4
fandango,3165,0.75,cluster_phonetic,4
fandango,3165,0.75,cluster_phonetic,4
fandango,3165,0.75,cluster_phonetic,4
fandango,3165,0.75,cluster_phonetic,4
foam,3166,0.75,cluster_phonetic,4
foes,3167,0.75,cluster_phonetic,4
folio,3168,0.75,cluster_phonetic,4
folio,3168,0.75,cluster_phonetic,4
generalissimo,3169,0.75,cluster_phonetic,4
goad,3170,0.75,cluster_phonetic,4
goat,3171,0.75,cluster_phonetic,4
groan,3172,0.75,cluster_phonetic,4
grope,3173,0.75,cluster_phonetic,4
rope,3173,0.75,cluster_phonetic,4
gross,3174,0.75,cluster_phonetic,4
grotto,3175,0.75,cluster_phonetic,4
grown,3176,0.75,cluster_phonetic,4
grown,3176,0.75,cluster_phonetic,4
grown,3176,0.75,cluster_phonetic,4
grown,3176,0.75,cluster_phonetic,4
grown,3176,0.75,cluster_phonetic,4
growth,3177,0.75,cluster_phonetic,4
gusto,3178,0.75,cluster_phonetic,4
heliotrope,3179,0.75,cluster_phonetic,4
misanthrope,3179,0.75,cluster_phonetic,4
horoscope,3180,0.75,cluster_phonetic,4
kaleidoscope,3180,0.75,cluster_phonetic,4
kaleidoscope,3180,0.75,cluster_phonetic,4
microscope,3180,0.75,cluster_phonetic,4
telescope,3180,0.75,cluster_phonetic,4
imbroglio,3181,0.75,cluster_phonetic,4
indigo,3182,0.75,cluster_phonetic,4
innuendo,3183,0.75,cluster_phonetic,4
jocose,3184,0.75,cluster_phonetic,4
jokes,3185,0.75,cluster_phonetic,4
jokes,3185,0.75,cluster_phonetic,4
lifeboat,3186,0.75,cluster_phonetic,4
load,3187,0.75,cluster_phonetic,4
load,3187,0.75,cluster_phonetic,4
loaf,3188,0.75,cluster_phonetic,4
loam,3189,0.75,cluster_phonetic,4
loan,3190,0.75,cluster_phonetic,4
loge,3191,0.75,cluster_phonetic,4
loge,3191,0.75,cluster_phonetic,4
loge,3191,0.75,cluster_phonetic,4
loge,3191,0.75,cluster_phonetic,4
loge,3191,0.75,cluster_phonetic,4
misquote,3192,0.75,cluster_phonetic,4
quote,3192,0.75,cluster_phonetic,4
mistletoe,3193,0.75,cluster_phonetic,4
moan,3194,0.75,cluster_phonetic,4
moaned,3195,0.75,cluster_phonetic,4
mojo,3196,0.75,cluster_phonetic,4
mojo,3196,0.75,cluster_phonetic,4
mojo,3196,0.75,cluster_phonetic,4
mojo,3196,0.75,cluster_phonetic,4
mojo,3196,0.75,cluster_phonetic,4
monotone,3197,0.75,cluster_phonetic,4
tombstone,3197,0.75,cluster_phonetic,4
undertone,3197,0.75,cluster_phonetic,4
mope,3198,0.75,cluster_phonetic,4
most,3199,0.75,cluster_phonetic,4
most,3199,0.75,cluster_phonetic,4
most,3199,0.75,cluster_phonetic,4
most,3199,0.75,cluster_phonetic,4
most,3199,0.75,cluster_phonetic,4
mote,3200,0.75,cluster_phonetic,4
promote,3200,0.75,cluster_phonetic,4
remote,3200,0.75,cluster_phonetic,4
motto,3201,0.75,cluster_phonetic,4
motto,3201,0.75,cluster_phonetic,4
motto,3201,0.75,cluster_phonetic,4
motto,3201,0.75,cluster_phonetic,4
motto,3201,0.75,cluster_phonetic,4
mow,3202,0.75,cluster_phonetic,4
mulatto,3203,0.75,cluster_phonetic,4
node,3204,0.75,cluster_phonetic,4
node,3204,0.75,cluster_phonetic,4
novo,3205,0.75,cluster_phonetic,4
oaks,3206,0.75,cluster_phonetic,4
oath,3207,0.75,cluster_phonetic,4
ode,3208,0.75,cluster_phonetic,4
ode,3208,0.75,cluster_phonetic,4
oratorio,3209,0.75,cluster_phonetic,4
ow,3210,0.75,cluster_phonetic,4
ow,3210,0.75,cluster_phonetic,4
ow,3210,0.75,cluster_phonetic,4
ow,3210,0.75,cluster_phonetic,4
owe,3211,0.75,cluster_phonetic,4
owed,3212,0.75,cluster_phonetic,4
petticoat,3213,0.75,cluster_phonetic,4
piano,3214,0.75,cluster_phonetic,4
polo,3215,0.75,cluster_phonetic,4
pope,3216,0.75,cluster_phonetic,4
portmanteau,3217,0.75,cluster_phonetic,4
post,3218,0.75,cluster_phonetic,4
postpone,3219,0.75,cluster_phonetic,4
quarto,3220,0.75,cluster_phonetic,4
quo,3221,0.75,cluster_phonetic,4
quo,3221,0.75,cluster_phonetic,4
roam,3222,0.75,cluster_phonetic,4
roam,3222,0.75,cluster_phonetic,4
roe,3223,0.75,cluster_phonetic,4
rogue,3224,0.75,cluster_phonetic,4
rogue,3224,0.75,cluster_phonetic,4
role,3225,0.75,cluster_phonetic,4
role,3225,0.75,cluster_phonetic,4
role,3225,0.75,cluster_phonetic,4
role,3225,0.75,cluster_phonetic,4
role,3225,0.75,cluster_phonetic,4
rondeau,3226,0.75,cluster_phonetic,4
row,3227,0.75,cluster_phonetic,4
rubio,3228,0.75,cluster_phonetic,4
rubio,3228,0.75,cluster_phonetic,4
rubio,3228,0.75,cluster_phonetic,4
rubio,3228,0.75,cluster_phonetic,4
rubio,3228,0.75,cluster_phonetic,4
sloe,3229,0.75,cluster_phonetic,4
soak,3230,0.75,cluster_phonetic,4
soap,3231,0.75,cluster_phonetic,4
soprano,3232,0.75,cluster_phonetic,4
tahoe,3233,0.75,cluster_phonetic,4
tahoe,3233,0.75,cluster_phonetic,4
tahoe,3233,0.75,cluster_phonetic,4
tahoe,3233,0.75,cluster_phonetic,4
tahoe,3233,0.75,cluster_phonetic,4
telephone,3234,0.75,cluster_phonetic,4
toad,3235,0.75,cluster_phonetic,4
tobacco,3236,0.75,cluster_phonetic,4
tomato,3237,0.75,cluster_phonetic,4
tome,3238,0.75,cluster_phonetic,4
tome,3238,0.75,cluster_phonetic,4
tornado,3239,0.75,cluster_phonetic,4
torpedo,3240,0.75,cluster_phonetic,4
tote,3241,0.75,cluster_phonetic,4
virago,3242,0.75,cluster_phonetic,4
woe,3243,0.75,cluster_phonetic,4
zero,3244,0.75,cluster_phonetic,4
abide,3245,0.75,cluster_phonetic,4
abide,3245,0.75,cluster_phonetic,4
bide,3245,0.75,cluster_phonetic,4
acolyte,3246,0.75,cluster_phonetic,4
admire,3247,0.75,cluster_phonetic,4
mire,3247,0.75,cluster_phonetic,4
mire,3247,0.75,cluster_phonetic,4
advise,3248,0.75,cluster_phonetic,4
devise,3248,0.75,cluster_phonetic,4
revise,3248,0.75,cluster_phonetic,4
aisle,3249,0.75,cluster_phonetic,4
aisle,3249,0.75,cluster_phonetic,4
isle,3249,0.75,cluster_phonetic,4
alkaline,3250,0.75,cluster_phonetic,4
crystalline,3250,0.75,cluster_phonetic,4
crystalline,3250,0.75,cluster_phonetic,4
online,3250,0.75,cluster_phonetic,4
online,3250,0.75,cluster_phonetic,4
online,3250,0.75,cluster_phonetic,4
online,3250,0.75,cluster_phonetic,4
online,3250,0.75,cluster_phonetic,4
skyline,3250,0.75,cluster_phonetic,4
ally,3251,0.75,cluster_phonetic,4
amplify,3252,0.75,cluster_phonetic,4
exemplify,3252,0.75,cluster_phonetic,4
exemplify,3252,0.75,cluster_phonetic,4
exemplify,3252,0.75,cluster_phonetic,4
exemplify,3252,0.75,cluster_phonetic,4
exemplify,3252,0.75,cluster_phonetic,4
mollify,3252,0.75,cluster_phonetic,4
qualify,3252,0.75,cluster_phonetic,4
simplify,3252,0.75,cluster_phonetic,4
appetite,3253,0.75,cluster_phonetic,4
apply,3254,0.75,cluster_phonetic,4
supply,3254,0.75,cluster_phonetic,4
archetype,3255,0.75,cluster_phonetic,4
prototype,3255,0.75,cluster_phonetic,4
prototype,3255,0.75,cluster_phonetic,4
stereotype,3255,0.75,cluster_phonetic,4
ascribe,3256,0.75,cluster_phonetic,4
bribe,3256,0.75,cluster_phonetic,4
describe,3256,0.75,cluster_phonetic,4
inscribe,3256,0.75,cluster_phonetic,4
prescribe,3256,0.75,cluster_phonetic,4
proscribe,3256,0.75,cluster_phonetic,4
scribe,3256,0.75,cluster_phonetic,4
scribe,3256,0.75,cluster_phonetic,4
subscribe,3256,0.75,cluster_phonetic,4
transcribe,3256,0.75,cluster_phonetic,4
tribe,3256,0.75,cluster_phonetic,4
aspire,3257,0.75,cluster_phonetic,4
expire,3257,0.75,cluster_phonetic,4
expire,3257,0.75,cluster_phonetic,4
inspire,3257,0.75,cluster_phonetic,4
spire,3257,0.75,cluster_phonetic,4
spire,3257,0.75,cluster_phonetic,4
awry,3258,0.75,cluster_phonetic,4
awry,3258,0.75,cluster_phonetic,4
beautify,3259,0.75,cluster_phonetic,4
certify,3259,0.75,cluster_phonetic,4
fortify,3259,0.75,cluster_phonetic,4
gratify,3259,0.75,cluster_phonetic,4
identify,3259,0.75,cluster_phonetic,4
identify,3259,0.75,cluster_phonetic,4
identify,3259,0.75,cluster_phonetic,4
identify,3259,0.75,cluster_phonetic,4
identify,3259,0.75,cluster_phonetic,4
justify,3259,0.75,cluster_phonetic,4
mortify,3259,0.75,cluster_phonetic,4
ratify,3259,0.75,cluster_phonetic,4
rectify,3259,0.75,cluster_phonetic,4
testify,3259,0.75,cluster_phonetic,4
beguile,3260,0.75,cluster_phonetic,4
guile,3260,0.75,cluster_phonetic,4
belie,3261,0.75,cluster_phonetic,4
betide,3262,0.75,cluster_phonetic,4
tide,3262,0.75,cluster_phonetic,4
tide,3262,0.75,cluster_phonetic,4
bile,3263,0.75,cluster_phonetic,4
bile,3263,0.75,cluster_phonetic,4
bind,3264,0.75,cluster_phonetic,4
blithe,3265,0.75,cluster_phonetic,4
lithe,3265,0.75,cluster_phonetic,4
tithe,3265,0.75,cluster_phonetic,4
brine,3266,0.75,cluster_phonetic,4
enshrine,3266,0.75,cluster_phonetic,4
shrine,3266,0.75,cluster_phonetic,4
trine,3266,0.75,cluster_phonetic,4
bye,3267,0.75,cluster_phonetic,4
bye,3267,0.75,cluster_phonetic,4
bye,3267,0.75,cluster_phonetic,4
bye,3267,0.75,cluster_phonetic,4
bye,3267,0.75,cluster_phonetic,4
certified,3268,0.75,cluster_phonetic,4
certified,3268,0.75,cluster_phonetic,4
certified,3268,0.75,cluster_phonetic,4
certified,3268,0.75,cluster_phonetic,4
certified,3268,0.75,cluster_phonetic,4
qualified,3268,0.75,cluster_phonetic,4
qualified,3268,0.75,cluster_phonetic,4
qualified,3268,0.75,cluster_phonetic,4
qualified,3268,0.75,cluster_phonetic,4
qualified,3268,0.75,cluster_phonetic,4
satisfied,3268,0.75,cluster_phonetic,4
satisfied,3268,0.75,cluster_phonetic,4
satisfied,3268,0.75,cluster_phonetic,4
satisfied,3268,0.75,cluster_phonetic,4
satisfied,3268,0.75,cluster_phonetic,4
chastise,3269,0.75,cluster_phonetic,4
child,3270,0.75,cluster_phonetic,4
chime,3271,0.75,cluster_phonetic,4
chime,3271,0.75,cluster_phonetic,4
circumcise,3272,0.75,cluster_phonetic,4
exercise,3272,0.75,cluster_phonetic,4
cite,3273,0.75,cluster_phonetic,4
excite,3273,0.75,cluster_phonetic,4
incite,3273,0.75,cluster_phonetic,4
recite,3273,0.75,cluster_phonetic,4
climb,3274,0.75,cluster_phonetic,4
columbine,3275,0.75,cluster_phonetic,4
concubine,3275,0.75,cluster_phonetic,4
combine,3276,0.75,cluster_phonetic,4
compile,3277,0.75,cluster_phonetic,4
compile,3277,0.75,cluster_phonetic,4
pile,3277,0.75,cluster_phonetic,4
comply,3278,0.75,cluster_phonetic,4
imply,3278,0.75,cluster_phonetic,4
confide,3279,0.75,cluster_phonetic,4
connive,3280,0.75,cluster_phonetic,4
cries,3281,0.75,cluster_phonetic,4
tries,3281,0.75,cluster_phonetic,4
crocodile,3282,0.75,cluster_phonetic,4
crucify,3283,0.75,cluster_phonetic,4
pacify,3283,0.75,cluster_phonetic,4
specify,3283,0.75,cluster_phonetic,4
decry,3284,0.75,cluster_phonetic,4
defy,3285,0.75,cluster_phonetic,4
deify,3286,0.75,cluster_phonetic,4
demise,3287,0.75,cluster_phonetic,4
surmise,3287,0.75,cluster_phonetic,4
descry,3288,0.75,cluster_phonetic,4
despise,3289,0.75,cluster_phonetic,4
despite,3290,0.75,cluster_phonetic,4
spite,3290,0.75,cluster_phonetic,4
spite,3290,0.75,cluster_phonetic,4
diatribe,3291,0.75,cluster_phonetic,4
dignify,3292,0.75,cluster_phonetic,4
indemnify,3292,0.75,cluster_phonetic,4
magnify,3292,0.75,cluster_phonetic,4
signify,3292,0.75,cluster_phonetic,4
dire,3293,0.75,cluster_phonetic,4
dire,3293,0.75,cluster_phonetic,4
dive,3294,0.75,cluster_phonetic,4
divide,3295,0.75,cluster_phonetic,4
provide,3295,0.75,cluster_phonetic,4
subdivide,3295,0.75,cluster_phonetic,4
dry,3296,0.75,cluster_phonetic,4
dynamite,3297,0.75,cluster_phonetic,4
edify,3298,0.75,cluster_phonetic,4
modify,3298,0.75,cluster_phonetic,4
solidify,3298,0.75,cluster_phonetic,4
solidify,3298,0.75,cluster_phonetic,4
enterprise,3299,0.75,cluster_phonetic,4
entice,3300,0.75,cluster_phonetic,4
entice,3300,0.75,cluster_phonetic,4
exile,3301,0.75,cluster_phonetic,4
expedite,3302,0.75,cluster_phonetic,4
falsify,3303,0.75,cluster_phonetic,4
intensify,3303,0.75,cluster_phonetic,4
file,3304,0.75,cluster_phonetic,4
fry,3305,0.75,cluster_phonetic,4
gentile,3306,0.75,cluster_phonetic,4
glorify,3307,0.75,cluster_phonetic,4
horrify,3307,0.75,cluster_phonetic,4
petrify,3307,0.75,cluster_phonetic,4
terrify,3307,0.75,cluster_phonetic,4
verify,3307,0.75,cluster_phonetic,4
gripe,3308,0.75,cluster_phonetic,4
ripe,3308,0.75,cluster_phonetic,4
stripe,3308,0.75,cluster_phonetic,4
guide,3309,0.75,cluster_phonetic,4
misguide,3309,0.75,cluster_phonetic,4
hive,3310,0.75,cluster_phonetic,4
hive,3310,0.75,cluster_phonetic,4
idealize,3311,0.75,cluster_phonetic,4
idealize,3311,0.75,cluster_phonetic,4
idealize,3311,0.75,cluster_phonetic,4
idealize,3311,0.75,cluster_phonetic,4
idealize,3311,0.75,cluster_phonetic,4
ignite,3312,0.75,cluster_phonetic,4
ignite,3312,0.75,cluster_phonetic,4
ignite,3312,0.75,cluster_phonetic,4
ignite,3312,0.75,cluster_phonetic,4
ignite,3312,0.75,cluster_phonetic,4
reunite,3312,0.75,cluster_phonetic,4
imbibe,3313,0.75,cluster_phonetic,4
improvise,3314,0.75,cluster_phonetic,4
indict,3315,0.75,cluster_phonetic,4
indite,3316,0.75,cluster_phonetic,4
infanticide,3317,0.75,cluster_phonetic,4
suicide,3317,0.75,cluster_phonetic,4
inquire,3318,0.75,cluster_phonetic,4
quire,3318,0.75,cluster_phonetic,4
squire,3318,0.75,cluster_phonetic,4
invite,3319,0.75,cluster_phonetic,4
ire,3320,0.75,cluster_phonetic,4
kite,3321,0.75,cluster_phonetic,4
kite,3321,0.75,cluster_phonetic,4
kite,3321,0.75,cluster_phonetic,4
kite,3321,0.75,cluster_phonetic,4
kite,3321,0.75,cluster_phonetic,4
lifestyle,3322,0.75,cluster_phonetic,4
lifestyle,3322,0.75,cluster_phonetic,4
lifestyle,3322,0.75,cluster_phonetic,4
lifestyle,3322,0.75,cluster_phonetic,4
lifestyle,3322,0.75,cluster_phonetic,4
lime,3323,0.75,cluster_phonetic,4
slime,3323,0.75,cluster_phonetic,4
sublime,3323,0.75,cluster_phonetic,4
lyre,3324,0.75,cluster_phonetic,4
lyre,3324,0.75,cluster_phonetic,4
mice,3325,0.75,cluster_phonetic,4
mice,3325,0.75,cluster_phonetic,4
mice,3325,0.75,cluster_phonetic,4
mice,3325,0.75,cluster_phonetic,4
mice,3325,0.75,cluster_phonetic,4
mild,3326,0.75,cluster_phonetic,4
mime,3327,0.75,cluster_phonetic,4
mite,3328,0.75,cluster_phonetic,4
multiply,3329,0.75,cluster_phonetic,4
nigh,3330,0.75,cluster_phonetic,4
nigh,3330,0.75,cluster_phonetic,4
nine,3331,0.75,cluster_phonetic,4
opine,3332,0.75,cluster_phonetic,4
pine,3332,0.75,cluster_phonetic,4
supine,3332,0.75,cluster_phonetic,4
parasite,3333,0.75,cluster_phonetic,4
pie,3334,0.75,cluster_phonetic,4
pie,3334,0.75,cluster_phonetic,4
pie,3334,0.75,cluster_phonetic,4
pie,3334,0.75,cluster_phonetic,4
pie,3334,0.75,cluster_phonetic,4
pied,3335,0.75,cluster_phonetic,4
plebiscite,3336,0.75,cluster_phonetic,4
ply,3337,0.75,cluster_phonetic,4
polite,3338,0.75,cluster_phonetic,4
porcupine,3339,0.75,cluster_phonetic,4
prize,3340,0.75,cluster_phonetic,4
pry,3341,0.75,cluster_phonetic,4
quite,3342,0.75,cluster_phonetic,4
ramify,3343,0.75,cluster_phonetic,4
rarefy,3344,0.75,cluster_phonetic,4
realise,3345,0.75,cluster_phonetic,4
reconcile,3346,0.75,cluster_phonetic,4
rely,3347,0.75,cluster_phonetic,4
retire,3348,0.75,cluster_phonetic,4
revile,3349,0.75,cluster_phonetic,4
vile,3349,0.75,cluster_phonetic,4
rye,3350,0.75,cluster_phonetic,4
sacrifice,3351,0.75,cluster_phonetic,4
sacrifice,3351,0.75,cluster_phonetic,4
sacrifice,3351,0.75,cluster_phonetic,4
sacrifice,3351,0.75,cluster_phonetic,4
sacrifice,3351,0.75,cluster_phonetic,4
sanctify,3352,0.75,cluster_phonetic,4
satellite,3353,0.75,cluster_phonetic,4
satellite,3353,0.75,cluster_phonetic,4
satellite,3353,0.75,cluster_phonetic,4
satellite,3353,0.75,cluster_phonetic,4
satellite,3353,0.75,cluster_phonetic,4
satisfy,3354,0.75,cluster_phonetic,4
sein,3355,0.75,cluster_phonetic,4
sein,3355,0.75,cluster_phonetic,4
sein,3355,0.75,cluster_phonetic,4
sein,3355,0.75,cluster_phonetic,4
sein,3355,0.75,cluster_phonetic,4
sigh,3356,0.75,cluster_phonetic,4
sigh,3356,0.75,cluster_phonetic,4
sine,3357,0.75,cluster_phonetic,4
size,3358,0.75,cluster_phonetic,4
size,3358,0.75,cluster_phonetic,4
size,3358,0.75,cluster_phonetic,4
size,3358,0.75,cluster_phonetic,4
size,3358,0.75,cluster_phonetic,4
slice,3359,0.75,cluster_phonetic,4
splice,3359,0.75,cluster_phonetic,4
sliced,3360,0.75,cluster_phonetic,4
sly,3361,0.75,cluster_phonetic,4
sly,3361,0.75,cluster_phonetic,4
snipe,3362,0.75,cluster_phonetic,4
spy,3363,0.75,cluster_phonetic,4
stile,3364,0.75,cluster_phonetic,4
tile,3364,0.75,cluster_phonetic,4
strike,3365,0.75,cluster_phonetic,4
strike,3365,0.75,cluster_phonetic,4
strike,3365,0.75,cluster_phonetic,4
strike,3365,0.75,cluster_phonetic,4
strike,3365,0.75,cluster_phonetic,4
sty,3366,0.75,cluster_phonetic,4
suffice,3367,0.75,cluster_phonetic,4
tie,3368,0.75,cluster_phonetic,4
tie,3368,0.75,cluster_phonetic,4
turpentine,3369,0.75,cluster_phonetic,4
valentine,3369,0.75,cluster_phonetic,4
valentine,3369,0.75,cluster_phonetic,4
valentine,3369,0.75,cluster_phonetic,4
valentine,3369,0.75,cluster_phonetic,4
valentine,3369,0.75,cluster_phonetic,4
undermine,3370,0.75,cluster_phonetic,4
unite,3371,0.75,cluster_phonetic,4
unite,3371,0.75,cluster_phonetic,4
untie,3372,0.75,cluster_phonetic,4
untie,3372,0.75,cluster_phonetic,4
vibes,3373,0.75,cluster_phonetic,4
vibes,3373,0.75,cluster_phonetic,4
vibes,3373,0.75,cluster_phonetic,4
vibes,3373,0.75,cluster_phonetic,4
vibes,3373,0.75,cluster_phonetic,4
wide,3374,0.75,cluster_phonetic,4
wipe,3375,0.75,cluster_phonetic,4
wise,3376,0.75,cluster_phonetic,4
abate,3377,0.75,cluster_phonetic,4
bate,3377,0.75,cluster_phonetic,4
debate,3377,0.75,cluster_phonetic,4
abdicate,3378,0.75,cluster_phonetic,4
communicate,3378,0.75,cluster_phonetic,4
dedicate,3378,0.75,cluster_phonetic,4
deprecate,3378,0.75,cluster_phonetic,4
educate,3378,0.75,cluster_phonetic,4
equivocate,3378,0.75,cluster_phonetic,4
eradicate,3378,0.75,cluster_phonetic,4
extricate,3378,0.75,cluster_phonetic,4
intoxicate,3378,0.75,cluster_phonetic,4
predicate,3378,0.75,cluster_phonetic,4
prognosticate,3378,0.75,cluster_phonetic,4
suffocate,3378,0.75,cluster_phonetic,4
abrogate,3379,0.75,cluster_phonetic,4
arrogate,3379,0.75,cluster_phonetic,4
castigate,3379,0.75,cluster_phonetic,4
congregate,3379,0.75,cluster_phonetic,4
congregate,3379,0.75,cluster_phonetic,4
delegate,3379,0.75,cluster_phonetic,4
instigate,3379,0.75,cluster_phonetic,4
investigate,3379,0.75,cluster_phonetic,4
mitigate,3379,0.75,cluster_phonetic,4
navigate,3379,0.75,cluster_phonetic,4
profligate,3379,0.75,cluster_phonetic,4
propagate,3379,0.75,cluster_phonetic,4
subjugate,3379,0.75,cluster_phonetic,4
abstain,3380,0.75,cluster_phonetic,4
attain,3380,0.75,cluster_phonetic,4
contain,3380,0.75,cluster_phonetic,4
contain,3380,0.75,cluster_phonetic,4
detain,3380,0.75,cluster_phonetic,4
entertain,3380,0.75,cluster_phonetic,4
maintain,3380,0.75,cluster_phonetic,4
obtain,3380,0.75,cluster_phonetic,4
pertain,3380,0.75,cluster_phonetic,4
retain,3380,0.75,cluster_phonetic,4
stain,3380,0.75,cluster_phonetic,4
stain,3380,0.75,cluster_phonetic,4
sustain,3380,0.75,cluster_phonetic,4
accelerate,3381,0.75,cluster_phonetic,4
adulterate,3381,0.75,cluster_phonetic,4
arbitrate,3381,0.75,cluster_phonetic,4
aspirate,3381,0.75,cluster_phonetic,4
celebrate,3381,0.75,cluster_phonetic,4
celebrate,3381,0.75,cluster_phonetic,4
celebrate,3381,0.75,cluster_phonetic,4
celebrate,3381,0.75,cluster_phonetic,4
celebrate,3381,0.75,cluster_phonetic,4
commemorate,3381,0.75,cluster_phonetic,4
consecrate,3381,0.75,cluster_phonetic,4
corroborate,3381,0.75,cluster_phonetic,4
emigrate,3381,0.75,cluster_phonetic,4
evaporate,3381,0.75,cluster_phonetic,4
exaggerate,3381,0.75,cluster_phonetic,4
exasperate,3381,0.75,cluster_phonetic,4
frustrate,3381,0.75,cluster_phonetic,4
generate,3381,0.75,cluster_phonetic,4
magistrate,3381,0.75,cluster_phonetic,4
migrate,3381,0.75,cluster_phonetic,4
migrate,3381,0.75,cluster_phonetic,4
migrate,3381,0.75,cluster_phonetic,4
migrate,3381,0.75,cluster_phonetic,4
migrate,3381,0.75,cluster_phonetic,4
narrate,3381,0.75,cluster_phonetic,4
penetrate,3381,0.75,cluster_phonetic,4
perforate,3381,0.75,cluster_phonetic,4
perpetrate,3381,0.75,cluster_phonetic,4
regenerate,3381,0.75,cluster_phonetic,4
reiterate,3381,0.75,cluster_phonetic,4
separate,3381,0.75,cluster_phonetic,4
tolerate,3381,0.75,cluster_phonetic,4
accentuate,3382,0.75,cluster_phonetic,4
acclaim,3383,0.75,cluster_phonetic,4
claim,3383,0.75,cluster_phonetic,4
declaim,3383,0.75,cluster_phonetic,4
disclaim,3383,0.75,cluster_phonetic,4
exclaim,3383,0.75,cluster_phonetic,4
exclaim,3383,0.75,cluster_phonetic,4
proclaim,3383,0.75,cluster_phonetic,4
reclaim,3383,0.75,cluster_phonetic,4
accolade,3384,0.75,cluster_phonetic,4
marmalade,3384,0.75,cluster_phonetic,4
accommodate,3385,0.75,cluster_phonetic,4
intimidate,3385,0.75,cluster_phonetic,4
inundate,3385,0.75,cluster_phonetic,4
invalidate,3385,0.75,cluster_phonetic,4
accumulate,3386,0.75,cluster_phonetic,4
annihilate,3386,0.75,cluster_phonetic,4
articulate,3386,0.75,cluster_phonetic,4
calculate,3386,0.75,cluster_phonetic,4
calculate,3386,0.75,cluster_phonetic,4
circulate,3386,0.75,cluster_phonetic,4
coagulate,3386,0.75,cluster_phonetic,4
congratulate,3386,0.75,cluster_phonetic,4
contemplate,3386,0.75,cluster_phonetic,4
depopulate,3386,0.75,cluster_phonetic,4
emulate,3386,0.75,cluster_phonetic,4
formulate,3386,0.75,cluster_phonetic,4
immolate,3386,0.75,cluster_phonetic,4
oscillate,3386,0.75,cluster_phonetic,4
regulate,3386,0.75,cluster_phonetic,4
stipulate,3386,0.75,cluster_phonetic,4
ache,3387,0.75,cluster_phonetic,4
afraid,3388,0.75,cluster_phonetic,4
braid,3388,0.75,cluster_phonetic,4
raid,3388,0.75,cluster_phonetic,4
raid,3388,0.75,cluster_phonetic,4
age,3389,0.75,cluster_phonetic,4
aid,3390,0.75,cluster_phonetic,4
aim,3391,0.75,cluster_phonetic,4
ale,3392,0.75,cluster_phonetic,4
ale,3392,0.75,cluster_phonetic,4
alienate,3393,0.75,cluster_phonetic,4
assassinate,3393,0.75,cluster_phonetic,4
contaminate,3393,0.75,cluster_phonetic,4
denominate,3393,0.75,cluster_phonetic,4
discriminate,3393,0.75,cluster_phonetic,4
exterminate,3393,0.75,cluster_phonetic,4
hibernate,3393,0.75,cluster_phonetic,4
predominate,3393,0.75,cluster_phonetic,4
procrastinate,3393,0.75,cluster_phonetic,4
resonate,3393,0.75,cluster_phonetic,4
ruminate,3393,0.75,cluster_phonetic,4
subordinate,3393,0.75,cluster_phonetic,4
terminate,3393,0.75,cluster_phonetic,4
allay,3394,0.75,cluster_phonetic,4
anticipate,3395,0.75,cluster_phonetic,4
dissipate,3395,0.75,cluster_phonetic,4
emancipate,3395,0.75,cluster_phonetic,4
participate,3395,0.75,cluster_phonetic,4
ape,3396,0.75,cluster_phonetic,4
apes,3397,0.75,cluster_phonetic,4
apes,3397,0.75,cluster_phonetic,4
apes,3397,0.75,cluster_phonetic,4
apes,3397,0.75,cluster_phonetic,4
apes,3397,0.75,cluster_phonetic,4
capes,3397,0.75,cluster_phonetic,4
apostate,3398,0.75,cluster_phonetic,4
arcade,3399,0.75,cluster_phonetic,4
arcade,3399,0.75,cluster_phonetic,4
brocade,3399,0.75,cluster_phonetic,4
cade,3399,0.75,cluster_phonetic,4
cascade,3399,0.75,cluster_phonetic,4
decade,3399,0.75,cluster_phonetic,4
architrave,3400,0.75,cluster_phonetic,4
margrave,3400,0.75,cluster_phonetic,4
arraign,3401,0.75,cluster_phonetic,4
campaign,3401,0.75,cluster_phonetic,4
array,3402,0.75,cluster_phonetic,4
array,3402,0.75,cluster_phonetic,4
disarray,3402,0.75,cluster_phonetic,4
disarray,3402,0.75,cluster_phonetic,4
asay,3403,0.75,cluster_phonetic,4
assail,3404,0.75,cluster_phonetic,4
assail,3404,0.75,cluster_phonetic,4
sail,3404,0.75,cluster_phonetic,4
sail,3404,0.75,cluster_phonetic,4
assuage,3405,0.75,cluster_phonetic,4
astray,3406,0.75,cluster_phonetic,4
betray,3406,0.75,cluster_phonetic,4
betray,3406,0.75,cluster_phonetic,4
portray,3406,0.75,cluster_phonetic,4
stray,3406,0.75,cluster_phonetic,4
stray,3406,0.75,cluster_phonetic,4
ate,3407,0.75,cluster_phonetic,4
ate,3407,0.75,cluster_phonetic,4
ate,3407,0.75,cluster_phonetic,4
ate,3407,0.75,cluster_phonetic,4
ate,3407,0.75,cluster_phonetic,4
avail,3408,0.75,cluster_phonetic,4
avail,3408,0.75,cluster_phonetic,4
prevail,3408,0.75,cluster_phonetic,4
prevail,3408,0.75,cluster_phonetic,4
bade,3409,0.75,cluster_phonetic,4
bail,3410,0.75,cluster_phonetic,4
bait,3411,0.75,cluster_phonetic,4
bake,3412,0.75,cluster_phonetic,4
baked,3413,0.75,cluster_phonetic,4
raked,3413,0.75,cluster_phonetic,4
bale,3414,0.75,cluster_phonetic,4
bale,3414,0.75,cluster_phonetic,4
ballet,3415,0.75,cluster_phonetic,4
ballet,3415,0.75,cluster_phonetic,4
bane,3416,0.75,cluster_phonetic,4
barricade,3417,0.75,cluster_phonetic,4
cavalcade,3417,0.75,cluster_phonetic,4
base,3418,0.75,cluster_phonetic,4
debase,3418,0.75,cluster_phonetic,4
bathe,3419,0.75,cluster_phonetic,4
became,3420,0.75,cluster_phonetic,4
came,3420,0.75,cluster_phonetic,4
came,3420,0.75,cluster_phonetic,4
came,3420,0.75,cluster_phonetic,4
came,3420,0.75,cluster_phonetic,4
came,3420,0.75,cluster_phonetic,4
overcame,3420,0.75,cluster_phonetic,4
birthplace,3421,0.75,cluster_phonetic,4
blackmail,3422,0.75,cluster_phonetic,4
blackmail,3422,0.75,cluster_phonetic,4
blockade,3423,0.75,cluster_phonetic,4
blockade,3423,0.75,cluster_phonetic,4
bray,3424,0.75,cluster_phonetic,4
brigade,3425,0.75,cluster_phonetic,4
cabriolet,3426,0.75,cluster_phonetic,4
cage,3427,0.75,cluster_phonetic,4
candidate,3428,0.75,cluster_phonetic,4
arcane,3429,0.75,cluster_phonetic,4
cane,3429,0.75,cluster_phonetic,4
cave,3430,0.75,cluster_phonetic,4
cave,3430,0.75,cluster_phonetic,4
centigrade,3431,0.75,cluster_phonetic,4
retrograde,3431,0.75,cluster_phonetic,4
retrograde,3431,0.75,cluster_phonetic,4
chafe,3432,0.75,cluster_phonetic,4
chain,3433,0.75,cluster_phonetic,4
chain,3433,0.75,cluster_phonetic,4
chain,3433,0.75,cluster_phonetic,4
chain,3433,0.75,cluster_phonetic,4
chain,3433,0.75,cluster_phonetic,4
clay,3434,0.75,cluster_phonetic,4
convey,3435,0.75,cluster_phonetic,4
convey,3435,0.75,cluster_phonetic,4
countervail,3436,0.75,cluster_phonetic,4
countervail,3436,0.75,cluster_phonetic,4
crane,3437,0.75,cluster_phonetic,4
create,3438,0.75,cluster_phonetic,4
cremate,3439,0.75,cluster_phonetic,4
crusade,3440,0.75,cluster_phonetic,4
palisade,3440,0.75,cluster_phonetic,4
curtail,3441,0.75,cluster_phonetic,4
detail,3441,0.75,cluster_phonetic,4
entail,3441,0.75,cluster_phonetic,4
entail,3441,0.75,cluster_phonetic,4
tail,3441,0.75,cluster_phonetic,4
tail,3441,0.75,cluster_phonetic,4
tail,3441,0.75,cluster_phonetic,4
tail,3441,0.75,cluster_phonetic,4
tail,3441,0.75,cluster_phonetic,4
dace,3442,0.75,cluster_phonetic,4
dais,3443,0.75,cluster_phonetic,4
dais,3443,0.75,cluster_phonetic,4
dale,3444,0.75,cluster_phonetic,4
dame,3445,0.75,cluster_phonetic,4
daze,3446,0.75,cluster_phonetic,4
daze,3446,0.75,cluster_phonetic,4
decay,3447,0.75,cluster_phonetic,4
defray,3448,0.75,cluster_phonetic,4
fray,3448,0.75,cluster_phonetic,4
fray,3448,0.75,cluster_phonetic,4
deign,3449,0.75,cluster_phonetic,4
feign,3449,0.75,cluster_phonetic,4
feign,3449,0.75,cluster_phonetic,4
reign,3449,0.75,cluster_phonetic,4
delay,3450,0.75,cluster_phonetic,4
delay,3450,0.75,cluster_phonetic,4
delay,3450,0.75,cluster_phonetic,4
delay,3450,0.75,cluster_phonetic,4
delay,3450,0.75,cluster_phonetic,4
demesne,3451,0.75,cluster_phonetic,4
disdain,3452,0.75,cluster_phonetic,4
disdain,3452,0.75,cluster_phonetic,4
ordain,3452,0.75,cluster_phonetic,4
disengage,3453,0.75,cluster_phonetic,4
engage,3453,0.75,cluster_phonetic,4
gage,3453,0.75,cluster_phonetic,4
dislocate,3454,0.75,cluster_phonetic,4
prevaricate,3454,0.75,cluster_phonetic,4
vindicate,3454,0.75,cluster_phonetic,4
dismay,3455,0.75,cluster_phonetic,4
dissuade,3456,0.75,cluster_phonetic,4
persuade,3456,0.75,cluster_phonetic,4
drape,3457,0.75,cluster_phonetic,4
grape,3457,0.75,cluster_phonetic,4
rape,3457,0.75,cluster_phonetic,4
scrape,3457,0.75,cluster_phonetic,4
scrape,3457,0.75,cluster_phonetic,4
dray,3458,0.75,cluster_phonetic,4
ebay,3459,0.75,cluster_phonetic,4
ebay,3459,0.75,cluster_phonetic,4
ebay,3459,0.75,cluster_phonetic,4
ebay,3459,0.75,cluster_phonetic,4
ebay,3459,0.75,cluster_phonetic,4
enrage,3460,0.75,cluster_phonetic,4
rage,3460,0.75,cluster_phonetic,4
entre,3461,0.75,cluster_phonetic,4
evade,3462,0.75,cluster_phonetic,4
invade,3462,0.75,cluster_phonetic,4
pervade,3462,0.75,cluster_phonetic,4
exhale,3463,0.75,cluster_phonetic,4
exhale,3463,0.75,cluster_phonetic,4
hale,3463,0.75,cluster_phonetic,4
hale,3463,0.75,cluster_phonetic,4
shale,3463,0.75,cluster_phonetic,4
whale,3463,0.75,cluster_phonetic,4
fain,3464,0.75,cluster_phonetic,4
faith,3465,0.75,cluster_phonetic,4
fane,3466,0.75,cluster_phonetic,4
profane,3466,0.75,cluster_phonetic,4
farthingale,3467,0.75,cluster_phonetic,4
farthingale,3467,0.75,cluster_phonetic,4
fay,3468,0.75,cluster_phonetic,4
feint,3469,0.75,cluster_phonetic,4
female,3470,0.75,cluster_phonetic,4
flail,3471,0.75,cluster_phonetic,4
flail,3471,0.75,cluster_phonetic,4
flay,3472,0.75,cluster_phonetic,4
flay,3472,0.75,cluster_phonetic,4
forgave,3473,0.75,cluster_phonetic,4
gave,3473,0.75,cluster_phonetic,4
frail,3474,0.75,cluster_phonetic,4
frail,3474,0.75,cluster_phonetic,4
grail,3474,0.75,cluster_phonetic,4
grail,3474,0.75,cluster_phonetic,4
rail,3474,0.75,cluster_phonetic,4
rail,3474,0.75,cluster_phonetic,4
trail,3474,0.75,cluster_phonetic,4
trail,3474,0.75,cluster_phonetic,4
frame,3475,0.75,cluster_phonetic,4
gait,3476,0.75,cluster_phonetic,4
gait,3476,0.75,cluster_phonetic,4
gale,3477,0.75,cluster_phonetic,4
gale,3477,0.75,cluster_phonetic,4
regale,3477,0.75,cluster_phonetic,4
regale,3477,0.75,cluster_phonetic,4
gauge,3478,0.75,cluster_phonetic,4
gaze,3479,0.75,cluster_phonetic,4
grate,3480,0.75,cluster_phonetic,4
grate,3480,0.75,cluster_phonetic,4
irate,3480,0.75,cluster_phonetic,4
rate,3480,0.75,cluster_phonetic,4
graze,3481,0.75,cluster_phonetic,4
grey,3482,0.75,cluster_phonetic,4
hail,3483,0.75,cluster_phonetic,4
hail,3483,0.75,cluster_phonetic,4
henbane,3484,0.75,cluster_phonetic,4
horseplay,3485,0.75,cluster_phonetic,4
impale,3486,0.75,cluster_phonetic,4
impale,3486,0.75,cluster_phonetic,4
pale,3486,0.75,cluster_phonetic,4
initiate,3487,0.75,cluster_phonetic,4
inlay,3488,0.75,cluster_phonetic,4
innate,3489,0.75,cluster_phonetic,4
recriminate,3489,0.75,cluster_phonetic,4
jade,3490,0.75,cluster_phonetic,4
keepsake,3491,0.75,cluster_phonetic,4
namesake,3491,0.75,cluster_phonetic,4
knave,3492,0.75,cluster_phonetic,4
nave,3492,0.75,cluster_phonetic,4
nave,3492,0.75,cluster_phonetic,4
laced,3493,0.75,cluster_phonetic,4
placed,3493,0.75,cluster_phonetic,4
replaced,3493,0.75,cluster_phonetic,4
replaced,3493,0.75,cluster_phonetic,4
replaced,3493,0.75,cluster_phonetic,4
replaced,3493,0.75,cluster_phonetic,4
replaced,3493,0.75,cluster_phonetic,4
lays,3494,0.75,cluster_phonetic,4
lays,3494,0.75,cluster_phonetic,4
lays,3494,0.75,cluster_phonetic,4
lays,3494,0.75,cluster_phonetic,4
lays,3494,0.75,cluster_phonetic,4
plays,3494,0.75,cluster_phonetic,4
plays,3494,0.75,cluster_phonetic,4
plays,3494,0.75,cluster_phonetic,4
plays,3494,0.75,cluster_phonetic,4
plays,3494,0.75,cluster_phonetic,4
mace,3495,0.75,cluster_phonetic,4
made,3496,0.75,cluster_phonetic,4
made,3496,0.75,cluster_phonetic,4
made,3496,0.75,cluster_phonetic,4
made,3496,0.75,cluster_phonetic,4
made,3496,0.75,cluster_phonetic,4
maid,3497,0.75,cluster_phonetic,4
mail,3498,0.75,cluster_phonetic,4
mail,3498,0.75,cluster_phonetic,4
mail,3498,0.75,cluster_phonetic,4
mail,3498,0.75,cluster_phonetic,4
mail,3498,0.75,cluster_phonetic,4
maim,3499,0.75,cluster_phonetic,4
male,3500,0.75,cluster_phonetic,4
male,3500,0.75,cluster_phonetic,4
mandrake,3501,0.75,cluster_phonetic,4
matriculate,3502,0.75,cluster_phonetic,4
violate,3502,0.75,cluster_phonetic,4
may,3503,0.75,cluster_phonetic,4
maze,3504,0.75,cluster_phonetic,4
nail,3505,0.75,cluster_phonetic,4
snail,3505,0.75,cluster_phonetic,4
nay,3506,0.75,cluster_phonetic,4
neigh,3507,0.75,cluster_phonetic,4
weigh,3507,0.75,cluster_phonetic,4
nickname,3508,0.75,cluster_phonetic,4
surname,3508,0.75,cluster_phonetic,4
nightingale,3509,0.75,cluster_phonetic,4
nightingale,3509,0.75,cluster_phonetic,4
obeyed,3510,0.75,cluster_phonetic,4
preyed,3510,0.75,cluster_phonetic,4
cyberspace,3511,0.75,cluster_phonetic,4
outpace,3511,0.75,cluster_phonetic,4
overtake,3512,0.75,cluster_phonetic,4
undertake,3512,0.75,cluster_phonetic,4
page,3513,0.75,cluster_phonetic,4
pail,3514,0.75,cluster_phonetic,4
pail,3514,0.75,cluster_phonetic,4
pane,3515,0.75,cluster_phonetic,4
paraphrase,3516,0.75,cluster_phonetic,4
pate,3517,0.75,cluster_phonetic,4
pave,3518,0.75,cluster_phonetic,4
phrase,3519,0.75,cluster_phonetic,4
betrayed,3520,0.75,cluster_phonetic,4
played,3520,0.75,cluster_phonetic,4
played,3520,0.75,cluster_phonetic,4
played,3520,0.75,cluster_phonetic,4
played,3520,0.75,cluster_phonetic,4
played,3520,0.75,cluster_phonetic,4
praise,3521,0.75,cluster_phonetic,4
prey,3522,0.75,cluster_phonetic,4
prostrate,3523,0.75,cluster_phonetic,4
purvey,3524,0.75,cluster_phonetic,4
survey,3524,0.75,cluster_phonetic,4
quail,3525,0.75,cluster_phonetic,4
quail,3525,0.75,cluster_phonetic,4
quake,3526,0.75,cluster_phonetic,4
rebate,3527,0.75,cluster_phonetic,4
rein,3528,0.75,cluster_phonetic,4
relay,3529,0.75,cluster_phonetic,4
renegade,3530,0.75,cluster_phonetic,4
reprobate,3531,0.75,cluster_phonetic,4
retail,3532,0.75,cluster_phonetic,4
retail,3532,0.75,cluster_phonetic,4
getaway,3533,0.75,cluster_phonetic,4
runaway,3533,0.75,cluster_phonetic,4
stowaway,3533,0.75,cluster_phonetic,4
sage,3534,0.75,cluster_phonetic,4
sage,3534,0.75,cluster_phonetic,4
sate,3535,0.75,cluster_phonetic,4
save,3536,0.75,cluster_phonetic,4
saved,3537,0.75,cluster_phonetic,4
saved,3537,0.75,cluster_phonetic,4
saved,3537,0.75,cluster_phonetic,4
saved,3537,0.75,cluster_phonetic,4
saved,3537,0.75,cluster_phonetic,4
scale,3538,0.75,cluster_phonetic,4
scale,3538,0.75,cluster_phonetic,4
scale,3538,0.75,cluster_phonetic,4
scale,3538,0.75,cluster_phonetic,4
scale,3538,0.75,cluster_phonetic,4
shape,3539,0.75,cluster_phonetic,4
skein,3540,0.75,cluster_phonetic,4
snowflake,3541,0.75,cluster_phonetic,4
spade,3542,0.75,cluster_phonetic,4
spade,3542,0.75,cluster_phonetic,4
spade,3542,0.75,cluster_phonetic,4
spade,3542,0.75,cluster_phonetic,4
spade,3542,0.75,cluster_phonetic,4
spake,3543,0.75,cluster_phonetic,4
stale,3544,0.75,cluster_phonetic,4
tale,3544,0.75,cluster_phonetic,4
tale,3544,0.75,cluster_phonetic,4
stave,3545,0.75,cluster_phonetic,4
strait,3546,0.75,cluster_phonetic,4
trait,3546,0.75,cluster_phonetic,4
subway,3547,0.75,cluster_phonetic,4
swain,3548,0.75,cluster_phonetic,4
twain,3548,0.75,cluster_phonetic,4
wain,3548,0.75,cluster_phonetic,4
sway,3549,0.75,cluster_phonetic,4
tame,3550,0.75,cluster_phonetic,4
thane,3551,0.75,cluster_phonetic,4
upbraid,3552,0.75,cluster_phonetic,4
vague,3553,0.75,cluster_phonetic,4
vain,3554,0.75,cluster_phonetic,4
vale,3555,0.75,cluster_phonetic,4
vale,3555,0.75,cluster_phonetic,4
vane,3556,0.75,cluster_phonetic,4
unveil,3557,0.75,cluster_phonetic,4
veil,3557,0.75,cluster_phonetic,4
veil,3557,0.75,cluster_phonetic,4
vein,3558,0.75,cluster_phonetic,4
waif,3559,0.75,cluster_phonetic,4
wail,3560,0.75,cluster_phonetic,4
wail,3560,0.75,cluster_phonetic,4
wale,3561,0.75,cluster_phonetic,4
wane,3562,0.75,cluster_phonetic,4
wane,3562,0.75,cluster_phonetic,4
wayne,3563,0.75,cluster_phonetic,4
wayne,3563,0.75,cluster_phonetic,4
wayne,3563,0.75,cluster_phonetic,4
wayne,3563,0.75,cluster_phonetic,4
wayne,3563,0.75,cluster_phonetic,4
whey,3564,0.75,cluster_phonetic,4
wholesale,3565,0.75,cluster_phonetic,4
wholesale,3565,0.75,cluster_phonetic,4
wray,3566,0.75,cluster_phonetic,4
wray,3566,0.75,cluster_phonetic,4
wray,3566,0.75,cluster_phonetic,4
wray,3566,0.75,cluster_phonetic,4
wray,3566,0.75,cluster_phonetic,4
yesterday,3567,0.75,cluster_phonetic,4
yesterday,3567,0.75,cluster_phonetic,4
yesterday,3567,0.75,cluster_phonetic,4
yesterday,3567,0.75,cluster_phonetic,4
yesterday,3567,0.75,cluster_phonetic,4
abed,3568,0.75,cluster_phonetic,4
abet,3569,0.75,cluster_phonetic,4
abreast,3570,0.75,cluster_phonetic,4
breast,3570,0.75,cluster_phonetic,4
abscess,3571,0.75,cluster_phonetic,4
access,3571,0.75,cluster_phonetic,4
excess,3571,0.75,cluster_phonetic,4
accent,3572,0.75,cluster_phonetic,4
accent,3572,0.75,cluster_phonetic,4
accent,3572,0.75,cluster_phonetic,4
accent,3572,0.75,cluster_phonetic,4
accent,3572,0.75,cluster_phonetic,4
ascent,3572,0.75,cluster_phonetic,4
descent,3572,0.75,cluster_phonetic,4
descent,3572,0.75,cluster_phonetic,4
scent,3572,0.75,cluster_phonetic,4
acquiesce,3573,0.75,cluster_phonetic,4
coalesce,3573,0.75,cluster_phonetic,4
coalesce,3573,0.75,cluster_phonetic,4
address,3574,0.75,cluster_phonetic,4
adept,3575,0.75,cluster_phonetic,4
admonishment,3576,0.75,cluster_phonetic,4
compliment,3576,0.75,cluster_phonetic,4
document,3576,0.75,cluster_phonetic,4
foment,3576,0.75,cluster_phonetic,4
allege,3577,0.75,cluster_phonetic,4
amen,3578,0.75,cluster_phonetic,4
amend,3579,0.75,cluster_phonetic,4
commend,3579,0.75,cluster_phonetic,4
recommend,3579,0.75,cluster_phonetic,4
annex,3580,0.75,cluster_phonetic,4
apex,3581,0.75,cluster_phonetic,4
apex,3581,0.75,cluster_phonetic,4
apprehend,3582,0.75,cluster_phonetic,4
comprehend,3582,0.75,cluster_phonetic,4
architect,3583,0.75,cluster_phonetic,4
architect,3583,0.75,cluster_phonetic,4
armchair,3584,0.75,cluster_phonetic,4
armchair,3584,0.75,cluster_phonetic,4
ascend,3585,0.75,cluster_phonetic,4
condescend,3585,0.75,cluster_phonetic,4
descend,3585,0.75,cluster_phonetic,4
transcend,3585,0.75,cluster_phonetic,4
aspect,3586,0.75,cluster_phonetic,4
circumspect,3586,0.75,cluster_phonetic,4
retrospect,3586,0.75,cluster_phonetic,4
assent,3587,0.75,cluster_phonetic,4
consent,3587,0.75,cluster_phonetic,4
dissent,3587,0.75,cluster_phonetic,4
represent,3587,0.75,cluster_phonetic,4
resent,3587,0.75,cluster_phonetic,4
sent,3587,0.75,cluster_phonetic,4
assess,3588,0.75,cluster_phonetic,4
possess,3588,0.75,cluster_phonetic,4
attempt,3589,0.75,cluster_phonetic,4
attempt,3589,0.75,cluster_phonetic,4
contempt,3589,0.75,cluster_phonetic,4
exempt,3589,0.75,cluster_phonetic,4
tempt,3589,0.75,cluster_phonetic,4
unkempt,3589,0.75,cluster_phonetic,4
attest,3590,0.75,cluster_phonetic,4
detest,3590,0.75,cluster_phonetic,4
test,3590,0.75,cluster_phonetic,4
augment,3591,0.75,cluster_phonetic,4
cement,3591,0.75,cluster_phonetic,4
ferment,3591,0.75,cluster_phonetic,4
ferment,3591,0.75,cluster_phonetic,4
lament,3591,0.75,cluster_phonetic,4
avenge,3592,0.75,cluster_phonetic,4
revenge,3592,0.75,cluster_phonetic,4
aware,3593,0.75,cluster_phonetic,4
aware,3593,0.75,cluster_phonetic,4
aware,3593,0.75,cluster_phonetic,4
aware,3593,0.75,cluster_phonetic,4
aware,3593,0.75,cluster_phonetic,4
beware,3593,0.75,cluster_phonetic,4
beware,3593,0.75,cluster_phonetic,4
ware,3593,0.75,cluster_phonetic,4
bare,3594,0.75,cluster_phonetic,4
bare,3594,0.75,cluster_phonetic,4
bashfulness,3595,0.75,cluster_phonetic,4
bayonet,3596,0.75,cluster_phonetic,4
bear,3597,0.75,cluster_phonetic,4
beck,3598,0.75,cluster_phonetic,4
befell,3599,0.75,cluster_phonetic,4
fell,3599,0.75,cluster_phonetic,4
beg,3600,0.75,cluster_phonetic,4
beget,3601,0.75,cluster_phonetic,4
beheld,3602,0.75,cluster_phonetic,4
held,3602,0.75,cluster_phonetic,4
held,3602,0.75,cluster_phonetic,4
upheld,3602,0.75,cluster_phonetic,4
withheld,3602,0.75,cluster_phonetic,4
bell,3603,0.75,cluster_phonetic,4
bell,3603,0.75,cluster_phonetic,4
bell,3603,0.75,cluster_phonetic,4
bell,3603,0.75,cluster_phonetic,4
bell,3603,0.75,cluster_phonetic,4
belle,3604,0.75,cluster_phonetic,4
gazelle,3604,0.75,cluster_phonetic,4
belt,3605,0.75,cluster_phonetic,4
belt,3605,0.75,cluster_phonetic,4
bent,3606,0.75,cluster_phonetic,4
bequest,3607,0.75,cluster_phonetic,4
guest,3607,0.75,cluster_phonetic,4
guest,3607,0.75,cluster_phonetic,4
quest,3607,0.75,cluster_phonetic,4
request,3607,0.75,cluster_phonetic,4
bereft,3608,0.75,cluster_phonetic,4
beset,3609,0.75,cluster_phonetic,4
bet,3610,0.75,cluster_phonetic,4
bled,3611,0.75,cluster_phonetic,4
brunette,3612,0.75,cluster_phonetic,4
cigarette,3612,0.75,cluster_phonetic,4
gazette,3612,0.75,cluster_phonetic,4
piquette,3612,0.75,cluster_phonetic,4
rosette,3612,0.75,cluster_phonetic,4
roulette,3612,0.75,cluster_phonetic,4
vignette,3612,0.75,cluster_phonetic,4
burlesque,3613,0.75,cluster_phonetic,4
grotesque,3613,0.75,cluster_phonetic,4
cadet,3614,0.75,cluster_phonetic,4
chef,3615,0.75,cluster_phonetic,4
chess,3616,0.75,cluster_phonetic,4
circumvent,3617,0.75,cluster_phonetic,4
invent,3617,0.75,cluster_phonetic,4
prevent,3617,0.75,cluster_phonetic,4
vent,3617,0.75,cluster_phonetic,4
citadel,3618,0.75,cluster_phonetic,4
cleanse,3619,0.75,cluster_phonetic,4
cleanse,3619,0.75,cluster_phonetic,4
clef,3620,0.75,cluster_phonetic,4
collect,3621,0.75,cluster_phonetic,4
elect,3621,0.75,cluster_phonetic,4
neglect,3621,0.75,cluster_phonetic,4
recollect,3621,0.75,cluster_phonetic,4
reflect,3621,0.75,cluster_phonetic,4
select,3621,0.75,cluster_phonetic,4
commence,3622,0.75,cluster_phonetic,4
defence,3622,0.75,cluster_phonetic,4
pence,3622,0.75,cluster_phonetic,4
thence,3622,0.75,cluster_phonetic,4
whence,3622,0.75,cluster_phonetic,4
commonwealth,3623,0.75,cluster_phonetic,4
compare,3624,0.75,cluster_phonetic,4
pare,3624,0.75,cluster_phonetic,4
prepare,3624,0.75,cluster_phonetic,4
spare,3624,0.75,cluster_phonetic,4
compel,3625,0.75,cluster_phonetic,4
impel,3625,0.75,cluster_phonetic,4
impel,3625,0.75,cluster_phonetic,4
complex,3626,0.75,cluster_phonetic,4
complex,3626,0.75,cluster_phonetic,4
compress,3627,0.75,cluster_phonetic,4
duress,3627,0.75,cluster_phonetic,4
condemn,3628,0.75,cluster_phonetic,4
contemn,3629,0.75,cluster_phonetic,4
content,3630,0.75,cluster_phonetic,4
portent,3630,0.75,cluster_phonetic,4
convex,3631,0.75,cluster_phonetic,4
coronet,3632,0.75,cluster_phonetic,4
cortege,3633,0.75,cluster_phonetic,4
crept,3634,0.75,cluster_phonetic,4
deaf,3635,0.75,cluster_phonetic,4
dealt,3636,0.75,cluster_phonetic,4
debt,3637,0.75,cluster_phonetic,4
deck,3638,0.75,cluster_phonetic,4
declare,3639,0.75,cluster_phonetic,4
flare,3639,0.75,cluster_phonetic,4
glare,3639,0.75,cluster_phonetic,4
glare,3639,0.75,cluster_phonetic,4
defend,3640,0.75,cluster_phonetic,4
offend,3640,0.75,cluster_phonetic,4
deject,3641,0.75,cluster_phonetic,4
eject,3641,0.75,cluster_phonetic,4
reject,3641,0.75,cluster_phonetic,4
subject,3641,0.75,cluster_phonetic,4
delve,3642,0.75,cluster_phonetic,4
shelve,3642,0.75,cluster_phonetic,4
twelve,3642,0.75,cluster_phonetic,4
den,3643,0.75,cluster_phonetic,4
dens,3644,0.75,cluster_phonetic,4
desk,3645,0.75,cluster_phonetic,4
despair,3646,0.75,cluster_phonetic,4
despair,3646,0.75,cluster_phonetic,4
impair,3646,0.75,cluster_phonetic,4
pair,3646,0.75,cluster_phonetic,4
repair,3646,0.75,cluster_phonetic,4
detect,3647,0.75,cluster_phonetic,4
protect,3647,0.75,cluster_phonetic,4
diadem,3648,0.75,cluster_phonetic,4
digest,3649,0.75,cluster_phonetic,4
digest,3649,0.75,cluster_phonetic,4
suggest,3649,0.75,cluster_phonetic,4
discontent,3650,0.75,cluster_phonetic,4
extent,3650,0.75,cluster_phonetic,4
intent,3650,0.75,cluster_phonetic,4
malcontent,3650,0.75,cluster_phonetic,4
tent,3650,0.75,cluster_phonetic,4
tent,3650,0.75,cluster_phonetic,4
dispel,3651,0.75,cluster_phonetic,4
dissect,3652,0.75,cluster_phonetic,4
dissect,3652,0.75,cluster_phonetic,4
sect,3652,0.75,cluster_phonetic,4
divest,3653,0.75,cluster_phonetic,4
invest,3653,0.75,cluster_phonetic,4
vest,3653,0.75,cluster_phonetic,4
dividend,3654,0.75,cluster_phonetic,4
dreamt,3655,0.75,cluster_phonetic,4
dwelt,3656,0.75,cluster_phonetic,4
edge,3657,0.75,cluster_phonetic,4
edge,3657,0.75,cluster_phonetic,4
fledge,3657,0.75,cluster_phonetic,4
hedge,3657,0.75,cluster_phonetic,4
ledge,3657,0.75,cluster_phonetic,4
pledge,3657,0.75,cluster_phonetic,4
sedge,3657,0.75,cluster_phonetic,4
wedge,3657,0.75,cluster_phonetic,4
ell,3658,0.75,cluster_phonetic,4
elm,3659,0.75,cluster_phonetic,4
ensnare,3660,0.75,cluster_phonetic,4
snare,3660,0.75,cluster_phonetic,4
epithet,3661,0.75,cluster_phonetic,4
ere,3662,0.75,cluster_phonetic,4
err,3663,0.75,cluster_phonetic,4
etch,3664,0.75,cluster_phonetic,4
fetch,3664,0.75,cluster_phonetic,4
sketch,3664,0.75,cluster_phonetic,4
sketch,3664,0.75,cluster_phonetic,4
stretch,3664,0.75,cluster_phonetic,4
wretch,3664,0.75,cluster_phonetic,4
excel,3665,0.75,cluster_phonetic,4
except,3666,0.75,cluster_phonetic,4
intercept,3666,0.75,cluster_phonetic,4
expel,3667,0.75,cluster_phonetic,4
expel,3667,0.75,cluster_phonetic,4
fare,3668,0.75,cluster_phonetic,4
fare,3668,0.75,cluster_phonetic,4
fed,3669,0.75,cluster_phonetic,4
felt,3670,0.75,cluster_phonetic,4
fen,3671,0.75,cluster_phonetic,4
fleck,3672,0.75,cluster_phonetic,4
fled,3673,0.75,cluster_phonetic,4
flesh,3674,0.75,cluster_phonetic,4
frankincense,3675,0.75,cluster_phonetic,4
recompense,3675,0.75,cluster_phonetic,4
fret,3676,0.75,cluster_phonetic,4
gare,3677,0.75,cluster_phonetic,4
gem,3678,0.75,cluster_phonetic,4
girlfriend,3679,0.75,cluster_phonetic,4
girlfriend,3679,0.75,cluster_phonetic,4
girlfriend,3679,0.75,cluster_phonetic,4
girlfriend,3679,0.75,cluster_phonetic,4
girlfriend,3679,0.75,cluster_phonetic,4
guess,3680,0.75,cluster_phonetic,4
hare,3681,0.75,cluster_phonetic,4
share,3681,0.75,cluster_phonetic,4
share,3681,0.75,cluster_phonetic,4
share,3681,0.75,cluster_phonetic,4
share,3681,0.75,cluster_phonetic,4
share,3681,0.75,cluster_phonetic,4
health,3682,0.75,cluster_phonetic,4
stealth,3682,0.75,cluster_phonetic,4
stealth,3682,0.75,cluster_phonetic,4
wealth,3682,0.75,cluster_phonetic,4
heir,3683,0.75,cluster_phonetic,4
heir,3683,0.75,cluster_phonetic,4
helm,3684,0.75,cluster_phonetic,4
overwhelm,3684,0.75,cluster_phonetic,4
hem,3685,0.75,cluster_phonetic,4
hen,3686,0.75,cluster_phonetic,4
homestead,3687,0.75,cluster_phonetic,4
hotel,3688,0.75,cluster_phonetic,4
indent,3689,0.75,cluster_phonetic,4
index,3690,0.75,cluster_phonetic,4
infest,3691,0.75,cluster_phonetic,4
infidel,3692,0.75,cluster_phonetic,4
inquest,3693,0.75,cluster_phonetic,4
intellect,3694,0.75,cluster_phonetic,4
jest,3695,0.75,cluster_phonetic,4
jest,3695,0.75,cluster_phonetic,4
keg,3696,0.75,cluster_phonetic,4
ken,3697,0.75,cluster_phonetic,4
kept,3698,0.75,cluster_phonetic,4
kept,3698,0.75,cluster_phonetic,4
knell,3699,0.75,cluster_phonetic,4
knell,3699,0.75,cluster_phonetic,4
flair,3700,0.75,cluster_phonetic,4
lair,3700,0.75,cluster_phonetic,4
lair,3700,0.75,cluster_phonetic,4
lead,3701,0.75,cluster_phonetic,4
leg,3702,0.75,cluster_phonetic,4
length,3703,0.75,cluster_phonetic,4
strength,3703,0.75,cluster_phonetic,4
lent,3704,0.75,cluster_phonetic,4
relent,3704,0.75,cluster_phonetic,4
lest,3705,0.75,cluster_phonetic,4
molest,3705,0.75,cluster_phonetic,4
let,3706,0.75,cluster_phonetic,4
let,3706,0.75,cluster_phonetic,4
manifest,3707,0.75,cluster_phonetic,4
mare,3708,0.75,cluster_phonetic,4
meant,3709,0.75,cluster_phonetic,4
mesh,3710,0.75,cluster_phonetic,4
mesh,3710,0.75,cluster_phonetic,4
met,3711,0.75,cluster_phonetic,4
millionaire,3712,0.75,cluster_phonetic,4
minaret,3713,0.75,cluster_phonetic,4
minuet,3714,0.75,cluster_phonetic,4
misled,3715,0.75,cluster_phonetic,4
misled,3715,0.75,cluster_phonetic,4
misspent,3716,0.75,cluster_phonetic,4
overspent,3716,0.75,cluster_phonetic,4
pent,3716,0.75,cluster_phonetic,4
repent,3716,0.75,cluster_phonetic,4
spent,3716,0.75,cluster_phonetic,4
nest,3717,0.75,cluster_phonetic,4
nest,3717,0.75,cluster_phonetic,4
net,3718,0.75,cluster_phonetic,4
nonsense,3719,0.75,cluster_phonetic,4
object,3720,0.75,cluster_phonetic,4
project,3720,0.75,cluster_phonetic,4
palimpsest,3721,0.75,cluster_phonetic,4
parallel,3722,0.75,cluster_phonetic,4
parapet,3723,0.75,cluster_phonetic,4
pear,3724,0.75,cluster_phonetic,4
peck,3725,0.75,cluster_phonetic,4
pen,3726,0.75,cluster_phonetic,4
pen,3726,0.75,cluster_phonetic,4
pen,3726,0.75,cluster_phonetic,4
pen,3726,0.75,cluster_phonetic,4
pen,3726,0.75,cluster_phonetic,4
perplex,3727,0.75,cluster_phonetic,4
pest,3728,0.75,cluster_phonetic,4
pest,3728,0.75,cluster_phonetic,4
phlegm,3729,0.75,cluster_phonetic,4
pirouette,3730,0.75,cluster_phonetic,4
princess,3731,0.75,cluster_phonetic,4
protest,3732,0.75,cluster_phonetic,4
quartet,3733,0.75,cluster_phonetic,4
quartet,3733,0.75,cluster_phonetic,4
quell,3734,0.75,cluster_phonetic,4
quintet,3735,0.75,cluster_phonetic,4
realm,3736,0.75,cluster_phonetic,4
realm,3736,0.75,cluster_phonetic,4
recess,3737,0.75,cluster_phonetic,4
success,3737,0.75,cluster_phonetic,4
red,3738,0.75,cluster_phonetic,4
red,3738,0.75,cluster_phonetic,4
reflex,3739,0.75,cluster_phonetic,4
regret,3740,0.75,cluster_phonetic,4
rep,3741,0.75,cluster_phonetic,4
repel,3742,0.75,cluster_phonetic,4
scarce,3743,0.75,cluster_phonetic,4
sell,3744,0.75,cluster_phonetic,4
sept,3745,0.75,cluster_phonetic,4
shed,3746,0.75,cluster_phonetic,4
shred,3747,0.75,cluster_phonetic,4
slept,3748,0.75,cluster_phonetic,4
slept,3748,0.75,cluster_phonetic,4
sped,3749,0.75,cluster_phonetic,4
spell,3750,0.75,cluster_phonetic,4
spell,3750,0.75,cluster_phonetic,4
spell,3750,0.75,cluster_phonetic,4
spell,3750,0.75,cluster_phonetic,4
spell,3750,0.75,cluster_phonetic,4
square,3751,0.75,cluster_phonetic,4
square,3751,0.75,cluster_phonetic,4
stair,3752,0.75,cluster_phonetic,4
stair,3752,0.75,cluster_phonetic,4
stem,3753,0.75,cluster_phonetic,4
sweat,3754,0.75,cluster_phonetic,4
tear,3755,0.75,cluster_phonetic,4
tear,3755,0.75,cluster_phonetic,4
tear,3755,0.75,cluster_phonetic,4
tear,3755,0.75,cluster_phonetic,4
tear,3755,0.75,cluster_phonetic,4
ten,3756,0.75,cluster_phonetic,4
theft,3757,0.75,cluster_phonetic,4
theirs,3758,0.75,cluster_phonetic,4
torment,3759,0.75,cluster_phonetic,4
unawares,3760,0.75,cluster_phonetic,4
unbend,3761,0.75,cluster_phonetic,4
underwent,3762,0.75,cluster_phonetic,4
went,3762,0.75,cluster_phonetic,4
upset,3763,0.75,cluster_phonetic,4
vex,3764,0.75,cluster_phonetic,4
vortex,3765,0.75,cluster_phonetic,4
vortex,3765,0.75,cluster_phonetic,4
wed,3766,0.75,cluster_phonetic,4
wept,3767,0.75,cluster_phonetic,4
west,3768,0.75,cluster_phonetic,4
when,3769,0.75,cluster_phonetic,4
when,3769,0.75,cluster_phonetic,4
when,3769,0.75,cluster_phonetic,4
when,3769,0.75,cluster_phonetic,4
when,3769,0.75,cluster_phonetic,4
whet,3770,0.75,cluster_phonetic,4
wreck,3771,0.75,cluster_phonetic,4
wreck,3771,0.75,cluster_phonetic,4
wreck,3771,0.75,cluster_phonetic,4
wreck,3771,0.75,cluster_phonetic,4
wreck,3771,0.75,cluster_phonetic,4
wren,3772,0.75,cluster_phonetic,4
yell,3773,0.75,cluster_phonetic,4
yokel,3774,0.75,cluster_phonetic,4
acquire,3775,0.75,cluster_phonetic,4
require,3775,0.75,cluster_phonetic,4
adjourn,3776,0.75,cluster_phonetic,4
adulterer,3777,0.75,cluster_phonetic,4
murderer,3777,0.75,cluster_phonetic,4
slanderer,3777,0.75,cluster_phonetic,4
sorcerer,3777,0.75,cluster_phonetic,4
sorcerer,3777,0.75,cluster_phonetic,4
wanderer,3777,0.75,cluster_phonetic,4
advert,3778,0.75,cluster_phonetic,4
convert,3778,0.75,cluster_phonetic,4
culvert,3778,0.75,cluster_phonetic,4
pervert,3778,0.75,cluster_phonetic,4
affirm,3779,0.75,cluster_phonetic,4
confirm,3779,0.75,cluster_phonetic,4
firm,3779,0.75,cluster_phonetic,4
firm,3779,0.75,cluster_phonetic,4
infirm,3779,0.75,cluster_phonetic,4
alert,3780,0.75,cluster_phonetic,4
alert,3780,0.75,cluster_phonetic,4
alert,3780,0.75,cluster_phonetic,4
alert,3780,0.75,cluster_phonetic,4
alert,3780,0.75,cluster_phonetic,4
amphitheatre,3781,0.75,cluster_phonetic,4
theatre,3781,0.75,cluster_phonetic,4
anchor,3782,0.75,cluster_phonetic,4
arbiter,3783,0.75,cluster_phonetic,4
armiger,3784,0.75,cluster_phonetic,4
assert,3785,0.75,cluster_phonetic,4
dessert,3785,0.75,cluster_phonetic,4
insert,3785,0.75,cluster_phonetic,4
astrologer,3786,0.75,cluster_phonetic,4
astronomer,3787,0.75,cluster_phonetic,4
attire,3788,0.75,cluster_phonetic,4
entire,3788,0.75,cluster_phonetic,4
satire,3788,0.75,cluster_phonetic,4
tire,3788,0.75,cluster_phonetic,4
author,3789,0.75,cluster_phonetic,4
aver,3790,0.75,cluster_phonetic,4
weaver,3790,0.75,cluster_phonetic,4
avert,3791,0.75,cluster_phonetic,4
divert,3791,0.75,cluster_phonetic,4
invert,3791,0.75,cluster_phonetic,4
subvert,3791,0.75,cluster_phonetic,4
vert,3791,0.75,cluster_phonetic,4
barber,3792,0.75,cluster_phonetic,4
bastard,3793,0.75,cluster_phonetic,4
custard,3793,0.75,cluster_phonetic,4
petard,3793,0.75,cluster_phonetic,4
berth,3794,0.75,cluster_phonetic,4
berth,3794,0.75,cluster_phonetic,4
birth,3795,0.75,cluster_phonetic,4
mirth,3795,0.75,cluster_phonetic,4
blizzard,3796,0.75,cluster_phonetic,4
wizard,3796,0.75,cluster_phonetic,4
wizard,3796,0.75,cluster_phonetic,4
blur,3797,0.75,cluster_phonetic,4
blurt,3798,0.75,cluster_phonetic,4
briar,3799,0.75,cluster_phonetic,4
friar,3799,0.75,cluster_phonetic,4
burke,3800,0.75,cluster_phonetic,4
burr,3801,0.75,cluster_phonetic,4
burst,3802,0.75,cluster_phonetic,4
durst,3802,0.75,cluster_phonetic,4
calendar,3803,0.75,cluster_phonetic,4
cellar,3804,0.75,cluster_phonetic,4
cellar,3804,0.75,cluster_phonetic,4
collar,3804,0.75,cluster_phonetic,4
interstellar,3804,0.75,cluster_phonetic,4
cheddar,3805,0.75,cluster_phonetic,4
cheddar,3805,0.75,cluster_phonetic,4
cheddar,3805,0.75,cluster_phonetic,4
cheddar,3805,0.75,cluster_phonetic,4
cheddar,3805,0.75,cluster_phonetic,4
chirp,3806,0.75,cluster_phonetic,4
church,3807,0.75,cluster_phonetic,4
church,3807,0.75,cluster_phonetic,4
church,3807,0.75,cluster_phonetic,4
church,3807,0.75,cluster_phonetic,4
church,3807,0.75,cluster_phonetic,4
lurch,3807,0.75,cluster_phonetic,4
cipher,3808,0.75,cluster_phonetic,4
philosopher,3808,0.75,cluster_phonetic,4
clerk,3809,0.75,cluster_phonetic,4
clerk,3809,0.75,cluster_phonetic,4
coerce,3810,0.75,cluster_phonetic,4
commerce,3811,0.75,cluster_phonetic,4
computer,3812,0.75,cluster_phonetic,4
computer,3812,0.75,cluster_phonetic,4
computer,3812,0.75,cluster_phonetic,4
computer,3812,0.75,cluster_phonetic,4
computer,3812,0.75,cluster_phonetic,4
concern,3813,0.75,cluster_phonetic,4
discern,3813,0.75,cluster_phonetic,4
concert,3814,0.75,cluster_phonetic,4
conjure,3815,0.75,cluster_phonetic,4
conspire,3816,0.75,cluster_phonetic,4
conspire,3816,0.75,cluster_phonetic,4
transpire,3816,0.75,cluster_phonetic,4
umpire,3816,0.75,cluster_phonetic,4
converse,3817,0.75,cluster_phonetic,4
converse,3817,0.75,cluster_phonetic,4
traverse,3817,0.75,cluster_phonetic,4
traverse,3817,0.75,cluster_phonetic,4
coward,3818,0.75,cluster_phonetic,4
cruiser,3819,0.75,cluster_phonetic,4
miser,3819,0.75,cluster_phonetic,4
cur,3820,0.75,cluster_phonetic,4
cur,3820,0.75,cluster_phonetic,4
curl,3821,0.75,cluster_phonetic,4
curt,3822,0.75,cluster_phonetic,4
curt,3822,0.75,cluster_phonetic,4
curve,3823,0.75,cluster_phonetic,4
curve,3823,0.75,cluster_phonetic,4
curved,3824,0.75,cluster_phonetic,4
curved,3824,0.75,cluster_phonetic,4
curved,3824,0.75,cluster_phonetic,4
curved,3824,0.75,cluster_phonetic,4
curved,3824,0.75,cluster_phonetic,4
preserved,3824,0.75,cluster_phonetic,4
asunder,3825,0.75,cluster_phonetic,4
cylinder,3825,0.75,cluster_phonetic,4
islander,3825,0.75,cluster_phonetic,4
lavender,3825,0.75,cluster_phonetic,4
transponder,3825,0.75,cluster_phonetic,4
cynosure,3826,0.75,cluster_phonetic,4
daughter,3827,0.75,cluster_phonetic,4
dealer,3828,0.75,cluster_phonetic,4
dealer,3828,0.75,cluster_phonetic,4
dealer,3828,0.75,cluster_phonetic,4
dealer,3828,0.75,cluster_phonetic,4
dealer,3828,0.75,cluster_phonetic,4
dearth,3829,0.75,cluster_phonetic,4
earth,3829,0.75,cluster_phonetic,4
dern,3830,0.75,cluster_phonetic,4
desert,3831,0.75,cluster_phonetic,4
desire,3832,0.75,cluster_phonetic,4
sire,3832,0.75,cluster_phonetic,4
sire,3832,0.75,cluster_phonetic,4
deter,3833,0.75,cluster_phonetic,4
differ,3834,0.75,cluster_phonetic,4
dirge,3835,0.75,cluster_phonetic,4
dirge,3835,0.75,cluster_phonetic,4
dirk,3836,0.75,cluster_phonetic,4
diverge,3837,0.75,cluster_phonetic,4
diverge,3837,0.75,cluster_phonetic,4
emerge,3837,0.75,cluster_phonetic,4
emerge,3837,0.75,cluster_phonetic,4
merge,3837,0.75,cluster_phonetic,4
merge,3837,0.75,cluster_phonetic,4
serge,3837,0.75,cluster_phonetic,4
verge,3837,0.75,cluster_phonetic,4
verge,3837,0.75,cluster_phonetic,4
conductor,3838,0.75,cluster_phonetic,4
doctor,3838,0.75,cluster_phonetic,4
hector,3838,0.75,cluster_phonetic,4
donor,3839,0.75,cluster_phonetic,4
dowager,3840,0.75,cluster_phonetic,4
pillager,3840,0.75,cluster_phonetic,4
villager,3840,0.75,cluster_phonetic,4
voyager,3840,0.75,cluster_phonetic,4
drunkard,3841,0.75,cluster_phonetic,4
earl,3842,0.75,cluster_phonetic,4
pearl,3842,0.75,cluster_phonetic,4
exert,3843,0.75,cluster_phonetic,4
expert,3844,0.75,cluster_phonetic,4
fern,3845,0.75,cluster_phonetic,4
fir,3846,0.75,cluster_phonetic,4
flirt,3847,0.75,cluster_phonetic,4
fur,3848,0.75,cluster_phonetic,4
gardener,3849,0.75,cluster_phonetic,4
hearse,3850,0.75,cluster_phonetic,4
hearse,3850,0.75,cluster_phonetic,4
hearse,3850,0.75,cluster_phonetic,4
hearse,3850,0.75,cluster_phonetic,4
hearse,3850,0.75,cluster_phonetic,4
rehearse,3850,0.75,cluster_phonetic,4
heifer,3851,0.75,cluster_phonetic,4
lucifer,3851,0.75,cluster_phonetic,4
herd,3852,0.75,cluster_phonetic,4
hern,3853,0.75,cluster_phonetic,4
hire,3854,0.75,cluster_phonetic,4
honour,3855,0.75,cluster_phonetic,4
hurl,3856,0.75,cluster_phonetic,4
hussar,3857,0.75,cluster_phonetic,4
hyper,3858,0.75,cluster_phonetic,4
hyper,3858,0.75,cluster_phonetic,4
hyper,3858,0.75,cluster_phonetic,4
hyper,3858,0.75,cluster_phonetic,4
hyper,3858,0.75,cluster_phonetic,4
immersed,3859,0.75,cluster_phonetic,4
immersed,3859,0.75,cluster_phonetic,4
nursed,3859,0.75,cluster_phonetic,4
versed,3859,0.75,cluster_phonetic,4
inert,3860,0.75,cluster_phonetic,4
inter,3861,0.75,cluster_phonetic,4
interpreter,3862,0.75,cluster_phonetic,4
jerk,3863,0.75,cluster_phonetic,4
kirk,3864,0.75,cluster_phonetic,4
labour,3865,0.75,cluster_phonetic,4
lawyer,3866,0.75,cluster_phonetic,4
ledger,3867,0.75,cluster_phonetic,4
ledger,3867,0.75,cluster_phonetic,4
leopard,3868,0.75,cluster_phonetic,4
leper,3869,0.75,cluster_phonetic,4
losers,3870,0.75,cluster_phonetic,4
losers,3870,0.75,cluster_phonetic,4
losers,3870,0.75,cluster_phonetic,4
losers,3870,0.75,cluster_phonetic,4
losers,3870,0.75,cluster_phonetic,4
louder,3871,0.75,cluster_phonetic,4
louder,3871,0.75,cluster_phonetic,4
louder,3871,0.75,cluster_phonetic,4
louder,3871,0.75,cluster_phonetic,4
louder,3871,0.75,cluster_phonetic,4
lubber,3872,0.75,cluster_phonetic,4
robber,3872,0.75,cluster_phonetic,4
lurk,3873,0.75,cluster_phonetic,4
mariner,3874,0.75,cluster_phonetic,4
martyr,3875,0.75,cluster_phonetic,4
martyr,3875,0.75,cluster_phonetic,4
massacre,3876,0.75,cluster_phonetic,4
mortar,3877,0.75,cluster_phonetic,4
mortar,3877,0.75,cluster_phonetic,4
motor,3878,0.75,cluster_phonetic,4
murk,3879,0.75,cluster_phonetic,4
murmur,3880,0.75,cluster_phonetic,4
myrrh,3881,0.75,cluster_phonetic,4
nadir,3882,0.75,cluster_phonetic,4
nectar,3883,0.75,cluster_phonetic,4
niggard,3884,0.75,cluster_phonetic,4
officer,3885,0.75,cluster_phonetic,4
ogre,3886,0.75,cluster_phonetic,4
overturn,3887,0.75,cluster_phonetic,4
flour,3888,0.75,cluster_phonetic,4
parlour,3888,0.75,cluster_phonetic,4
pauper,3889,0.75,cluster_phonetic,4
perch,3890,0.75,cluster_phonetic,4
perk,3891,0.75,cluster_phonetic,4
pert,3892,0.75,cluster_phonetic,4
pilfer,3893,0.75,cluster_phonetic,4
player,3894,0.75,cluster_phonetic,4
player,3894,0.75,cluster_phonetic,4
player,3894,0.75,cluster_phonetic,4
player,3894,0.75,cluster_phonetic,4
player,3894,0.75,cluster_phonetic,4
prefer,3895,0.75,cluster_phonetic,4
prior,3896,0.75,cluster_phonetic,4
purge,3897,0.75,cluster_phonetic,4
purge,3897,0.75,cluster_phonetic,4
purge,3897,0.75,cluster_phonetic,4
purge,3897,0.75,cluster_phonetic,4
purge,3897,0.75,cluster_phonetic,4
scourge,3897,0.75,cluster_phonetic,4
scourge,3897,0.75,cluster_phonetic,4
surge,3897,0.75,cluster_phonetic,4
surge,3897,0.75,cluster_phonetic,4
urge,3897,0.75,cluster_phonetic,4
urge,3897,0.75,cluster_phonetic,4
pyre,3898,0.75,cluster_phonetic,4
quirk,3899,0.75,cluster_phonetic,4
rambler,3900,0.75,cluster_phonetic,4
research,3901,0.75,cluster_phonetic,4
search,3901,0.75,cluster_phonetic,4
search,3901,0.75,cluster_phonetic,4
return,3902,0.75,cluster_phonetic,4
turn,3902,0.75,cluster_phonetic,4
runners,3903,0.75,cluster_phonetic,4
runners,3903,0.75,cluster_phonetic,4
runners,3903,0.75,cluster_phonetic,4
runners,3903,0.75,cluster_phonetic,4
runners,3903,0.75,cluster_phonetic,4
sailor,3904,0.75,cluster_phonetic,4
serf,3905,0.75,cluster_phonetic,4
simper,3906,0.75,cluster_phonetic,4
temper,3906,0.75,cluster_phonetic,4
sir,3907,0.75,cluster_phonetic,4
skirt,3908,0.75,cluster_phonetic,4
sloper,3909,0.75,cluster_phonetic,4
trooper,3909,0.75,cluster_phonetic,4
slur,3910,0.75,cluster_phonetic,4
smirk,3911,0.75,cluster_phonetic,4
smuggler,3912,0.75,cluster_phonetic,4
sniper,3913,0.75,cluster_phonetic,4
sniper,3913,0.75,cluster_phonetic,4
sniper,3913,0.75,cluster_phonetic,4
sniper,3913,0.75,cluster_phonetic,4
sniper,3913,0.75,cluster_phonetic,4
sojourn,3914,0.75,cluster_phonetic,4
soldier,3915,0.75,cluster_phonetic,4
sour,3916,0.75,cluster_phonetic,4
sour,3916,0.75,cluster_phonetic,4
sour,3916,0.75,cluster_phonetic,4
sour,3916,0.75,cluster_phonetic,4
sour,3916,0.75,cluster_phonetic,4
spur,3917,0.75,cluster_phonetic,4
spurn,3918,0.75,cluster_phonetic,4
spurt,3919,0.75,cluster_phonetic,4
squirt,3920,0.75,cluster_phonetic,4
steamer,3921,0.75,cluster_phonetic,4
stir,3922,0.75,cluster_phonetic,4
stir,3922,0.75,cluster_phonetic,4
sugar,3923,0.75,cluster_phonetic,4
surf,3924,0.75,cluster_phonetic,4
term,3925,0.75,cluster_phonetic,4
tern,3926,0.75,cluster_phonetic,4
barrier,3927,0.75,cluster_phonetic,4
terrier,3927,0.75,cluster_phonetic,4
transfer,3928,0.75,cluster_phonetic,4
turf,3929,0.75,cluster_phonetic,4
twirl,3930,0.75,cluster_phonetic,4
unfurl,3931,0.75,cluster_phonetic,4
universe,3932,0.75,cluster_phonetic,4
urn,3933,0.75,cluster_phonetic,4
usurp,3934,0.75,cluster_phonetic,4
vinegar,3935,0.75,cluster_phonetic,4
vineyard,3936,0.75,cluster_phonetic,4
were,3937,0.75,cluster_phonetic,4
were,3937,0.75,cluster_phonetic,4
wert,3938,0.75,cluster_phonetic,4
whisper,3939,0.75,cluster_phonetic,4
whisper,3939,0.75,cluster_phonetic,4
wire,3940,0.75,cluster_phonetic,4
wire,3940,0.75,cluster_phonetic,4
worm,3941,0.75,cluster_phonetic,4
worst,3942,0.75,cluster_phonetic,4
boil,3943,0.75,cluster_phonetic,4
boil,3943,0.75,cluster_phonetic,4
entwined,3944,0.75,cluster_phonetic,4
joined,3944,0.75,cluster_phonetic,4
lined,3944,0.75,cluster_phonetic,4
unconfined,3944,0.75,cluster_phonetic,4
abscond,3945,0.75,cluster_phonetic,4
afar,3946,0.75,cluster_phonetic,4
afar,3946,0.75,cluster_phonetic,4
agog,3947,0.75,cluster_phonetic,4
alarm,3948,0.75,cluster_phonetic,4
alarm,3948,0.75,cluster_phonetic,4
albatross,3949,0.75,cluster_phonetic,4
allot,3950,0.75,cluster_phonetic,4
amazon,3951,0.75,cluster_phonetic,4
apricot,3952,0.75,cluster_phonetic,4
arc,3953,0.75,cluster_phonetic,4
arc,3953,0.75,cluster_phonetic,4
arch,3954,0.75,cluster_phonetic,4
arch,3954,0.75,cluster_phonetic,4
larch,3954,0.75,cluster_phonetic,4
march,3954,0.75,cluster_phonetic,4
parch,3954,0.75,cluster_phonetic,4
starch,3954,0.75,cluster_phonetic,4
ark,3955,0.75,cluster_phonetic,4
arm,3956,0.75,cluster_phonetic,4
arm,3956,0.75,cluster_phonetic,4
arm,3956,0.75,cluster_phonetic,4
arm,3956,0.75,cluster_phonetic,4
arm,3956,0.75,cluster_phonetic,4
alarms,3957,0.75,cluster_phonetic,4
arms,3957,0.75,cluster_phonetic,4
arms,3957,0.75,cluster_phonetic,4
arms,3957,0.75,cluster_phonetic,4
arms,3957,0.75,cluster_phonetic,4
arms,3957,0.75,cluster_phonetic,4
swarms,3957,0.75,cluster_phonetic,4
automaton,3958,0.75,cluster_phonetic,4
avatar,3959,0.75,cluster_phonetic,4
awe,3960,0.75,cluster_phonetic,4
balm,3961,0.75,cluster_phonetic,4
bar,3962,0.75,cluster_phonetic,4
bar,3962,0.75,cluster_phonetic,4
bar,3962,0.75,cluster_phonetic,4
bar,3962,0.75,cluster_phonetic,4
bar,3962,0.75,cluster_phonetic,4
barb,3963,0.75,cluster_phonetic,4
bard,3964,0.75,cluster_phonetic,4
bombard,3964,0.75,cluster_phonetic,4
bark,3965,0.75,cluster_phonetic,4
embark,3965,0.75,cluster_phonetic,4
barn,3966,0.75,cluster_phonetic,4
bazaar,3967,0.75,cluster_phonetic,4
becalm,3968,0.75,cluster_phonetic,4
becalm,3968,0.75,cluster_phonetic,4
calm,3968,0.75,cluster_phonetic,4
calm,3968,0.75,cluster_phonetic,4
calm,3968,0.75,cluster_phonetic,4
calm,3968,0.75,cluster_phonetic,4
calm,3968,0.75,cluster_phonetic,4
beyond,3969,0.75,cluster_phonetic,4
blah,3970,0.75,cluster_phonetic,4
blah,3970,0.75,cluster_phonetic,4
blah,3970,0.75,cluster_phonetic,4
blah,3970,0.75,cluster_phonetic,4
blah,3970,0.75,cluster_phonetic,4
blot,3971,0.75,cluster_phonetic,4
blotch,3972,0.75,cluster_phonetic,4
bond,3973,0.75,cluster_phonetic,4
bond,3973,0.75,cluster_phonetic,4
bond,3973,0.75,cluster_phonetic,4
bond,3973,0.75,cluster_phonetic,4
bond,3973,0.75,cluster_phonetic,4
bosh,3974,0.75,cluster_phonetic,4
botch,3975,0.75,cluster_phonetic,4
crotch,3975,0.75,cluster_phonetic,4
notch,3975,0.75,cluster_phonetic,4
cabal,3976,0.75,cluster_phonetic,4
cart,3977,0.75,cluster_phonetic,4
cart,3977,0.75,cluster_phonetic,4
cart,3977,0.75,cluster_phonetic,4
cart,3977,0.75,cluster_phonetic,4
cart,3977,0.75,cluster_phonetic,4
carve,3978,0.75,cluster_phonetic,4
starve,3978,0.75,cluster_phonetic,4
caul,3979,0.75,cluster_phonetic,4
chalk,3980,0.75,cluster_phonetic,4
chaos,3981,0.75,cluster_phonetic,4
char,3982,0.75,cluster_phonetic,4
charm,3983,0.75,cluster_phonetic,4
harm,3983,0.75,cluster_phonetic,4
cigar,3984,0.75,cluster_phonetic,4
cinnabar,3985,0.75,cluster_phonetic,4
clot,3986,0.75,cluster_phonetic,4
com,3987,0.75,cluster_phonetic,4
con,3988,0.75,cluster_phonetic,4
con,3988,0.75,cluster_phonetic,4
cop,3989,0.75,cluster_phonetic,4
cop,3989,0.75,cluster_phonetic,4
cop,3989,0.75,cluster_phonetic,4
cop,3989,0.75,cluster_phonetic,4
cop,3989,0.75,cluster_phonetic,4
correspond,3990,0.75,cluster_phonetic,4
pond,3990,0.75,cluster_phonetic,4
corsage,3991,0.75,cluster_phonetic,4
accost,3992,0.75,cluster_phonetic,4
cost,3992,0.75,cluster_phonetic,4
cost,3992,0.75,cluster_phonetic,4
cost,3992,0.75,cluster_phonetic,4
cost,3992,0.75,cluster_phonetic,4
cost,3992,0.75,cluster_phonetic,4
cot,3993,0.75,cluster_phonetic,4
counterpart,3994,0.75,cluster_phonetic,4
darn,3995,0.75,cluster_phonetic,4
dart,3996,0.75,cluster_phonetic,4
catalogue,3997,0.75,cluster_phonetic,4
demagogue,3997,0.75,cluster_phonetic,4
dialogue,3997,0.75,cluster_phonetic,4
epilogue,3997,0.75,cluster_phonetic,4
synagogue,3997,0.75,cluster_phonetic,4
disarm,3998,0.75,cluster_phonetic,4
disarm,3998,0.75,cluster_phonetic,4
disregard,3999,0.75,cluster_phonetic,4
regard,3999,0.75,cluster_phonetic,4
dock,4000,0.75,cluster_phonetic,4
esplanade,4001,0.75,cluster_phonetic,4
facade,4002,0.75,cluster_phonetic,4
farce,4003,0.75,cluster_phonetic,4
farm,4004,0.75,cluster_phonetic,4
fond,4005,0.75,cluster_phonetic,4
font,4006,0.75,cluster_phonetic,4
forgot,4007,0.75,cluster_phonetic,4
garb,4008,0.75,cluster_phonetic,4
gendarme,4009,0.75,cluster_phonetic,4
guard,4010,0.75,cluster_phonetic,4
harsh,4011,0.75,cluster_phonetic,4
marsh,4011,0.75,cluster_phonetic,4
hart,4012,0.75,cluster_phonetic,4
haycock,4013,0.75,cluster_phonetic,4
peacock,4013,0.75,cluster_phonetic,4
hearth,4014,0.75,cluster_phonetic,4
hobnob,4015,0.75,cluster_phonetic,4
hurrah,4016,0.75,cluster_phonetic,4
jot,4017,0.75,cluster_phonetic,4
jot,4017,0.75,cluster_phonetic,4
knock,4018,0.75,cluster_phonetic,4
knot,4019,0.75,cluster_phonetic,4
lard,4020,0.75,cluster_phonetic,4
lark,4021,0.75,cluster_phonetic,4
lexicon,4022,0.75,cluster_phonetic,4
mar,4023,0.75,cluster_phonetic,4
mark,4024,0.75,cluster_phonetic,4
remark,4024,0.75,cluster_phonetic,4
mart,4025,0.75,cluster_phonetic,4
smart,4025,0.75,cluster_phonetic,4
mirage,4026,0.75,cluster_phonetic,4
mirage,4026,0.75,cluster_phonetic,4
mock,4027,0.75,cluster_phonetic,4
mock,4027,0.75,cluster_phonetic,4
monarch,4028,0.75,cluster_phonetic,4
nabob,4029,0.75,cluster_phonetic,4
nard,4030,0.75,cluster_phonetic,4
renard,4030,0.75,cluster_phonetic,4
non,4031,0.75,cluster_phonetic,4
overcharge,4032,0.75,cluster_phonetic,4
padlock,4033,0.75,cluster_phonetic,4
pall,4034,0.75,cluster_phonetic,4
pall,4034,0.75,cluster_phonetic,4
palm,4035,0.75,cluster_phonetic,4
palm,4035,0.75,cluster_phonetic,4
palm,4035,0.75,cluster_phonetic,4
palm,4035,0.75,cluster_phonetic,4
palm,4035,0.75,cluster_phonetic,4
par,4036,0.75,cluster_phonetic,4
par,4036,0.75,cluster_phonetic,4
par,4036,0.75,cluster_phonetic,4
par,4036,0.75,cluster_phonetic,4
par,4036,0.75,cluster_phonetic,4
coarse,4037,0.75,cluster_phonetic,4
parse,4037,0.75,cluster_phonetic,4
sparse,4037,0.75,cluster_phonetic,4
polka,4038,0.75,cluster_phonetic,4
polyglot,4039,0.75,cluster_phonetic,4
pomp,4040,0.75,cluster_phonetic,4
pot,4041,0.75,cluster_phonetic,4
potage,4042,0.75,cluster_phonetic,4
sabotage,4042,0.75,cluster_phonetic,4
prologue,4043,0.75,cluster_phonetic,4
prompt,4044,0.75,cluster_phonetic,4
psalm,4045,0.75,cluster_phonetic,4
psalm,4045,0.75,cluster_phonetic,4
quaff,4046,0.75,cluster_phonetic,4
retard,4047,0.75,cluster_phonetic,4
rhubarb,4048,0.75,cluster_phonetic,4
rob,4049,0.75,cluster_phonetic,4
rod,4050,0.75,cluster_phonetic,4
romp,4051,0.75,cluster_phonetic,4
rot,4052,0.75,cluster_phonetic,4
salaam,4053,0.75,cluster_phonetic,4
salve,4054,0.75,cluster_phonetic,4
scar,4055,0.75,cluster_phonetic,4
scar,4055,0.75,cluster_phonetic,4
shamrock,4056,0.75,cluster_phonetic,4
shark,4057,0.75,cluster_phonetic,4
shock,4058,0.75,cluster_phonetic,4
shock,4058,0.75,cluster_phonetic,4
shod,4059,0.75,cluster_phonetic,4
sob,4060,0.75,cluster_phonetic,4
sod,4061,0.75,cluster_phonetic,4
spar,4062,0.75,cluster_phonetic,4
pawn,4063,0.75,cluster_phonetic,4
spawn,4063,0.75,cluster_phonetic,4
spawn,4063,0.75,cluster_phonetic,4
squat,4064,0.75,cluster_phonetic,4
stark,4065,0.75,cluster_phonetic,4
surcharge,4066,0.75,cluster_phonetic,4
swab,4067,0.75,cluster_phonetic,4
swamp,4068,0.75,cluster_phonetic,4
swan,4069,0.75,cluster_phonetic,4
swathe,4070,0.75,cluster_phonetic,4
tar,4071,0.75,cluster_phonetic,4
tar,4071,0.75,cluster_phonetic,4
throb,4072,0.75,cluster_phonetic,4
throb,4072,0.75,cluster_phonetic,4
tod,4073,0.75,cluster_phonetic,4
tom,4074,0.75,cluster_phonetic,4
trod,4075,0.75,cluster_phonetic,4
trot,4076,0.75,cluster_phonetic,4
twang,4077,0.75,cluster_phonetic,4
vagabond,4078,0.75,cluster_phonetic,4
wad,4079,0.75,cluster_phonetic,4
waft,4080,0.75,cluster_phonetic,4
wan,4081,0.75,cluster_phonetic,4
wasp,4082,0.75,cluster_phonetic,4
wigwam,4083,0.75,cluster_phonetic,4
yacht,4084,0.75,cluster_phonetic,4
yarn,4085,0.75,cluster_phonetic,4
abhor,4086,0.75,cluster_phonetic,4
aboard,4087,0.75,cluster_phonetic,4
board,4087,0.75,cluster_phonetic,4
abroad,4088,0.75,cluster_phonetic,4
broad,4088,0.75,cluster_phonetic,4
adorn,4089,0.75,cluster_phonetic,4
anon,4090,0.75,cluster_phonetic,4
applaud,4091,0.75,cluster_phonetic,4
laud,4091,0.75,cluster_phonetic,4
asphalt,4092,0.75,cluster_phonetic,4
asphalt,4092,0.75,cluster_phonetic,4
bald,4093,0.75,cluster_phonetic,4
balk,4094,0.75,cluster_phonetic,4
bawd,4095,0.75,cluster_phonetic,4
bawl,4096,0.75,cluster_phonetic,4
bore,4097,0.75,cluster_phonetic,4
bore,4097,0.75,cluster_phonetic,4
bored,4098,0.75,cluster_phonetic,4
bored,4098,0.75,cluster_phonetic,4
bored,4098,0.75,cluster_phonetic,4
bored,4098,0.75,cluster_phonetic,4
bored,4098,0.75,cluster_phonetic,4
restored,4098,0.75,cluster_phonetic,4
stored,4098,0.75,cluster_phonetic,4
born,4099,0.75,cluster_phonetic,4
bourn,4100,0.75,cluster_phonetic,4
mourn,4100,0.75,cluster_phonetic,4
brawn,4101,0.75,cluster_phonetic,4
drawn,4101,0.75,cluster_phonetic,4
drawn,4101,0.75,cluster_phonetic,4
prawn,4101,0.75,cluster_phonetic,4
withdrawn,4101,0.75,cluster_phonetic,4
calk,4102,0.75,cluster_phonetic,4
capricorn,4103,0.75,cluster_phonetic,4
chloroform,4104,0.75,cluster_phonetic,4
uniform,4104,0.75,cluster_phonetic,4
uniform,4104,0.75,cluster_phonetic,4
cohort,4105,0.75,cluster_phonetic,4
consort,4106,0.75,cluster_phonetic,4
resort,4106,0.75,cluster_phonetic,4
corps,4107,0.75,cluster_phonetic,4
court,4108,0.75,cluster_phonetic,4
court,4108,0.75,cluster_phonetic,4
court,4108,0.75,cluster_phonetic,4
court,4108,0.75,cluster_phonetic,4
court,4108,0.75,cluster_phonetic,4
daunt,4109,0.75,cluster_phonetic,4
gaunt,4109,0.75,cluster_phonetic,4
gaunt,4109,0.75,cluster_phonetic,4
haunt,4109,0.75,cluster_phonetic,4
haunt,4109,0.75,cluster_phonetic,4
jaunt,4109,0.75,cluster_phonetic,4
taunt,4109,0.75,cluster_phonetic,4
dawn,4110,0.75,cluster_phonetic,4
dawn,4110,0.75,cluster_phonetic,4
defraud,4111,0.75,cluster_phonetic,4
fraud,4111,0.75,cluster_phonetic,4
ding-dong,4112,0.75,cluster_phonetic,4
distort,4113,0.75,cluster_phonetic,4
distort,4113,0.75,cluster_phonetic,4
extort,4113,0.75,cluster_phonetic,4
doth,4114,0.75,cluster_phonetic,4
enthral,4115,0.75,cluster_phonetic,4
exalt,4116,0.75,cluster_phonetic,4
exhaust,4117,0.75,cluster_phonetic,4
exhort,4118,0.75,cluster_phonetic,4
fawn,4119,0.75,cluster_phonetic,4
football,4120,0.75,cluster_phonetic,4
foresaw,4121,0.75,cluster_phonetic,4
forethought,4122,0.75,cluster_phonetic,4
forge,4123,0.75,cluster_phonetic,4
forge,4123,0.75,cluster_phonetic,4
forlorn,4124,0.75,cluster_phonetic,4
fort,4125,0.75,cluster_phonetic,4
fort,4125,0.75,cluster_phonetic,4
fort,4125,0.75,cluster_phonetic,4
fort,4125,0.75,cluster_phonetic,4
fort,4125,0.75,cluster_phonetic,4
forth,4126,0.75,cluster_phonetic,4
north,4126,0.75,cluster_phonetic,4
north,4126,0.75,cluster_phonetic,4
fourth,4127,0.75,cluster_phonetic,4
frost,4128,0.75,cluster_phonetic,4
gall,4129,0.75,cluster_phonetic,4
gauze,4130,0.75,cluster_phonetic,4
gauze,4130,0.75,cluster_phonetic,4
guffaw,4131,0.75,cluster_phonetic,4
hall,4132,0.75,cluster_phonetic,4
hall,4132,0.75,cluster_phonetic,4
hall,4132,0.75,cluster_phonetic,4
hall,4132,0.75,cluster_phonetic,4
hall,4132,0.75,cluster_phonetic,4
halt,4133,0.75,cluster_phonetic,4
halt,4133,0.75,cluster_phonetic,4
haul,4134,0.75,cluster_phonetic,4
hawk,4135,0.75,cluster_phonetic,4
hawk,4135,0.75,cluster_phonetic,4
hawk,4135,0.75,cluster_phonetic,4
hawk,4135,0.75,cluster_phonetic,4
hawk,4135,0.75,cluster_phonetic,4
holocaust,4136,0.75,cluster_phonetic,4
lawn,4137,0.75,cluster_phonetic,4
malt,4138,0.75,cluster_phonetic,4
moss,4139,0.75,cluster_phonetic,4
outlaw,4140,0.75,cluster_phonetic,4
outlaw,4140,0.75,cluster_phonetic,4
outlaw,4140,0.75,cluster_phonetic,4
outlaw,4140,0.75,cluster_phonetic,4
outlaw,4140,0.75,cluster_phonetic,4
piebald,4141,0.75,cluster_phonetic,4
port,4142,0.75,cluster_phonetic,4
port,4142,0.75,cluster_phonetic,4
report,4142,0.75,cluster_phonetic,4
report,4142,0.75,cluster_phonetic,4
quart,4143,0.75,cluster_phonetic,4
quash,4144,0.75,cluster_phonetic,4
quod,4145,0.75,cluster_phonetic,4
retort,4146,0.75,cluster_phonetic,4
retort,4146,0.75,cluster_phonetic,4
reward,4147,0.75,cluster_phonetic,4
sward,4147,0.75,cluster_phonetic,4
ward,4147,0.75,cluster_phonetic,4
salt,4148,0.75,cluster_phonetic,4
salt,4148,0.75,cluster_phonetic,4
saw,4149,0.75,cluster_phonetic,4
saw,4149,0.75,cluster_phonetic,4
saw,4149,0.75,cluster_phonetic,4
saw,4149,0.75,cluster_phonetic,4
saw,4149,0.75,cluster_phonetic,4
scald,4150,0.75,cluster_phonetic,4
scorn,4151,0.75,cluster_phonetic,4
scorn,4151,0.75,cluster_phonetic,4
shawl,4152,0.75,cluster_phonetic,4
shawl,4152,0.75,cluster_phonetic,4
shorn,4153,0.75,cluster_phonetic,4
thorn,4153,0.75,cluster_phonetic,4
sot,4154,0.75,cluster_phonetic,4
squall,4155,0.75,cluster_phonetic,4
straw,4156,0.75,cluster_phonetic,4
swarm,4157,0.75,cluster_phonetic,4
sworn,4158,0.75,cluster_phonetic,4
worn,4158,0.75,cluster_phonetic,4
worn,4158,0.75,cluster_phonetic,4
thaw,4159,0.75,cluster_phonetic,4
thong,4160,0.75,cluster_phonetic,4
thrall,4161,0.75,cluster_phonetic,4
thunderstorm,4162,0.75,cluster_phonetic,4
tomahawk,4163,0.75,cluster_phonetic,4
tor,4164,0.75,cluster_phonetic,4
toss,4165,0.75,cluster_phonetic,4
unicorn,4166,0.75,cluster_phonetic,4
warn,4167,0.75,cluster_phonetic,4
warp,4168,0.75,cluster_phonetic,4
warp,4168,0.75,cluster_phonetic,4
wart,4169,0.75,cluster_phonetic,4
waterfall,4170,0.75,cluster_phonetic,4
windfall,4170,0.75,cluster_phonetic,4
whore,4171,0.75,cluster_phonetic,4
whore,4171,0.75,cluster_phonetic,4
whore,4171,0.75,cluster_phonetic,4
whore,4171,0.75,cluster_phonetic,4
whore,4171,0.75,cluster_phonetic,4
withdraw,4172,0.75,cluster_phonetic,4
yawn,4173,0.75,cluster_phonetic,4
betook,4174,0.75,cluster_phonetic,4
boor,4175,0.75,cluster_phonetic,4
brochure,4176,0.75,cluster_phonetic,4
brook,4177,0.75,cluster_phonetic,4
crook,4177,0.75,cluster_phonetic,4
rook,4177,0.75,cluster_phonetic,4
brotherhood,4178,0.75,cluster_phonetic,4
likelihood,4178,0.75,cluster_phonetic,4
neighbourhood,4178,0.75,cluster_phonetic,4
bush,4179,0.75,cluster_phonetic,4
contour,4180,0.75,cluster_phonetic,4
cook,4181,0.75,cluster_phonetic,4
cook,4181,0.75,cluster_phonetic,4
cooks,4182,0.75,cluster_phonetic,4
demure,4183,0.75,cluster_phonetic,4
endure,4184,0.75,cluster_phonetic,4
epicure,4185,0.75,cluster_phonetic,4
foot,4186,0.75,cluster_phonetic,4
foot,4186,0.75,cluster_phonetic,4
foot,4186,0.75,cluster_phonetic,4
foot,4186,0.75,cluster_phonetic,4
foot,4186,0.75,cluster_phonetic,4
forsook,4187,0.75,cluster_phonetic,4
immature,4188,0.75,cluster_phonetic,4
mature,4188,0.75,cluster_phonetic,4
inure,4189,0.75,cluster_phonetic,4
manure,4189,0.75,cluster_phonetic,4
miniature,4190,0.75,cluster_phonetic,4
mistook,4191,0.75,cluster_phonetic,4
took,4191,0.75,cluster_phonetic,4
undertook,4191,0.75,cluster_phonetic,4
moor,4192,0.75,cluster_phonetic,4
obscure,4193,0.75,cluster_phonetic,4
obscure,4193,0.75,cluster_phonetic,4
procure,4193,0.75,cluster_phonetic,4
secure,4193,0.75,cluster_phonetic,4
secure,4193,0.75,cluster_phonetic,4
pull,4194,0.75,cluster_phonetic,4
pure,4195,0.75,cluster_phonetic,4
pure,4195,0.75,cluster_phonetic,4
push,4196,0.75,cluster_phonetic,4
soot,4197,0.75,cluster_phonetic,4
soot,4197,0.75,cluster_phonetic,4
stood,4198,0.75,cluster_phonetic,4
understood,4198,0.75,cluster_phonetic,4
understood,4198,0.75,cluster_phonetic,4
understood,4198,0.75,cluster_phonetic,4
understood,4198,0.75,cluster_phonetic,4
understood,4198,0.75,cluster_phonetic,4
tush,4199,0.75,cluster_phonetic,4
wood,4200,0.75,cluster_phonetic,4
bizna,4201,0.75,cluster_phonetic,4
bizna,4201,0.75,cluster_phonetic,4
bizna,4201,0.75,cluster_phonetic,4
bizna,4201,0.75,cluster_phonetic,4
bizna,4201,0.75,cluster_phonetic,4
brazila,4202,0.75,cluster_phonetic,4
brazila,4202,0.75,cluster_phonetic,4
brazila,4202,0.75,cluster_phonetic,4
brazila,4202,0.75,cluster_phonetic,4
brazila,4202,0.75,cluster_phonetic,4
chilla,4203,0.75,cluster_phonetic,4
chilla,4203,0.75,cluster_phonetic,4
chilla,4203,0.75,cluster_phonetic,4
chilla,4203,0.75,cluster_phonetic,4
chilla,4203,0.75,cluster_phonetic,4
elah,4204,0.75,cluster_phonetic,4
elah,4204,0.75,cluster_phonetic,4
elah,4204,0.75,cluster_phonetic,4
elah,4204,0.75,cluster_phonetic,4
elah,4204,0.75,cluster_phonetic,4
ijgeona,4205,0.75,cluster_phonetic,4
ijgeona,4205,0.75,cluster_phonetic,4
ijgeona,4205,0.75,cluster_phonetic,4
ijgeona,4205,0.75,cluster_phonetic,4
ijgeona,4205,0.75,cluster_phonetic,4
kpalanga,4206,0.75,cluster_phonetic,4
kpalanga,4206,0.75,cluster_phonetic,4
kpalanga,4206,0.75,cluster_phonetic,4
kpalanga,4206,0.75,cluster_phonetic,4
kpalanga,4206,0.75,cluster_phonetic,4
mahela,4207,0.75,cluster_phonetic,4
mahela',4207,0.75,cluster_phonetic,4
mahela',4207,0.75,cluster_phonetic,4
mahela',4207,0.75,cluster_phonetic,4
mahela',4207,0.75,cluster_phonetic,4
mwana,4208,0.75,cluster_phonetic,4
mwana,4208,0.75,cluster_phonetic,4
mwana,4208,0.75,cluster_phonetic,4
mwana,4208,0.75,cluster_phonetic,4
mwana,4208,0.75,cluster_phonetic,4
navija,4209,0.75,cluster_phonetic,4
navija,4209,0.75,cluster_phonetic,4
navija,4209,0.75,cluster_phonetic,4
navija,4209,0.75,cluster_phonetic,4
navija,4209,0.75,cluster_phonetic,4
pravila,4210,0.75,cluster_phonetic,4
pravila,4210,0.75,cluster_phonetic,4
pravila,4210,0.75,cluster_phonetic,4
pravila,4210,0.75,cluster_phonetic,4
pravila,4210,0.75,cluster_phonetic,4
prevara,4211,0.75,cluster_phonetic,4
prevara,4211,0.75,cluster_phonetic,4
prevara,4211,0.75,cluster_phonetic,4
prevara,4211,0.75,cluster_phonetic,4
prevara,4211,0.75,cluster_phonetic,4
valja,4212,0.75,cluster_phonetic,4
valja,4212,0.75,cluster_phonetic,4
valja,4212,0.75,cluster_phonetic,4
valja,4212,0.75,cluster_phonetic,4
valja,4212,0.75,cluster_phonetic,4
vestima,4213,0.75,cluster_phonetic,4
vestima,4213,0.75,cluster_phonetic,4
vestima,4213,0.75,cluster_phonetic,4
vestima,4213,0.75,cluster_phonetic,4
vestima,4213,0.75,cluster_phonetic,4
walhalla,4214,0.75,cluster_phonetic,4
chamade,4215,0.75,cluster_phonetic,4
gambade,4216,0.75,cluster_phonetic,4
bastinade,4217,0.75,cluster_phonetic,4
bastinade,4217,0.75,cluster_phonetic,4
cannonade,4217,0.75,cluster_phonetic,4
cannonade,4217,0.75,cluster_phonetic,4
gasconade,4217,0.75,cluster_phonetic,4
pasquinade,4217,0.75,cluster_phonetic,4
untucked,4218,0.75,cluster_phonetic,4
untucked,4218,0.75,cluster_phonetic,4
untucked,4218,0.75,cluster_phonetic,4
untucked,4218,0.75,cluster_phonetic,4
untucked,4218,0.75,cluster_phonetic,4
mene,4219,0.75,cluster_phonetic,4
mene,4219,0.75,cluster_phonetic,4
mene,4219,0.75,cluster_phonetic,4
mene,4219,0.75,cluster_phonetic,4
mene,4219,0.75,cluster_phonetic,4
movin,4220,0.75,cluster_phonetic,4
movin',4220,0.75,cluster_phonetic,4
movin',4220,0.75,cluster_phonetic,4
movin',4220,0.75,cluster_phonetic,4
movin',4220,0.75,cluster_phonetic,4
shinin,4221,0.75,cluster_phonetic,4
shinin',4221,0.75,cluster_phonetic,4
shinin',4221,0.75,cluster_phonetic,4
shinin',4221,0.75,cluster_phonetic,4
shinin',4221,0.75,cluster_phonetic,4
ledger's,4222,0.75,cluster_phonetic,4
rugers,4222,0.75,cluster_phonetic,4
rugers,4222,0.75,cluster_phonetic,4
rugers,4222,0.75,cluster_phonetic,4
rugers,4222,0.75,cluster_phonetic,4
rugers,4222,0.75,cluster_phonetic,4
lues,4223,0.75,cluster_phonetic,4
lues,4223,0.75,cluster_phonetic,4
lues,4223,0.75,cluster_phonetic,4
lues,4223,0.75,cluster_phonetic,4
lues,4223,0.75,cluster_phonetic,4
nicknacks,4224,0.75,cluster_phonetic,4
pizzaz,4225,0.75,cluster_phonetic,4
pizzaz,4225,0.75,cluster_phonetic,4
pizzaz,4225,0.75,cluster_phonetic,4
pizzaz,4225,0.75,cluster_phonetic,4
pizzaz,4225,0.75,cluster_phonetic,4
aggrace,4226,0.75,cluster_phonetic,4
horserace,4226,0.75,cluster_phonetic,4
awl,4227,0.75,cluster_phonetic,4
gol,4228,0.75,cluster_phonetic,4
gol,4228,0.75,cluster_phonetic,4
gol,4228,0.75,cluster_phonetic,4
gol,4228,0.75,cluster_phonetic,4
gol,4228,0.75,cluster_phonetic,4
nep,4229,0.75,cluster_phonetic,4
propadam,4230,0.75,cluster_phonetic,4
propadam,4230,0.75,cluster_phonetic,4
propadam,4230,0.75,cluster_phonetic,4
propadam,4230,0.75,cluster_phonetic,4
propadam,4230,0.75,cluster_phonetic,4
hstym,4231,0.75,cluster_phonetic,4
hstym,4231,0.75,cluster_phonetic,4
hstym,4231,0.75,cluster_phonetic,4
hstym,4231,0.75,cluster_phonetic,4
hstym,4231,0.75,cluster_phonetic,4
complaisance,4232,0.75,cluster_phonetic,4
concordance,4232,0.75,cluster_phonetic,4
daaance,4232,0.75,cluster_phonetic,4
daaance,4232,0.75,cluster_phonetic,4
daaance,4232,0.75,cluster_phonetic,4
daaance,4232,0.75,cluster_phonetic,4
daaance,4232,0.75,cluster_phonetic,4
intrance,4232,0.75,cluster_phonetic,4
mischance,4232,0.75,cluster_phonetic,4
abasement,4233,0.75,cluster_phonetic,4
aliment,4233,0.75,cluster_phonetic,4
arbitrament,4233,0.75,cluster_phonetic,4
chastisement,4233,0.75,cluster_phonetic,4
disparagement,4233,0.75,cluster_phonetic,4
fundament,4233,0.75,cluster_phonetic,4
languishment,4233,0.75,cluster_phonetic,4
lineament,4233,0.75,cluster_phonetic,4
mendicament,4233,0.75,cluster_phonetic,4
nutriment,4233,0.75,cluster_phonetic,4
ravishment,4233,0.75,cluster_phonetic,4
crape,4234,0.75,cluster_phonetic,4
trape,4234,0.75,cluster_phonetic,4
mixtape,4235,0.75,cluster_phonetic,4
mixtape,4235,0.75,cluster_phonetic,4
mixtape,4235,0.75,cluster_phonetic,4
mixtape,4235,0.75,cluster_phonetic,4
mixtape,4235,0.75,cluster_phonetic,4
nape,4236,0.75,cluster_phonetic,4
tslym,4237,0.75,cluster_phonetic,4
tslym,4237,0.75,cluster_phonetic,4
tslym,4237,0.75,cluster_phonetic,4
tslym,4237,0.75,cluster_phonetic,4
tslym,4237,0.75,cluster_phonetic,4
braggart,4238,0.75,cluster_phonetic,4
dispart,4239,0.75,cluster_phonetic,4
appetit,4240,0.75,cluster_phonetic,4
appetit,4240,0.75,cluster_phonetic,4
appetit,4240,0.75,cluster_phonetic,4
appetit,4240,0.75,cluster_phonetic,4
appetit,4240,0.75,cluster_phonetic,4
cushat,4241,0.75,cluster_phonetic,4
sprat,4242,0.75,cluster_phonetic,4
eld,4243,0.75,cluster_phonetic,4
geld,4244,0.75,cluster_phonetic,4
boshey,4245,0.75,cluster_phonetic,4
boshey,4245,0.75,cluster_phonetic,4
boshey,4245,0.75,cluster_phonetic,4
boshey,4245,0.75,cluster_phonetic,4
boshey,4245,0.75,cluster_phonetic,4
brah,4246,0.75,cluster_phonetic,4
brah,4246,0.75,cluster_phonetic,4
brah,4246,0.75,cluster_phonetic,4
brah,4246,0.75,cluster_phonetic,4
brah,4246,0.75,cluster_phonetic,4
diraj,4247,0.75,cluster_phonetic,4
diraj,4247,0.75,cluster_phonetic,4
diraj,4247,0.75,cluster_phonetic,4
diraj,4247,0.75,cluster_phonetic,4
diraj,4247,0.75,cluster_phonetic,4
eoa,4248,0.75,cluster_phonetic,4
eoa,4248,0.75,cluster_phonetic,4
eoa,4248,0.75,cluster_phonetic,4
eoa,4248,0.75,cluster_phonetic,4
eoa,4248,0.75,cluster_phonetic,4
huuuu,4249,0.75,cluster_phonetic,4
huuuu,4249,0.75,cluster_phonetic,4
huuuu,4249,0.75,cluster_phonetic,4
huuuu,4249,0.75,cluster_phonetic,4
huuuu,4249,0.75,cluster_phonetic,4
kpa,4250,0.75,cluster_phonetic,4
kpa,4250,0.75,cluster_phonetic,4
kpa,4250,0.75,cluster_phonetic,4
kpa,4250,0.75,cluster_phonetic,4
kpa,4250,0.75,cluster_phonetic,4
padaku,4251,0.75,cluster_phonetic,4
padaku,4251,0.75,cluster_phonetic,4
padaku,4251,0.75,cluster_phonetic,4
padaku,4251,0.75,cluster_phonetic,4
padaku,4251,0.75,cluster_phonetic,4
spoj,4252,0.75,cluster_phonetic,4
spoj,4252,0.75,cluster_phonetic,4
spoj,4252,0.75,cluster_phonetic,4
spoj,4252,0.75,cluster_phonetic,4
spoj,4252,0.75,cluster_phonetic,4
wqtykhh,4253,0.75,cluster_phonetic,4
wqtykhh,4253,0.75,cluster_phonetic,4
wqtykhh,4253,0.75,cluster_phonetic,4
wqtykhh,4253,0.75,cluster_phonetic,4
wqtykhh,4253,0.75,cluster_phonetic,4
zama,4254,0.75,cluster_phonetic,4
zama,4254,0.75,cluster_phonetic,4
zama,4254,0.75,cluster_phonetic,4
zama,4254,0.75,cluster_phonetic,4
zama,4254,0.75,cluster_phonetic,4
bai,4255,0.75,cluster_phonetic,4
bai,4255,0.75,cluster_phonetic,4
bai,4255,0.75,cluster_phonetic,4
bai,4255,0.75,cluster_phonetic,4
bai,4255,0.75,cluster_phonetic,4
baki,4256,0.75,cluster_phonetic,4
baki,4256,0.75,cluster_phonetic,4
baki,4256,0.75,cluster_phonetic,4
baki,4256,0.75,cluster_phonetic,4
baki,4256,0.75,cluster_phonetic,4
fari,4257,0.75,cluster_phonetic,4
fari,4257,0.75,cluster_phonetic,4
fari,4257,0.75,cluster_phonetic,4
fari,4257,0.75,cluster_phonetic,4
fari,4257,0.75,cluster_phonetic,4
hennesy,4258,0.75,cluster_phonetic,4
hennesy,4258,0.75,cluster_phonetic,4
hennesy,4258,0.75,cluster_phonetic,4
hennesy,4258,0.75,cluster_phonetic,4
hennesy,4258,0.75,cluster_phonetic,4
jaaye,4259,0.75,cluster_phonetic,4
jaaye,4259,0.75,cluster_phonetic,4
jaaye,4259,0.75,cluster_phonetic,4
jaaye,4259,0.75,cluster_phonetic,4
jaaye,4259,0.75,cluster_phonetic,4
tty,4260,0.75,cluster_phonetic,4
yeleyay,4261,0.75,cluster_phonetic,4
yeleyay,4261,0.75,cluster_phonetic,4
yeleyay,4261,0.75,cluster_phonetic,4
yeleyay,4261,0.75,cluster_phonetic,4
yeleyay,4261,0.75,cluster_phonetic,4
betimes,4262,0.75,cluster_phonetic,4
ehi,4263,0.75,cluster_phonetic,4
ehi,4263,0.75,cluster_phonetic,4
ehi,4263,0.75,cluster_phonetic,4
ehi,4263,0.75,cluster_phonetic,4
ehi,4263,0.75,cluster_phonetic,4
krhatni,4264,0.75,cluster_phonetic,4
krhatni,4264,0.75,cluster_phonetic,4
krhatni,4264,0.75,cluster_phonetic,4
krhatni,4264,0.75,cluster_phonetic,4
krhatni,4264,0.75,cluster_phonetic,4
letim,4265,0.75,cluster_phonetic,4
letim,4265,0.75,cluster_phonetic,4
letim,4265,0.75,cluster_phonetic,4
letim,4265,0.75,cluster_phonetic,4
letim,4265,0.75,cluster_phonetic,4
trosim,4266,0.75,cluster_phonetic,4
trosim,4266,0.75,cluster_phonetic,4
trosim,4266,0.75,cluster_phonetic,4
trosim,4266,0.75,cluster_phonetic,4
trosim,4266,0.75,cluster_phonetic,4
courtesan,4267,0.75,cluster_phonetic,4
persan,4268,0.75,cluster_phonetic,4
persan,4268,0.75,cluster_phonetic,4
persan,4268,0.75,cluster_phonetic,4
persan,4268,0.75,cluster_phonetic,4
persan,4268,0.75,cluster_phonetic,4
runnin,4269,0.75,cluster_phonetic,4
spinnin,4269,0.75,cluster_phonetic,4
spinnin,4269,0.75,cluster_phonetic,4
spinnin,4269,0.75,cluster_phonetic,4
spinnin,4269,0.75,cluster_phonetic,4
spinnin,4269,0.75,cluster_phonetic,4
superfine,4270,0.75,cluster_phonetic,4
yean,4271,0.75,cluster_phonetic,4
tare,4272,0.75,cluster_phonetic,4
yare,4273,0.75,cluster_phonetic,4
neath,4274,0.75,cluster_phonetic,4
affright,4275,0.75,cluster_phonetic,4
aight,4275,0.75,cluster_phonetic,4
aight,4275,0.75,cluster_phonetic,4
aight,4275,0.75,cluster_phonetic,4
aight,4275,0.75,cluster_phonetic,4
aight,4275,0.75,cluster_phonetic,4
aright,4275,0.75,cluster_phonetic,4
bedight,4275,0.75,cluster_phonetic,4
cyberlight,4275,0.75,cluster_phonetic,4
dight,4275,0.75,cluster_phonetic,4
pight,4275,0.75,cluster_phonetic,4
sike,4276,0.75,cluster_phonetic,4
sike,4276,0.75,cluster_phonetic,4
sike,4276,0.75,cluster_phonetic,4
sike,4276,0.75,cluster_phonetic,4
sike,4276,0.75,cluster_phonetic,4
dap,4277,0.75,cluster_phonetic,4
adulteress,4278,0.75,cluster_phonetic,4
adultress,4278,0.75,cluster_phonetic,4
tigress,4278,0.75,cluster_phonetic,4
artless,4279,0.75,cluster_phonetic,4
pennyless,4279,0.75,cluster_phonetic,4
fap,4280,0.75,cluster_phonetic,4
broj,4281,0.75,cluster_phonetic,4
broj,4281,0.75,cluster_phonetic,4
broj,4281,0.75,cluster_phonetic,4
broj,4281,0.75,cluster_phonetic,4
broj,4281,0.75,cluster_phonetic,4
tvoj,4282,0.75,cluster_phonetic,4
tvoj,4282,0.75,cluster_phonetic,4
tvoj,4282,0.75,cluster_phonetic,4
tvoj,4282,0.75,cluster_phonetic,4
tvoj,4282,0.75,cluster_phonetic,4
ont,4283,0.75,cluster_phonetic,4
yn,4284,0.75,cluster_phonetic,4
yn,4284,0.75,cluster_phonetic,4
yn,4284,0.75,cluster_phonetic,4
yn,4284,0.75,cluster_phonetic,4
armipotent,4285,0.75,cluster_phonetic,4
attent,4285,0.75,cluster_phonetic,4
bellipotent,4285,0.75,cluster_phonetic,4
impenitent,4285,0.75,cluster_phonetic,4
ostent,4285,0.75,cluster_phonetic,4
blent,4286,0.75,cluster_phonetic,4
corpulent,4286,0.75,cluster_phonetic,4
facculent,4286,0.75,cluster_phonetic,4
hent,4287,0.75,cluster_phonetic,4
shent,4287,0.75,cluster_phonetic,4
bespatter,4288,0.75,cluster_phonetic,4
cadger,4289,0.75,cluster_phonetic,4
codger,4289,0.75,cluster_phonetic,4
chorister,4290,0.75,cluster_phonetic,4
derapster,4290,0.75,cluster_phonetic,4
sophister,4290,0.75,cluster_phonetic,4
cottager,4291,0.75,cluster_phonetic,4
forager,4291,0.75,cluster_phonetic,4
highriser,4292,0.75,cluster_phonetic,4
highriser,4292,0.75,cluster_phonetic,4
highriser,4292,0.75,cluster_phonetic,4
highriser,4292,0.75,cluster_phonetic,4
highriser,4292,0.75,cluster_phonetic,4
idolater,4293,0.75,cluster_phonetic,4
precentor,4294,0.75,cluster_phonetic,4
provender,4295,0.75,cluster_phonetic,4
victualler,4296,0.75,cluster_phonetic,4
blackguard,4297,0.75,cluster_phonetic,4
bonbon,4298,0.75,cluster_phonetic,4
cess,4299,0.75,cluster_phonetic,4
overdrest,4300,0.75,cluster_phonetic,4
fou,4301,0.75,cluster_phonetic,4
hie,4302,0.75,cluster_phonetic,4
shrew,4303,0.75,cluster_phonetic,4
kibe,4304,0.75,cluster_phonetic,4
parricide,4305,0.75,cluster_phonetic,4
regicide,4305,0.75,cluster_phonetic,4
nzdykh,4306,0.75,cluster_phonetic,4
nzdykh,4306,0.75,cluster_phonetic,4
nzdykh,4306,0.75,cluster_phonetic,4
nzdykh,4306,0.75,cluster_phonetic,4
nzdykh,4306,0.75,cluster_phonetic,4
sepulchral,4307,0.75,cluster_phonetic,4
buskin,4308,0.75,cluster_phonetic,4
cannakin,4309,0.75,cluster_phonetic,4
kilderkin,4310,0.75,cluster_phonetic,4
manikin,4311,0.75,cluster_phonetic,4
bwdh,4312,0.75,cluster_phonetic,4
bwdh,4312,0.75,cluster_phonetic,4
bwdh,4312,0.75,cluster_phonetic,4
bwdh,4312,0.75,cluster_phonetic,4
bwdh,4312,0.75,cluster_phonetic,4
chine,4313,0.75,cluster_phonetic,4
dorphine,4313,0.75,cluster_phonetic,4
dorphine,4313,0.75,cluster_phonetic,4
dorphine,4313,0.75,cluster_phonetic,4
dorphine,4313,0.75,cluster_phonetic,4
dorphine,4313,0.75,cluster_phonetic,4
bethink,4314,0.75,cluster_phonetic,4
forethink,4314,0.75,cluster_phonetic,4
skink,4315,0.75,cluster_phonetic,4
slink,4316,0.75,cluster_phonetic,4
horsewhip,4317,0.75,cluster_phonetic,4
hus,4318,0.75,cluster_phonetic,4
pics,4319,0.75,cluster_phonetic,4
pics,4319,0.75,cluster_phonetic,4
pics,4319,0.75,cluster_phonetic,4
pics,4319,0.75,cluster_phonetic,4
pics,4319,0.75,cluster_phonetic,4
snitches,4320,0.75,cluster_phonetic,4
snitches,4320,0.75,cluster_phonetic,4
snitches,4320,0.75,cluster_phonetic,4
snitches,4320,0.75,cluster_phonetic,4
snitches,4320,0.75,cluster_phonetic,4
auk,4321,0.75,cluster_phonetic,4
agonise,4322,0.75,cluster_phonetic,4
canonise,4322,0.75,cluster_phonetic,4
solemnise,4322,0.75,cluster_phonetic,4
tyrannise,4322,0.75,cluster_phonetic,4
authorise,4323,0.75,cluster_phonetic,4
pulverise,4323,0.75,cluster_phonetic,4
summarise,4323,0.75,cluster_phonetic,4
circumflex,4324,0.75,cluster_phonetic,4
civilise,4325,0.75,cluster_phonetic,4
idolise,4325,0.75,cluster_phonetic,4
immortalise,4325,0.75,cluster_phonetic,4
signalise,4325,0.75,cluster_phonetic,4
ho'z,4326,0.75,cluster_phonetic,4
ho'z,4326,0.75,cluster_phonetic,4
ho'z,4326,0.75,cluster_phonetic,4
ho'z,4326,0.75,cluster_phonetic,4
ho'z,4326,0.75,cluster_phonetic,4
spiss,4327,0.75,cluster_phonetic,4
verdigris,4328,0.75,cluster_phonetic,4
beggary,4329,0.75,cluster_phonetic,4
bumptious,4330,0.75,cluster_phonetic,4
impecunious,4330,0.75,cluster_phonetic,4
accurse,4331,0.75,cluster_phonetic,4
chourse,4331,0.75,cluster_phonetic,4
chourse,4331,0.75,cluster_phonetic,4
chourse,4331,0.75,cluster_phonetic,4
chourse,4331,0.75,cluster_phonetic,4
chourse,4331,0.75,cluster_phonetic,4
cadaverous,4332,0.75,cluster_phonetic,4
clamorous,4332,0.75,cluster_phonetic,4
dolorous,4332,0.75,cluster_phonetic,4
odoriferous,4332,0.75,cluster_phonetic,4
somniferous,4332,0.75,cluster_phonetic,4
ungenerous,4332,0.75,cluster_phonetic,4
valorous,4332,0.75,cluster_phonetic,4
bibulous,4333,0.75,cluster_phonetic,4
emulous,4333,0.75,cluster_phonetic,4
libellous,4333,0.75,cluster_phonetic,4
sedulous,4333,0.75,cluster_phonetic,4
glutinous,4334,0.75,cluster_phonetic,4
libidinous,4334,0.75,cluster_phonetic,4
tyrannous,4334,0.75,cluster_phonetic,4
granary,4335,0.75,cluster_phonetic,4
concupiscence,4336,0.75,cluster_phonetic,4
continence,4336,0.75,cluster_phonetic,4
diffidence,4336,0.75,cluster_phonetic,4
impenitence,4336,0.75,cluster_phonetic,4
impertinence,4336,0.75,cluster_phonetic,4
improvidence,4336,0.75,cluster_phonetic,4
impudence,4336,0.75,cluster_phonetic,4
indigence,4336,0.75,cluster_phonetic,4
indolence,4336,0.75,cluster_phonetic,4
magnificence,4336,0.75,cluster_phonetic,4
munificence,4336,0.75,cluster_phonetic,4
offence,4336,0.75,cluster_phonetic,4
penitence,4336,0.75,cluster_phonetic,4
pretence,4336,0.75,cluster_phonetic,4
loquacity,4337,0.75,cluster_phonetic,4
vivacity,4337,0.75,cluster_phonetic,4
necessitous,4338,0.75,cluster_phonetic,4
pachydermatous,4338,0.75,cluster_phonetic,4
physic,4339,0.75,cluster_phonetic,4
purgative,4340,0.75,cluster_phonetic,4
votive,4340,0.75,cluster_phonetic,4
suasive,4341,0.75,cluster_phonetic,4
swang,4342,0.75,cluster_phonetic,4
unparliamentary,4343,0.75,cluster_phonetic,4
votary,4343,0.75,cluster_phonetic,4
pewit,4344,0.75,cluster_phonetic,4
twit,4345,0.75,cluster_phonetic,4
flitch,4346,0.75,cluster_phonetic,4
sizzurp,4347,0.75,cluster_phonetic,4
sizzurp,4347,0.75,cluster_phonetic,4
sizzurp,4347,0.75,cluster_phonetic,4
sizzurp,4347,0.75,cluster_phonetic,4
sizzurp,4347,0.75,cluster_phonetic,4
despatch,4348,0.75,cluster_phonetic,4
ratch,4348,0.75,cluster_phonetic,4
smatch,4348,0.75,cluster_phonetic,4
rive,4349,0.75,cluster_phonetic,4
shrive,4349,0.75,cluster_phonetic,4
bho,4350,0.75,cluster_phonetic,4
bho,4350,0.75,cluster_phonetic,4
bho,4350,0.75,cluster_phonetic,4
bho,4350,0.75,cluster_phonetic,4
bho,4350,0.75,cluster_phonetic,4
ckie,4351,0.75,cluster_phonetic,4
ckie,4351,0.75,cluster_phonetic,4
ckie,4351,0.75,cluster_phonetic,4
ckie,4351,0.75,cluster_phonetic,4
ckie,4351,0.75,cluster_phonetic,4
duodecimo,4352,0.75,cluster_phonetic,4
kasno,4353,0.75,cluster_phonetic,4
kasno,4353,0.75,cluster_phonetic,4
kasno,4353,0.75,cluster_phonetic,4
kasno,4353,0.75,cluster_phonetic,4
kasno,4353,0.75,cluster_phonetic,4
madeintyo,4354,0.75,cluster_phonetic,4
madeintyo,4354,0.75,cluster_phonetic,4
madeintyo,4354,0.75,cluster_phonetic,4
madeintyo,4354,0.75,cluster_phonetic,4
madeintyo,4354,0.75,cluster_phonetic,4
meji,4355,0.75,cluster_phonetic,4
meji,4355,0.75,cluster_phonetic,4
meji,4355,0.75,cluster_phonetic,4
meji,4355,0.75,cluster_phonetic,4
meji,4355,0.75,cluster_phonetic,4
quieto,4356,0.75,cluster_phonetic,4
quieto,4356,0.75,cluster_phonetic,4
quieto,4356,0.75,cluster_phonetic,4
quieto,4356,0.75,cluster_phonetic,4
quieto,4356,0.75,cluster_phonetic,4
sooo,4357,0.75,cluster_phonetic,4
sooo,4357,0.75,cluster_phonetic,4
sooo,4357,0.75,cluster_phonetic,4
sooo,4357,0.75,cluster_phonetic,4
sooo,4357,0.75,cluster_phonetic,4
throe,4358,0.75,cluster_phonetic,4
toppy,4359,0.75,cluster_phonetic,4
toppy,4359,0.75,cluster_phonetic,4
toppy,4359,0.75,cluster_phonetic,4
toppy,4359,0.75,cluster_phonetic,4
toppy,4359,0.75,cluster_phonetic,4
unganayo,4360,0.75,cluster_phonetic,4
unganayo,4360,0.75,cluster_phonetic,4
unganayo,4360,0.75,cluster_phonetic,4
unganayo,4360,0.75,cluster_phonetic,4
unganayo,4360,0.75,cluster_phonetic,4
laju,4361,0.75,cluster_phonetic,4
laju,4361,0.75,cluster_phonetic,4
laju,4361,0.75,cluster_phonetic,4
laju,4361,0.75,cluster_phonetic,4
laju,4361,0.75,cluster_phonetic,4
ovo,4362,0.75,cluster_phonetic,4
ovo,4362,0.75,cluster_phonetic,4
ovo,4362,0.75,cluster_phonetic,4
ovo,4362,0.75,cluster_phonetic,4
ovo,4362,0.75,cluster_phonetic,4
pivo,4363,0.75,cluster_phonetic,4
pivo,4363,0.75,cluster_phonetic,4
pivo,4363,0.75,cluster_phonetic,4
pivo,4363,0.75,cluster_phonetic,4
pivo,4363,0.75,cluster_phonetic,4
poju,4364,0.75,cluster_phonetic,4
poju,4364,0.75,cluster_phonetic,4
poju,4364,0.75,cluster_phonetic,4
poju,4364,0.75,cluster_phonetic,4
poju,4364,0.75,cluster_phonetic,4
birao,4365,0.75,cluster_phonetic,4
birao,4365,0.75,cluster_phonetic,4
birao,4365,0.75,cluster_phonetic,4
birao,4365,0.75,cluster_phonetic,4
birao,4365,0.75,cluster_phonetic,4
cabrio,4366,0.75,cluster_phonetic,4
cabrio,4366,0.75,cluster_phonetic,4
cabrio,4366,0.75,cluster_phonetic,4
cabrio,4366,0.75,cluster_phonetic,4
cabrio,4366,0.75,cluster_phonetic,4
chulo,4367,0.75,cluster_phonetic,4
chulo,4367,0.75,cluster_phonetic,4
chulo,4367,0.75,cluster_phonetic,4
chulo,4367,0.75,cluster_phonetic,4
chulo,4367,0.75,cluster_phonetic,4
dijamantii,4368,0.75,cluster_phonetic,4
dijamantii,4368,0.75,cluster_phonetic,4
dijamantii,4368,0.75,cluster_phonetic,4
dijamantii,4368,0.75,cluster_phonetic,4
dijamantii,4368,0.75,cluster_phonetic,4
imao,4369,0.75,cluster_phonetic,4
imao,4369,0.75,cluster_phonetic,4
imao,4369,0.75,cluster_phonetic,4
imao,4369,0.75,cluster_phonetic,4
imao,4369,0.75,cluster_phonetic,4
kiddo,4370,0.75,cluster_phonetic,4
kiddo,4370,0.75,cluster_phonetic,4
kiddo,4370,0.75,cluster_phonetic,4
kiddo,4370,0.75,cluster_phonetic,4
kiddo,4370,0.75,cluster_phonetic,4
kratko,4371,0.75,cluster_phonetic,4
kratko,4371,0.75,cluster_phonetic,4
kratko,4371,0.75,cluster_phonetic,4
kratko,4371,0.75,cluster_phonetic,4
kratko,4371,0.75,cluster_phonetic,4
lado,4372,0.75,cluster_phonetic,4
lado,4372,0.75,cluster_phonetic,4
lado,4372,0.75,cluster_phonetic,4
lado,4372,0.75,cluster_phonetic,4
lado,4372,0.75,cluster_phonetic,4
magnifico,4373,0.75,cluster_phonetic,4
pljusti,4374,0.75,cluster_phonetic,4
pljusti,4374,0.75,cluster_phonetic,4
pljusti,4374,0.75,cluster_phonetic,4
pljusti,4374,0.75,cluster_phonetic,4
pljusti,4374,0.75,cluster_phonetic,4
spusti,4374,0.75,cluster_phonetic,4
spusti,4374,0.75,cluster_phonetic,4
spusti,4374,0.75,cluster_phonetic,4
spusti,4374,0.75,cluster_phonetic,4
spusti,4374,0.75,cluster_phonetic,4
susti,4374,0.75,cluster_phonetic,4
susti,4374,0.75,cluster_phonetic,4
susti,4374,0.75,cluster_phonetic,4
susti,4374,0.75,cluster_phonetic,4
susti,4374,0.75,cluster_phonetic,4
tshufi,4375,0.75,cluster_phonetic,4
tshufi,4375,0.75,cluster_phonetic,4
tshufi,4375,0.75,cluster_phonetic,4
tshufi,4375,0.75,cluster_phonetic,4
tshufi,4375,0.75,cluster_phonetic,4
unganaxo,4376,0.75,cluster_phonetic,4
unganaxo,4376,0.75,cluster_phonetic,4
unganaxo,4376,0.75,cluster_phonetic,4
unganaxo,4376,0.75,cluster_phonetic,4
unganaxo,4376,0.75,cluster_phonetic,4
down',4377,0.75,cluster_phonetic,4
down',4377,0.75,cluster_phonetic,4
down',4377,0.75,cluster_phonetic,4
down',4377,0.75,cluster_phonetic,4
hod,4378,0.75,cluster_phonetic,4
igbati,4379,0.75,cluster_phonetic,4
igbati,4379,0.75,cluster_phonetic,4
igbati,4379,0.75,cluster_phonetic,4
igbati,4379,0.75,cluster_phonetic,4
igbati,4379,0.75,cluster_phonetic,4
mm,4380,0.75,cluster_phonetic,4
mm,4380,0.75,cluster_phonetic,4
mm,4380,0.75,cluster_phonetic,4
mm,4380,0.75,cluster_phonetic,4
buildin,4381,0.75,cluster_phonetic,4
wildin,4381,0.75,cluster_phonetic,4
wildin',4381,0.75,cluster_phonetic,4
wildin',4381,0.75,cluster_phonetic,4
wildin',4381,0.75,cluster_phonetic,4
wildin',4381,0.75,cluster_phonetic,4
cud,4382,0.75,cluster_phonetic,4
fyh,4383,0.75,cluster_phonetic,4
fyh,4383,0.75,cluster_phonetic,4
fyh,4383,0.75,cluster_phonetic,4
fyh,4383,0.75,cluster_phonetic,4
fyh,4383,0.75,cluster_phonetic,4
mmmmmmh,4384,0.75,cluster_phonetic,4
mmmmmmh,4384,0.75,cluster_phonetic,4
mmmmmmh,4384,0.75,cluster_phonetic,4
mmmmmmh,4384,0.75,cluster_phonetic,4
mmmmmmh,4384,0.75,cluster_phonetic,4
ayu,4385,0.75,cluster_phonetic,4
ayu,4385,0.75,cluster_phonetic,4
ayu,4385,0.75,cluster_phonetic,4
ayu,4385,0.75,cluster_phonetic,4
ayu,4385,0.75,cluster_phonetic,4
ej,4386,0.75,cluster_phonetic,4
ej,4386,0.75,cluster_phonetic,4
ej,4386,0.75,cluster_phonetic,4
ej,4386,0.75,cluster_phonetic,4
gizu,4387,0.75,cluster_phonetic,4
gizu,4387,0.75,cluster_phonetic,4
gizu,4387,0.75,cluster_phonetic,4
gizu,4387,0.75,cluster_phonetic,4
gizu,4387,0.75,cluster_phonetic,4
ooooww,4388,0.75,cluster_phonetic,4
ooooww,4388,0.75,cluster_phonetic,4
ooooww,4388,0.75,cluster_phonetic,4
ooooww,4388,0.75,cluster_phonetic,4
ooooww,4388,0.75,cluster_phonetic,4
oooww,4388,0.75,cluster_phonetic,4
oooww,4388,0.75,cluster_phonetic,4
oooww,4388,0.75,cluster_phonetic,4
oooww,4388,0.75,cluster_phonetic,4
oooww,4388,0.75,cluster_phonetic,4
srew,4389,0.75,cluster_phonetic,4
srew,4389,0.75,cluster_phonetic,4
srew,4389,0.75,cluster_phonetic,4
srew,4389,0.75,cluster_phonetic,4
srew,4389,0.75,cluster_phonetic,4
vui,4390,0.75,cluster_phonetic,4
vui,4390,0.75,cluster_phonetic,4
vui,4390,0.75,cluster_phonetic,4
vui,4390,0.75,cluster_phonetic,4
vui,4390,0.75,cluster_phonetic,4
yg,4391,0.75,cluster_phonetic,4
yg,4391,0.75,cluster_phonetic,4
yg,4391,0.75,cluster_phonetic,4
yg,4391,0.75,cluster_phonetic,4
racin,4392,0.75,cluster_phonetic,4
racin',4392,0.75,cluster_phonetic,4
racin',4392,0.75,cluster_phonetic,4
racin',4392,0.75,cluster_phonetic,4
racin',4392,0.75,cluster_phonetic,4
sinkin,4393,0.75,cluster_phonetic,4
sinkin',4393,0.75,cluster_phonetic,4
sinkin',4393,0.75,cluster_phonetic,4
sinkin',4393,0.75,cluster_phonetic,4
sinkin',4393,0.75,cluster_phonetic,4
abominate,4394,0.75,cluster_phonetic,4
cachinate,4394,0.75,cluster_phonetic,4
importunate,4394,0.75,cluster_phonetic,4
personate,4394,0.75,cluster_phonetic,4
predestinate,4394,0.75,cluster_phonetic,4
antedate,4395,0.75,cluster_phonetic,4
chalybeate,4396,0.75,cluster_phonetic,4
co-operate,4397,0.75,cluster_phonetic,4
expectorate,4397,0.75,cluster_phonetic,4
immoderate,4397,0.75,cluster_phonetic,4
impetrate,4397,0.75,cluster_phonetic,4
ingrate,4397,0.75,cluster_phonetic,4
micturate,4397,0.75,cluster_phonetic,4
prate,4397,0.75,cluster_phonetic,4
triturate,4397,0.75,cluster_phonetic,4
derogate,4398,0.75,cluster_phonetic,4
disconsolate,4399,0.75,cluster_phonetic,4
expostulate,4399,0.75,cluster_phonetic,4
fornicate,4400,0.75,cluster_phonetic,4
imprecate,4400,0.75,cluster_phonetic,4
rusticate,4400,0.75,cluster_phonetic,4
insatiate,4401,0.75,cluster_phonetic,4
titivate,4402,0.75,cluster_phonetic,4
sinecure,4403,0.75,cluster_phonetic,4
awn,4404,0.75,cluster_phonetic,4
foemen,4405,0.75,cluster_phonetic,4
shitted,4406,0.75,cluster_phonetic,4
shitted,4406,0.75,cluster_phonetic,4
shitted,4406,0.75,cluster_phonetic,4
shitted,4406,0.75,cluster_phonetic,4
shitted,4406,0.75,cluster_phonetic,4
wort,4407,0.75,cluster_phonetic,4
glose,4408,0.75,cluster_phonetic,4
jax,4409,0.75,cluster_phonetic,4
nla,4410,0.75,cluster_phonetic,4
nla,4410,0.75,cluster_phonetic,4
nla,4410,0.75,cluster_phonetic,4
nla,4410,0.75,cluster_phonetic,4
nla,4410,0.75,cluster_phonetic,4
hawtoo,4411,0.75,cluster_phonetic,4
hawtoo,4411,0.75,cluster_phonetic,4
hawtoo,4411,0.75,cluster_phonetic,4
hawtoo,4411,0.75,cluster_phonetic,4
hawtoo,4411,0.75,cluster_phonetic,4
bezique,4412,0.75,cluster_phonetic,4
malique,4412,0.75,cluster_phonetic,4
malique,4412,0.75,cluster_phonetic,4
malique,4412,0.75,cluster_phonetic,4
malique,4412,0.75,cluster_phonetic,4
malique,4412,0.75,cluster_phonetic,4
adresi,4413,0.75,cluster_phonetic,4
adresi,4413,0.75,cluster_phonetic,4
adresi,4413,0.75,cluster_phonetic,4
adresi,4413,0.75,cluster_phonetic,4
adresi,4413,0.75,cluster_phonetic,4
ayi,4414,0.75,cluster_phonetic,4
ayi,4414,0.75,cluster_phonetic,4
ayi,4414,0.75,cluster_phonetic,4
ayi,4414,0.75,cluster_phonetic,4
ayi,4414,0.75,cluster_phonetic,4
bani,4415,0.75,cluster_phonetic,4
bani,4415,0.75,cluster_phonetic,4
bani,4415,0.75,cluster_phonetic,4
bani,4415,0.75,cluster_phonetic,4
bani,4415,0.75,cluster_phonetic,4
chyy,4416,0.75,cluster_phonetic,4
chyy,4416,0.75,cluster_phonetic,4
chyy,4416,0.75,cluster_phonetic,4
chyy,4416,0.75,cluster_phonetic,4
chyy,4416,0.75,cluster_phonetic,4
cosily,4417,0.75,cluster_phonetic,4
drtni,4418,0.75,cluster_phonetic,4
drtni,4418,0.75,cluster_phonetic,4
drtni,4418,0.75,cluster_phonetic,4
drtni,4418,0.75,cluster_phonetic,4
drtni,4418,0.75,cluster_phonetic,4
jrtni,4418,0.75,cluster_phonetic,4
jrtni,4418,0.75,cluster_phonetic,4
jrtni,4418,0.75,cluster_phonetic,4
jrtni,4418,0.75,cluster_phonetic,4
jrtni,4418,0.75,cluster_phonetic,4
dy,4419,0.75,cluster_phonetic,4
dy,4419,0.75,cluster_phonetic,4
dy,4419,0.75,cluster_phonetic,4
dy,4419,0.75,cluster_phonetic,4
groupy,4420,0.75,cluster_phonetic,4
groupy,4420,0.75,cluster_phonetic,4
groupy,4420,0.75,cluster_phonetic,4
groupy,4420,0.75,cluster_phonetic,4
groupy,4420,0.75,cluster_phonetic,4
ibadi,4421,0.75,cluster_phonetic,4
ibadi,4421,0.75,cluster_phonetic,4
ibadi,4421,0.75,cluster_phonetic,4
ibadi,4421,0.75,cluster_phonetic,4
ibadi,4421,0.75,cluster_phonetic,4
isti,4422,0.75,cluster_phonetic,4
isti,4422,0.75,cluster_phonetic,4
isti,4422,0.75,cluster_phonetic,4
isti,4422,0.75,cluster_phonetic,4
isti,4422,0.75,cluster_phonetic,4
kilani,4423,0.75,cluster_phonetic,4
kilani,4423,0.75,cluster_phonetic,4
kilani,4423,0.75,cluster_phonetic,4
kilani,4423,0.75,cluster_phonetic,4
kilani,4423,0.75,cluster_phonetic,4
ope,4424,0.75,cluster_phonetic,4
rdtni,4425,0.75,cluster_phonetic,4
rdtni,4425,0.75,cluster_phonetic,4
rdtni,4425,0.75,cluster_phonetic,4
rdtni,4425,0.75,cluster_phonetic,4
rdtni,4425,0.75,cluster_phonetic,4
stani,4426,0.75,cluster_phonetic,4
stani,4426,0.75,cluster_phonetic,4
stani,4426,0.75,cluster_phonetic,4
stani,4426,0.75,cluster_phonetic,4
stani,4426,0.75,cluster_phonetic,4
tomi,4427,0.75,cluster_phonetic,4
tomi,4427,0.75,cluster_phonetic,4
tomi,4427,0.75,cluster_phonetic,4
tomi,4427,0.75,cluster_phonetic,4
tomi,4427,0.75,cluster_phonetic,4
verily,4428,0.75,cluster_phonetic,4
beatitude,4429,0.75,cluster_phonetic,4
habitude,4429,0.75,cluster_phonetic,4
inaptitude,4429,0.75,cluster_phonetic,4
ingratitude,4429,0.75,cluster_phonetic,4
lassitude,4429,0.75,cluster_phonetic,4
plenitude,4429,0.75,cluster_phonetic,4
promptitude,4429,0.75,cluster_phonetic,4
similitude,4429,0.75,cluster_phonetic,4
snood,4430,0.75,cluster_phonetic,4
duerf,4431,0.75,cluster_phonetic,4
duerf,4431,0.75,cluster_phonetic,4
duerf,4431,0.75,cluster_phonetic,4
duerf,4431,0.75,cluster_phonetic,4
duerf,4431,0.75,cluster_phonetic,4
nas,4432,0.75,cluster_phonetic,4
nas,4432,0.75,cluster_phonetic,4
nas,4432,0.75,cluster_phonetic,4
nas,4432,0.75,cluster_phonetic,4
nas,4432,0.75,cluster_phonetic,4
streamlet,4433,0.75,cluster_phonetic,4
nox,4434,0.75,cluster_phonetic,4
nox,4434,0.75,cluster_phonetic,4
nox,4434,0.75,cluster_phonetic,4
nox,4434,0.75,cluster_phonetic,4
nox,4434,0.75,cluster_phonetic,4
zabivayesh,4435,0.75,cluster_phonetic,4
zabivayesh',4435,0.75,cluster_phonetic,4
zabivayesh',4435,0.75,cluster_phonetic,4
zabivayesh',4435,0.75,cluster_phonetic,4
zabivayesh',4435,0.75,cluster_phonetic,4
moj,4436,0.75,cluster_phonetic,4
moj,4436,0.75,cluster_phonetic,4
moj,4436,0.75,cluster_phonetic,4
moj,4436,0.75,cluster_phonetic,4
moj,4436,0.75,cluster_phonetic,4
camelia,4437,0.75,cluster_phonetic,4
cyclopedia,4438,0.75,cluster_phonetic,4
dyspepsia,4439,0.75,cluster_phonetic,4
effluvia,4440,0.75,cluster_phonetic,4
neuralgia,4441,0.75,cluster_phonetic,4
paranomasia,4442,0.75,cluster_phonetic,4
sciatica,4443,0.75,cluster_phonetic,4
knabf,4444,0.75,cluster_phonetic,4
duenna,4445,0.75,cluster_phonetic,4
fuchsia,4446,0.75,cluster_phonetic,4
habnab,4447,0.75,cluster_phonetic,4
arrack,4448,0.75,cluster_phonetic,4
celiac,4449,0.75,cluster_phonetic,4
iliac,4449,0.75,cluster_phonetic,4
demoniac,4450,0.75,cluster_phonetic,4
dypsomaniac,4450,0.75,cluster_phonetic,4
salammoniac,4450,0.75,cluster_phonetic,4
elegiac,4451,0.75,cluster_phonetic,4
hypocondriac,4452,0.75,cluster_phonetic,4
nick-nack,4453,0.75,cluster_phonetic,4
symposiar,4454,0.75,cluster_phonetic,4
abase,4455,0.75,cluster_phonetic,4
outface,4456,0.75,cluster_phonetic,4
plaice,4457,0.75,cluster_phonetic,4
unlace,4458,0.75,cluster_phonetic,4
cataphract,4459,0.75,cluster_phonetic,4
fract,4459,0.75,cluster_phonetic,4
fract,4459,0.75,cluster_phonetic,4
infract,4459,0.75,cluster_phonetic,4
precontract,4459,0.75,cluster_phonetic,4
refract,4459,0.75,cluster_phonetic,4
co-act,4460,0.75,cluster_phonetic,4
epact,4461,0.75,cluster_phonetic,4
incompact,4461,0.75,cluster_phonetic,4
re-enact,4462,0.75,cluster_phonetic,4
subact,4463,0.75,cluster_phonetic,4
abraid,4464,0.75,cluster_phonetic,4
ambuscade,4465,0.75,cluster_phonetic,4
cockade,4466,0.75,cluster_phonetic,4
dadef,4467,0.75,cluster_phonetic,4
dryad,4468,0.75,cluster_phonetic,4
footpad,4469,0.75,cluster_phonetic,4
fusilade,4470,0.75,cluster_phonetic,4
overlade,4470,0.75,cluster_phonetic,4
unlade,4470,0.75,cluster_phonetic,4
milkmaid,4471,0.75,cluster_phonetic,4
relaid,4472,0.75,cluster_phonetic,4
vade,4473,0.75,cluster_phonetic,4
fadge,4474,0.75,cluster_phonetic,4
abaft,4475,0.75,cluster_phonetic,4
cenotaph,4476,0.75,cluster_phonetic,4
distaff,4477,0.75,cluster_phonetic,4
quarter-staff,4477,0.75,cluster_phonetic,4
tipstaff,4477,0.75,cluster_phonetic,4
draff,4478,0.75,cluster_phonetic,4
riff-raff,4478,0.75,cluster_phonetic,4
grafft,4479,0.75,cluster_phonetic,4
ingraft,4480,0.75,cluster_phonetic,4
naif,4481,0.75,cluster_phonetic,4
vouchsafe,4482,0.75,cluster_phonetic,4
quag,4483,0.75,cluster_phonetic,4
scrag,4484,0.75,cluster_phonetic,4
suage,4485,0.75,cluster_phonetic,4
swage,4486,0.75,cluster_phonetic,4
tag-rag,4487,0.75,cluster_phonetic,4
appanage,4488,0.75,cluster_phonetic,4
menage,4488,0.75,cluster_phonetic,4
personage,4488,0.75,cluster_phonetic,4
villanage,4488,0.75,cluster_phonetic,4
boskage,4489,0.75,cluster_phonetic,4
dotage,4490,0.75,cluster_phonetic,4
scutage,4490,0.75,cluster_phonetic,4
equipage,4491,0.75,cluster_phonetic,4
pasturage,4492,0.75,cluster_phonetic,4
steerage,4492,0.75,cluster_phonetic,4
aventail,4493,0.75,cluster_phonetic,4
aventail,4493,0.75,cluster_phonetic,4
bewail,4494,0.75,cluster_phonetic,4
bewail,4494,0.75,cluster_phonetic,4
brail,4495,0.75,cluster_phonetic,4
brail,4495,0.75,cluster_phonetic,4
swale,4496,0.75,cluster_phonetic,4
swale,4496,0.75,cluster_phonetic,4
wassail,4497,0.75,cluster_phonetic,4
wassail,4497,0.75,cluster_phonetic,4
misname,4498,0.75,cluster_phonetic,4
amain,4499,0.75,cluster_phonetic,4
appertain,4500,0.75,cluster_phonetic,4
distrain,4501,0.75,cluster_phonetic,4
murrain,4501,0.75,cluster_phonetic,4
enchain,4502,0.75,cluster_phonetic,4
attaint,4503,0.75,cluster_phonetic,4
distraint,4503,0.75,cluster_phonetic,4
plaint,4503,0.75,cluster_phonetic,4
maynet,4504,0.75,cluster_phonetic,4
coheir,4505,0.75,cluster_phonetic,4
debonnair,4506,0.75,cluster_phonetic,4
eeer,4507,0.75,cluster_phonetic,4
forbear,4508,0.75,cluster_phonetic,4
glair,4509,0.75,cluster_phonetic,4
dissever,4510,0.75,cluster_phonetic,4
howsoever,4510,0.75,cluster_phonetic,4
cross-ways,4511,0.75,cluster_phonetic,4
capacitate,4512,0.75,cluster_phonetic,4
bespake,4513,0.75,cluster_phonetic,4
corn-crake,4514,0.75,cluster_phonetic,4
dogmatical,4515,0.75,cluster_phonetic,4
prophetical,4515,0.75,cluster_phonetic,4
tragical,4515,0.75,cluster_phonetic,4
equinoctial,4516,0.75,cluster_phonetic,4
sempiternal,4517,0.75,cluster_phonetic,4
seneschal,4518,0.75,cluster_phonetic,4
baulk,4519,0.75,cluster_phonetic,4
catafalque,4520,0.75,cluster_phonetic,4
mawk,4521,0.75,cluster_phonetic,4
appal,4522,0.75,cluster_phonetic,4
trawl,4523,0.75,cluster_phonetic,4
dolt,4524,0.75,cluster_phonetic,4
calve,4525,0.75,cluster_phonetic,4
beldam,4526,0.75,cluster_phonetic,4
oriflamb,4527,0.75,cluster_phonetic,4
cryptogram,4528,0.75,cluster_phonetic,4
parallelogram,4528,0.75,cluster_phonetic,4
quondam,4529,0.75,cluster_phonetic,4
scamp,4530,0.75,cluster_phonetic,4
barracan,4531,0.75,cluster_phonetic,4
oppidan,4532,0.75,cluster_phonetic,4
ortolan,4533,0.75,cluster_phonetic,4
trepan,4534,0.75,cluster_phonetic,4
unman,4535,0.75,cluster_phonetic,4
attitudinarian,4536,0.75,cluster_phonetic,4
latitudinarian,4536,0.75,cluster_phonetic,4
platitudinarian,4536,0.75,cluster_phonetic,4
foreran,4537,0.75,cluster_phonetic,4
publican,4538,0.75,cluster_phonetic,4
ganch,4539,0.75,cluster_phonetic,4
haunch,4540,0.75,cluster_phonetic,4
disrank,4541,0.75,cluster_phonetic,4
mountebank,4542,0.75,cluster_phonetic,4
slank,4543,0.75,cluster_phonetic,4
aslant,4544,0.75,cluster_phonetic,4
displant,4544,0.75,cluster_phonetic,4
disputant,4545,0.75,cluster_phonetic,4
visitant,4545,0.75,cluster_phonetic,4
recreant,4546,0.75,cluster_phonetic,4
recusant,4547,0.75,cluster_phonetic,4
termagant,4548,0.75,cluster_phonetic,4
canet,4549,0.75,cluster_phonetic,4
ufiorit,4550,0.75,cluster_phonetic,4
affrap,4551,0.75,cluster_phonetic,4
enwrap,4552,0.75,cluster_phonetic,4
knapt,4553,0.75,cluster_phonetic,4
chape,4554,0.75,cluster_phonetic,4
jape,4555,0.75,cluster_phonetic,4
trapse,4556,0.75,cluster_phonetic,4
catarrh,4557,0.75,cluster_phonetic,4
caviare,4558,0.75,cluster_phonetic,4
debar,4559,0.75,cluster_phonetic,4
durbar,4560,0.75,cluster_phonetic,4
felspar,4561,0.75,cluster_phonetic,4
scimitar,4562,0.75,cluster_phonetic,4
unbar,4563,0.75,cluster_phonetic,4
sarse,4564,0.75,cluster_phonetic,4
countermarch,4565,0.75,cluster_phonetic,4
heresiarch,4565,0.75,cluster_phonetic,4
hierarch,4565,0.75,cluster_phonetic,4
costard,4566,0.75,cluster_phonetic,4
dastard,4566,0.75,cluster_phonetic,4
dotard,4566,0.75,cluster_phonetic,4
interlard,4567,0.75,cluster_phonetic,4
pard,4568,0.75,cluster_phonetic,4
qualm,4569,0.75,cluster_phonetic,4
tarn,4570,0.75,cluster_phonetic,4
cark,4571,0.75,cluster_phonetic,4
counterscarp,4572,0.75,cluster_phonetic,4
barm,4573,0.75,cluster_phonetic,4
erysipelas,4574,0.75,cluster_phonetic,4
cuirass,4575,0.75,cluster_phonetic,4
plash,4576,0.75,cluster_phonetic,4
hask,4577,0.75,cluster_phonetic,4
cataplasm,4578,0.75,cluster_phonetic,4
protoplasm,4578,0.75,cluster_phonetic,4
avast,4579,0.75,cluster_phonetic,4
hasp,4580,0.75,cluster_phonetic,4
repast,4581,0.75,cluster_phonetic,4
cravat,4582,0.75,cluster_phonetic,4
avaunt,4583,0.75,cluster_phonetic,4
vaunt,4583,0.75,cluster_phonetic,4
outbrave,4584,0.75,cluster_phonetic,4
outbrave,4584,0.75,cluster_phonetic,4
cats-paw,4585,0.75,cluster_phonetic,4
hawhaw,4586,0.75,cluster_phonetic,4
jackdaw,4587,0.75,cluster_phonetic,4
overawe,4588,0.75,cluster_phonetic,4
squaw,4589,0.75,cluster_phonetic,4
belay,4590,0.75,cluster_phonetic,4
roundelay,4590,0.75,cluster_phonetic,4
bewray,4591,0.75,cluster_phonetic,4
denay,4592,0.75,cluster_phonetic,4
poll-tax,4593,0.75,cluster_phonetic,4
affray,4594,0.75,cluster_phonetic,4
inveigh,4595,0.75,cluster_phonetic,4
frontispiece,4596,0.75,cluster_phonetic,4
eece,4597,0.75,cluster_phonetic,4
deil,4598,0.75,cluster_phonetic,4
wheal,4599,0.75,cluster_phonetic,4
misdeem,4600,0.75,cluster_phonetic,4
beseem,4601,0.75,cluster_phonetic,4
beteem,4602,0.75,cluster_phonetic,4
blaspheme,4603,0.75,cluster_phonetic,4
ethm,4604,0.75,cluster_phonetic,4
whelm,4605,0.75,cluster_phonetic,4
quean,4606,0.75,cluster_phonetic,4
ween,4607,0.75,cluster_phonetic,4
terrene,4608,0.75,cluster_phonetic,4
crinoline,4609,0.75,cluster_phonetic,4
interline,4609,0.75,cluster_phonetic,4
beweep,4610,0.75,cluster_phonetic,4
neap,4611,0.75,cluster_phonetic,4
besmear,4612,0.75,cluster_phonetic,4
chanticleer,4613,0.75,cluster_phonetic,4
leer,4613,0.75,cluster_phonetic,4
charioteer,4614,0.75,cluster_phonetic,4
muleteer,4614,0.75,cluster_phonetic,4
privateer,4614,0.75,cluster_phonetic,4
chiffonier,4615,0.75,cluster_phonetic,4
compeer,4616,0.75,cluster_phonetic,4
szvarth,4617,0.75,cluster_phonetic,4
bleat,4618,0.75,cluster_phonetic,4
entreat,4619,0.75,cluster_phonetic,4
estreat,4619,0.75,cluster_phonetic,4
escheat,4620,0.75,cluster_phonetic,4
greit,4621,0.75,cluster_phonetic,4
overspread,4622,0.75,cluster_phonetic,4
bawbee,4623,0.75,cluster_phonetic,4
bequeathe,4624,0.75,cluster_phonetic,4
scathe,4624,0.75,cluster_phonetic,4
wreathe,4624,0.75,cluster_phonetic,4
kedge,4625,0.75,cluster_phonetic,4
unweave,4626,0.75,cluster_phonetic,4
meed,4627,0.75,cluster_phonetic,4
velocipede,4628,0.75,cluster_phonetic,4
weft,4629,0.75,cluster_phonetic,4
whipfed,4630,0.75,cluster_phonetic,4
philabeg,4631,0.75,cluster_phonetic,4
mongrel,4632,0.75,cluster_phonetic,4
petrel,4633,0.75,cluster_phonetic,4
asphodel,4634,0.75,cluster_phonetic,4
calomel,4635,0.75,cluster_phonetic,4
muscatel,4636,0.75,cluster_phonetic,4
gelt,4637,0.75,cluster_phonetic,4
helve,4638,0.75,cluster_phonetic,4
anadem,4639,0.75,cluster_phonetic,4
apothegm,4640,0.75,cluster_phonetic,4
kemb,4641,0.75,cluster_phonetic,4
cozen,4642,0.75,cluster_phonetic,4
whelk,4643,0.75,cluster_phonetic,4
syren,4644,0.75,cluster_phonetic,4
syren,4644,0.75,cluster_phonetic,4
prepense,4645,0.75,cluster_phonetic,4
blench,4646,0.75,cluster_phonetic,4
intrench,4646,0.75,cluster_phonetic,4
forefend,4647,0.75,cluster_phonetic,4
obtend,4648,0.75,cluster_phonetic,4
protend,4648,0.75,cluster_phonetic,4
reprehend,4649,0.75,cluster_phonetic,4
vend,4650,0.75,cluster_phonetic,4
vend,4650,0.75,cluster_phonetic,4
firmanent,4651,0.75,cluster_phonetic,4
improvident,4652,0.75,cluster_phonetic,4
impudent,4652,0.75,cluster_phonetic,4
unbent,4653,0.75,cluster_phonetic,4
demirep,4654,0.75,cluster_phonetic,4
artificer,4655,0.75,cluster_phonetic,4
douceur,4656,0.75,cluster_phonetic,4
flatterer,4657,0.75,cluster_phonetic,4
loiterer,4657,0.75,cluster_phonetic,4
thunderer,4657,0.75,cluster_phonetic,4
lawgiver,4658,0.75,cluster_phonetic,4
presbyter,4659,0.75,cluster_phonetic,4
sepulchre,4660,0.75,cluster_phonetic,4
sombre,4661,0.75,cluster_phonetic,4
toper,4662,0.75,cluster_phonetic,4
usurer,4663,0.75,cluster_phonetic,4
whirr,4664,0.75,cluster_phonetic,4
smirch,4665,0.75,cluster_phonetic,4
sherd,4666,0.75,cluster_phonetic,4
scurf,4667,0.75,cluster_phonetic,4
surt,4668,0.75,cluster_phonetic,4
immerge,4669,0.75,cluster_phonetic,4
immerge,4669,0.75,cluster_phonetic,4
amerce,4670,0.75,cluster_phonetic,4
asperse,4671,0.75,cluster_phonetic,4
kerne,4672,0.75,cluster_phonetic,4
quern,4673,0.75,cluster_phonetic,4
controvert,4674,0.75,cluster_phonetic,4
disserve,4675,0.75,cluster_phonetic,4
subserve,4675,0.75,cluster_phonetic,4
abbess,4676,0.75,cluster_phonetic,4
effervesce,4677,0.75,cluster_phonetic,4
foolhardiness,4678,0.75,cluster_phonetic,4
gladness,4678,0.75,cluster_phonetic,4
arabesque,4679,0.75,cluster_phonetic,4
moresque,4679,0.75,cluster_phonetic,4
odalisque,4679,0.75,cluster_phonetic,4
nesh,4680,0.75,cluster_phonetic,4
obtest,4681,0.75,cluster_phonetic,4
anchoret,4682,0.75,cluster_phonetic,4
basinet,4683,0.75,cluster_phonetic,4
castinet,4683,0.75,cluster_phonetic,4
martinet,4683,0.75,cluster_phonetic,4
coquet,4684,0.75,cluster_phonetic,4
parroquet,4684,0.75,cluster_phonetic,4
coquette,4685,0.75,cluster_phonetic,4
epaulette,4685,0.75,cluster_phonetic,4
marionette,4685,0.75,cluster_phonetic,4
mignonette,4685,0.75,cluster_phonetic,4
novelette,4685,0.75,cluster_phonetic,4
omelette,4685,0.75,cluster_phonetic,4
serviette,4685,0.75,cluster_phonetic,4
wagonette,4685,0.75,cluster_phonetic,4
couplet,4686,0.75,cluster_phonetic,4
cygnet,4687,0.75,cluster_phonetic,4
floweret,4688,0.75,cluster_phonetic,4
habet,4689,0.75,cluster_phonetic,4
rivulet,4690,0.75,cluster_phonetic,4
sestet,4691,0.75,cluster_phonetic,4
bedew,4692,0.75,cluster_phonetic,4
emew,4693,0.75,cluster_phonetic,4
endue,4694,0.75,cluster_phonetic,4
parvenu,4695,0.75,cluster_phonetic,4
purlieu,4696,0.75,cluster_phonetic,4
codex,4697,0.75,cluster_phonetic,4
squib,4698,0.75,cluster_phonetic,4
superscribe,4699,0.75,cluster_phonetic,4
acrostic,4700,0.75,cluster_phonetic,4
cabalistic,4700,0.75,cluster_phonetic,4
paleocrystic,4700,0.75,cluster_phonetic,4
prognostic,4700,0.75,cluster_phonetic,4
beatific,4701,0.75,cluster_phonetic,4
colic,4702,0.75,cluster_phonetic,4
euphonic,4703,0.75,cluster_phonetic,4
iambic,4704,0.75,cluster_phonetic,4
memphitic,4705,0.75,cluster_phonetic,4
cybernetic,4706,0.75,cluster_phonetic,4
mimetic,4706,0.75,cluster_phonetic,4
splenetic,4706,0.75,cluster_phonetic,4
morganatic,4707,0.75,cluster_phonetic,4
schismatic,4707,0.75,cluster_phonetic,4
panegyric,4708,0.75,cluster_phonetic,4
plethoric,4709,0.75,cluster_phonetic,4
relict,4710,0.75,cluster_phonetic,4
bestrid,4711,0.75,cluster_phonetic,4
chid,4712,0.75,cluster_phonetic,4
foetid,4713,0.75,cluster_phonetic,4
bestride,4714,0.75,cluster_phonetic,4
gride,4714,0.75,cluster_phonetic,4
nide,4715,0.75,cluster_phonetic,4
fidge,4716,0.75,cluster_phonetic,4
assiege,4717,0.75,cluster_phonetic,4
weald,4718,0.75,cluster_phonetic,4
bibliophile,4719,0.75,cluster_phonetic,4
erewhile,4719,0.75,cluster_phonetic,4
pensile,4720,0.75,cluster_phonetic,4
chyle,4721,0.75,cluster_phonetic,4
defile,4722,0.75,cluster_phonetic,4
edile,4723,0.75,cluster_phonetic,4
codicil,4724,0.75,cluster_phonetic,4
deshabille,4725,0.75,cluster_phonetic,4
instil,4726,0.75,cluster_phonetic,4
spilth,4727,0.75,cluster_phonetic,4
glim,4728,0.75,cluster_phonetic,4
clime,4729,0.75,cluster_phonetic,4
gimp,4730,0.75,cluster_phonetic,4
jimp,4731,0.75,cluster_phonetic,4
palanquin,4732,0.75,cluster_phonetic,4
tocsin,4733,0.75,cluster_phonetic,4
whin,4734,0.75,cluster_phonetic,4
tinct,4735,0.75,cluster_phonetic,4
adamantine,4736,0.75,cluster_phonetic,4
condign,4737,0.75,cluster_phonetic,4
indign,4737,0.75,cluster_phonetic,4
countermine,4738,0.75,cluster_phonetic,4
entwune,4739,0.75,cluster_phonetic,4
eyne,4740,0.75,cluster_phonetic,4
incarnadine,4741,0.75,cluster_phonetic,4
kine,4742,0.75,cluster_phonetic,4
leonine,4743,0.75,cluster_phonetic,4
linee,4744,0.75,cluster_phonetic,4
repine,4745,0.75,cluster_phonetic,4
syne,4746,0.75,cluster_phonetic,4
dinge,4747,0.75,cluster_phonetic,4
springe,4747,0.75,cluster_phonetic,4
swinge,4747,0.75,cluster_phonetic,4
giag,4748,0.75,cluster_phonetic,4
asquint,4749,0.75,cluster_phonetic,4
landslip,4750,0.75,cluster_phonetic,4
minx,4751,0.75,cluster_phonetic,4
gyre,4752,0.75,cluster_phonetic,4
satyr,4753,0.75,cluster_phonetic,4
firk,4754,0.75,cluster_phonetic,4
stirk,4755,0.75,cluster_phonetic,4
chirm,4756,0.75,cluster_phonetic,4
phiz,4757,0.75,cluster_phonetic,4
amanuensis,4758,0.75,cluster_phonetic,4
aposiopesis,4759,0.75,cluster_phonetic,4
metempsychosis,4760,0.75,cluster_phonetic,4
phthisis,4761,0.75,cluster_phonetic,4
prolapsis,4762,0.75,cluster_phonetic,4
assize,4763,0.75,cluster_phonetic,4
catechise,4764,0.75,cluster_phonetic,4
sympathise,4764,0.75,cluster_phonetic,4
criticise,4765,0.75,cluster_phonetic,4
sacrifise,4766,0.75,cluster_phonetic,4
systematise,4767,0.75,cluster_phonetic,4
cuish,4768,0.75,cluster_phonetic,4
pish,4769,0.75,cluster_phonetic,4
basilisk,4770,0.75,cluster_phonetic,4
obelisk,4770,0.75,cluster_phonetic,4
abysm,4771,0.75,cluster_phonetic,4
chrism,4772,0.75,cluster_phonetic,4
vulgarism,4772,0.75,cluster_phonetic,4
euphuism,4773,0.75,cluster_phonetic,4
malthusianism,4774,0.75,cluster_phonetic,4
occultism,4775,0.75,cluster_phonetic,4
pantheism,4776,0.75,cluster_phonetic,4
solecism,4777,0.75,cluster_phonetic,4
witticism,4777,0.75,cluster_phonetic,4
syllogism,4778,0.75,cluster_phonetic,4
annalist,4779,0.75,cluster_phonetic,4
rationalist,4779,0.75,cluster_phonetic,4
ritualist,4779,0.75,cluster_phonetic,4
bigamist,4780,0.75,cluster_phonetic,4
diplomatist,4781,0.75,cluster_phonetic,4
dogmatist,4781,0.75,cluster_phonetic,4
humourist,4782,0.75,cluster_phonetic,4
papist,4783,0.75,cluster_phonetic,4
rhapsodist,4784,0.75,cluster_phonetic,4
sophist,4785,0.75,cluster_phonetic,4
whist,4785,0.75,cluster_phonetic,4
bowsprit,4786,0.75,cluster_phonetic,4
accite,4787,0.75,cluster_phonetic,4
aconite,4788,0.75,cluster_phonetic,4
disunite,4788,0.75,cluster_phonetic,4
anchorite,4789,0.75,cluster_phonetic,4
archimandrite,4789,0.75,cluster_phonetic,4
sybarite,4789,0.75,cluster_phonetic,4
coenobite,4790,0.75,cluster_phonetic,4
proselyte,4791,0.75,cluster_phonetic,4
requite,4792,0.75,cluster_phonetic,4
smite,4793,0.75,cluster_phonetic,4
stalactite,4794,0.75,cluster_phonetic,4
vcit,4795,0.75,cluster_phonetic,4
zoophyte,4796,0.75,cluster_phonetic,4
hithe,4797,0.75,cluster_phonetic,4
kith,4798,0.75,cluster_phonetic,4
sith,4799,0.75,cluster_phonetic,4
gyve,4800,0.75,cluster_phonetic,4
demonstrativ,4801,0.75,cluster_phonetic,4
hydrostatics,4802,0.75,cluster_phonetic,4
rheumatics,4802,0.75,cluster_phonetic,4
static's,4802,0.75,cluster_phonetic,4
chapeau,4803,0.75,cluster_phonetic,4
stingo,4804,0.75,cluster_phonetic,4
octavo,4805,0.75,cluster_phonetic,4
peccadillo,4806,0.75,cluster_phonetic,4
petto,4807,0.75,cluster_phonetic,4
seraglio,4808,0.75,cluster_phonetic,4
sirocco,4809,0.75,cluster_phonetic,4
abroach,4810,0.75,cluster_phonetic,4
loach,4810,0.75,cluster_phonetic,4
cabob,4811,0.75,cluster_phonetic,4
squab,4812,0.75,cluster_phonetic,4
conglobe,4813,0.75,cluster_phonetic,4
bannock,4814,0.75,cluster_phonetic,4
pibroch,4815,0.75,cluster_phonetic,4
toque,4816,0.75,cluster_phonetic,4
incommode,4817,0.75,cluster_phonetic,4
pedagogue,4818,0.75,cluster_phonetic,4
prorogue,4818,0.75,cluster_phonetic,4
shog,4819,0.75,cluster_phonetic,4
woad,4820,0.75,cluster_phonetic,4
mome,4821,0.75,cluster_phonetic,4
diapason,4822,0.75,cluster_phonetic,4
environ,4823,0.75,cluster_phonetic,4
mammon,4824,0.75,cluster_phonetic,4
orison,4825,0.75,cluster_phonetic,4
simpleton,4826,0.75,cluster_phonetic,4
despond,4827,0.75,cluster_phonetic,4
enthrone,4828,0.75,cluster_phonetic,4
billet-doux,4829,0.75,cluster_phonetic,4
imbrue,4830,0.75,cluster_phonetic,4
behoof,4831,0.75,cluster_phonetic,4
disproof,4832,0.75,cluster_phonetic,4
reproof,4832,0.75,cluster_phonetic,4
bas-blue,4833,0.75,cluster_phonetic,4
befool,4834,0.75,cluster_phonetic,4
pule,4835,0.75,cluster_phonetic,4
basoon,4836,0.75,cluster_phonetic,4
dragoon,4837,0.75,cluster_phonetic,4
octoroon,4838,0.75,cluster_phonetic,4
poltroon,4838,0.75,cluster_phonetic,4
quadroon,4838,0.75,cluster_phonetic,4
rheum,4839,0.75,cluster_phonetic,4
shalloon,4840,0.75,cluster_phonetic,4
shoon,4841,0.75,cluster_phonetic,4
simoon,4842,0.75,cluster_phonetic,4
spoora,4843,0.75,cluster_phonetic,4
paramour,4844,0.75,cluster_phonetic,4
collop,4845,0.75,cluster_phonetic,4
trollop,4845,0.75,cluster_phonetic,4
cheroot,4846,0.75,cluster_phonetic,4
aslope,4847,0.75,cluster_phonetic,4
interlope,4847,0.75,cluster_phonetic,4
trope,4848,0.75,cluster_phonetic,4
flavour,4849,0.75,cluster_phonetic,4
pnor,4850,0.75,cluster_phonetic,4
foreborne,4851,0.75,cluster_phonetic,4
overborne,4851,0.75,cluster_phonetic,4
foresworn,4852,0.75,cluster_phonetic,4
lovelorn,4853,0.75,cluster_phonetic,4
multiform,4854,0.75,cluster_phonetic,4
sorn,4855,0.75,cluster_phonetic,4
suborn,4856,0.75,cluster_phonetic,4
torse,4857,0.75,cluster_phonetic,4
unhorse,4857,0.75,cluster_phonetic,4
discompose,4858,0.75,cluster_phonetic,4
recompose,4858,0.75,cluster_phonetic,4
bathos,4859,0.75,cluster_phonetic,4
boycot,4860,0.75,cluster_phonetic,4
complot,4861,0.75,cluster_phonetic,4
counterplot,4861,0.75,cluster_phonetic,4
grot,4862,0.75,cluster_phonetic,4
melilot,4863,0.75,cluster_phonetic,4
quat,4864,0.75,cluster_phonetic,4
lote,4865,0.75,cluster_phonetic,4
smote,4866,0.75,cluster_phonetic,4
avouch,4867,0.75,cluster_phonetic,4
retouch,4867,0.75,cluster_phonetic,4
barouche,4868,0.75,cluster_phonetic,4
chough,4869,0.75,cluster_phonetic,4
nough,4869,0.75,cluster_phonetic,4
besought,4870,0.75,cluster_phonetic,4
bethought,4870,0.75,cluster_phonetic,4
nought,4870,0.75,cluster_phonetic,4
oercloud,4871,0.75,cluster_phonetic,4
drouth,4872,0.75,cluster_phonetic,4
beelzebub,4873,0.75,cluster_phonetic,4
slub,4874,0.75,cluster_phonetic,4
conduce,4875,0.75,cluster_phonetic,4
traduce,4875,0.75,cluster_phonetic,4
obstruse,4876,0.75,cluster_phonetic,4
puce,4877,0.75,cluster_phonetic,4
chuff,4878,0.75,cluster_phonetic,4
counterbuff,4879,0.75,cluster_phonetic,4
importune,4880,0.75,cluster_phonetic,4
untune,4880,0.75,cluster_phonetic,4
runt,4881,0.75,cluster_phonetic,4
slunk,4882,0.75,cluster_phonetic,4
calenture,4883,0.75,cluster_phonetic,4
coverture,4883,0.75,cluster_phonetic,4
portraiture,4883,0.75,cluster_phonetic,4
primogeniture,4883,0.75,cluster_phonetic,4
immure,4884,0.75,cluster_phonetic,4
ordure,4885,0.75,cluster_phonetic,4
churl,4886,0.75,cluster_phonetic,4
furl,4887,0.75,cluster_phonetic,4
purl,4888,0.75,cluster_phonetic,4
uncurl,4889,0.75,cluster_phonetic,4
uncurl,4889,0.75,cluster_phonetic,4
accurst,4890,0.75,cluster_phonetic,4
curst,4890,0.75,cluster_phonetic,4
discerp,4891,0.75,cluster_phonetic,4
extirp,4892,0.75,cluster_phonetic,4
dispers,4893,0.75,cluster_phonetic,4
dispers,4893,0.75,cluster_phonetic,4
arquebuse,4894,0.75,cluster_phonetic,4
calcareous,4895,0.75,cluster_phonetic,4
fatuus,4896,0.75,cluster_phonetic,4
hocus-pocus,4897,0.75,cluster_phonetic,4
ignis,4898,0.75,cluster_phonetic,4
incubus,4899,0.75,cluster_phonetic,4
overplus,4900,0.75,cluster_phonetic,4
thaumaturgus,4901,0.75,cluster_phonetic,4
scut,4902,0.75,cluster_phonetic,4
intrust,4903,0.75,cluster_phonetic,4
catgut,4904,0.75,cluster_phonetic,4
englut,4905,0.75,cluster_phonetic,4
bruit,4906,0.75,cluster_phonetic,4
confute,4907,0.75,cluster_phonetic,4
depute,4908,0.75,cluster_phonetic,4
mpute,4908,0.75,cluster_phonetic,4
dissolute,4909,0.75,cluster_phonetic,4
affability,4910,0.75,cluster_phonetic,4
immutability,4910,0.75,cluster_phonetic,4
jollity,4910,0.75,cluster_phonetic,4
mutability,4910,0.75,cluster_phonetic,4
prodigality,4910,0.75,cluster_phonetic,4
rascality,4910,0.75,cluster_phonetic,4
volubility,4910,0.75,cluster_phonetic,4
apostasy,4911,0.75,cluster_phonetic,4
augury,4912,0.75,cluster_phonetic,4
bigamy,4913,0.75,cluster_phonetic,4
cosmography,4914,0.75,cluster_phonetic,4
declivity,4915,0.75,cluster_phonetic,4
drollery,4916,0.75,cluster_phonetic,4
raillery,4916,0.75,cluster_phonetic,4
dusky,4917,0.75,cluster_phonetic,4
extempore,4918,0.75,cluster_phonetic,4
fructify,4919,0.75,cluster_phonetic,4
futurity,4920,0.75,cluster_phonetic,4
gaiety,4921,0.75,cluster_phonetic,4
impiety,4921,0.75,cluster_phonetic,4
immensity,4922,0.75,cluster_phonetic,4
impecuniosity,4922,0.75,cluster_phonetic,4
impetuosity,4922,0.75,cluster_phonetic,4
luminosity,4922,0.75,cluster_phonetic,4
verbosity,4922,0.75,cluster_phonetic,4
importunity,4923,0.75,cluster_phonetic,4
malignity,4923,0.75,cluster_phonetic,4
inclemency,4924,0.75,cluster_phonetic,4
knavery,4925,0.75,cluster_phonetic,4
magnanimity,4926,0.75,cluster_phonetic,4
sublimity,4926,0.75,cluster_phonetic,4
meanly,4927,0.75,cluster_phonetic,4
womanly,4927,0.75,cluster_phonetic,4
minatory,4928,0.75,cluster_phonetic,4
mummery,4929,0.75,cluster_phonetic,4
oeauty,4930,0.75,cluster_phonetic,4
orgie,4931,0.75,cluster_phonetic,4
outfly,4932,0.75,cluster_phonetic,4
outvie,4933,0.75,cluster_phonetic,4
palmy,4934,0.75,cluster_phonetic,4
peijury,4935,0.75,cluster_phonetic,4
posy,4936,0.75,cluster_phonetic,4
profundity,4937,0.75,cluster_phonetic,4
rotundity,4937,0.75,cluster_phonetic,4
prophesy,4938,0.75,cluster_phonetic,4
putrefy,4939,0.75,cluster_phonetic,4
puufy,4940,0.75,cluster_phonetic,4
queenly,4941,0.75,cluster_phonetic,4
scarify,4942,0.75,cluster_phonetic,4
scurvy,4943,0.75,cluster_phonetic,4
shilly-shally,4944,0.75,cluster_phonetic,4
strophe,4945,0.75,cluster_phonetic,4
stupefy,4946,0.75,cluster_phonetic,4
tautology,4947,0.75,cluster_phonetic,4
theosophy,4948,0.75,cluster_phonetic,4
trigonometry,4949,0.75,cluster_phonetic,4
trumpery,4950,0.75,cluster_phonetic,4
vacuity,4951,0.75,cluster_phonetic,4
villainy,4952,0.75,cluster_phonetic,4
villify,4953,0.75,cluster_phonetic,4
vivify,4954,0.75,cluster_phonetic,4
worthily,4955,0.75,cluster_phonetic,4
sho,4956,0.75,cluster_phonetic,4
livin,4957,0.75,cluster_phonetic,4
sum,4958,0.75,cluster_phonetic,4
hearin,4959,0.75,cluster_phonetic,4
dyin,4960,0.75,cluster_phonetic,4
totu,4961,0.75,cluster_phonetic,4
savin,4962,0.75,cluster_phonetic,4
cosmos,4963,0.75,cluster_phonetic,4
moonlight's,4964,0.75,cluster_phonetic,4
crevices,4965,0.75,cluster_phonetic,4
mind's,4966,0.75,cluster_phonetic,4
siren's,4967,0.75,cluster_phonetic,4
crawlin,4968,0.75,cluster_phonetic,4
knelled,4969,0.75,cluster_phonetic,4
micro,4970,0.75,cluster_phonetic,4
chrome's,4971,0.75,cluster_phonetic,4
until,4972,0.75,cluster_phonetic,4
bold,4973,0.75,cluster_phonetic,4
mastermind,4974,0.75,cluster_phonetic,4
details,4975,0.75,cluster_phonetic,4
fails,4975,0.75,cluster_phonetic,4
rails,4975,0.75,cluster_phonetic,4
sails,4975,0.75,cluster_phonetic,4
snail's,4975,0.75,cluster_phonetic,4
wails,4975,0.75,cluster_phonetic,4
sittin,4976,0.75,cluster_phonetic,4
spittin,4976,0.75,cluster_phonetic,4
sig,4977,0.75,cluster_phonetic,4
hurtful,4978,0.75,cluster_phonetic,4
crackle,4979,0.75,cluster_phonetic,4
shackle,4979,0.75,cluster_phonetic,4
pinned,4980,0.75,cluster_phonetic,4
pages,4981,0.75,cluster_phonetic,4
cymbals,4982,0.75,cluster_phonetic,4
smothered,4983,0.75,cluster_phonetic,4
whispered,4983,0.75,cluster_phonetic,4
unbind,4984,0.75,cluster_phonetic,4
poppers,4985,0.75,cluster_phonetic,4
sprinkle,4986,0.75,cluster_phonetic,4
catacombs,4987,0.75,cluster_phonetic,4
edges,4988,0.75,cluster_phonetic,4
mornin,4989,0.75,cluster_phonetic,4
murm,4990,0.75,cluster_phonetic,4
waltz,4991,0.75,cluster_phonetic,4
sculptor,4992,0.75,cluster_phonetic,4
ciphers,4993,0.75,cluster_phonetic,4
cosmic,4994,0.75,cluster_phonetic,4
pailin,4995,0.75,cluster_phonetic,4
trailin,4995,0.75,cluster_phonetic,4
sleeves,4996,0.75,cluster_phonetic,4
airesponse,4997,0.75,cluster_phonetic,4
lamps,4998,0.75,cluster_phonetic,4
farthingale's,4999,0.75,cluster_phonetic,4
inscribed,5000,0.75,cluster_phonetic,4
heist,5001,0.75,cluster_phonetic,4
fire's,5002,0.75,cluster_phonetic,4
wires,5002,0.75,cluster_phonetic,4
grandee,5003,0.75,cluster_phonetic,4
wire's,5004,0.75,cluster_phonetic,4
calibr,5005,0.75,cluster_phonetic,4
rows,5006,0.75,cluster_phonetic,4
lur,5007,0.75,cluster_phonetic,4
paprika's,5008,0.75,cluster_phonetic,4
mayhem,5009,0.75,cluster_phonetic,4
bew,5010,0.75,cluster_phonetic,4
slicin,5011,0.75,cluster_phonetic,4
alibi,5012,0.75,cluster_phonetic,4
canvas,5013,0.75,cluster_phonetic,4
logs,5014,0.75,cluster_phonetic,4
seep,5015,0.75,cluster_phonetic,4
they're,5016,0.75,cluster_phonetic,4
blacksmith,5017,0.75,cluster_phonetic,4
threads,5018,0.75,cluster_phonetic,4
city's,5019,0.75,cluster_phonetic,4
qualms,5020,0.75,cluster_phonetic,4
comet,5021,0.75,cluster_phonetic,4
whirlwind,5022,0.75,cluster_phonetic,4
ingredients,5023,0.75,cluster_phonetic,4
serpent's,5023,0.75,cluster_phonetic,4
nerves,5024,0.75,cluster_phonetic,4
enchantments,5025,0.75,cluster_phonetic,4
tombs,5026,0.75,cluster_phonetic,4
doppelg,5027,0.75,cluster_phonetic,4
spew,5028,0.75,cluster_phonetic,4
fractured,5029,0.75,cluster_phonetic,4
scoured,5029,0.75,cluster_phonetic,4
jars,5030,0.75,cluster_phonetic,4
eavesdrop,5031,0.75,cluster_phonetic,4
entailed,5032,0.75,cluster_phonetic,4
cooked,5033,0.75,cluster_phonetic,4
juror,5034,0.75,cluster_phonetic,4
madman,5035,0.75,cluster_phonetic,4
sole,5036,0.75,cluster_phonetic,4
bozos,5037,0.75,cluster_phonetic,4
hues,5038,0.75,cluster_phonetic,4
enthralled,5039,0.75,cluster_phonetic,4
hollowed,5040,0.75,cluster_phonetic,4
tempest's,5041,0.75,cluster_phonetic,4
ladle,5042,0.75,cluster_phonetic,4
ion,5043,0.75,cluster_phonetic,4
fists,5044,0.75,cluster_phonetic,4
chisel,5045,0.75,cluster_phonetic,4
redef,5046,0.75,cluster_phonetic,4
signal,5047,0.75,cluster_phonetic,4
slicing,5048,0.75,cluster_phonetic,4
witch's,5049,0.75,cluster_phonetic,4
fiery,5050,0.75,cluster_phonetic,4
motherboard's,5051,0.75,cluster_phonetic,4
dri,5052,0.75,cluster_phonetic,4
misfortune,5053,0.75,cluster_phonetic,4
align,5054,0.75,cluster_phonetic,4
haywire,5055,0.75,cluster_phonetic,4
archive,5056,0.75,cluster_phonetic,4
snarl,5057,0.75,cluster_phonetic,4
shells,5058,0.75,cluster_phonetic,4
spells,5058,0.75,cluster_phonetic,4
manor,5059,0.75,cluster_phonetic,4
mixing,5060,0.75,cluster_phonetic,4
into,5061,0.75,cluster_phonetic,4
siren,5062,0.75,cluster_phonetic,4
eyed,5063,0.75,cluster_phonetic,4
alloys,5064,0.75,cluster_phonetic,4
signals,5065,0.75,cluster_phonetic,4
charted,5066,0.75,cluster_phonetic,4
unyieldable,5067,0.75,cluster_phonetic,4
coil's,5068,0.75,cluster_phonetic,4
folios,5069,0.75,cluster_phonetic,4
syllables,5070,0.75,cluster_phonetic,4
pain's,5071,0.75,cluster_phonetic,4
villain's,5071,0.75,cluster_phonetic,4
neb,5072,0.75,cluster_phonetic,4
countermeasures,5073,0.75,cluster_phonetic,4
sculptures,5073,0.75,cluster_phonetic,4
conspiracies,5074,0.75,cluster_phonetic,4
delicacies,5074,0.75,cluster_phonetic,4
frequencies,5074,0.75,cluster_phonetic,4
untold,5075,0.75,cluster_phonetic,4
comics,5076,0.75,cluster_phonetic,4
recalibrated,5077,0.75,cluster_phonetic,4
exhaled,5078,0.75,cluster_phonetic,4
impaled,5078,0.75,cluster_phonetic,4
echoes,5079,0.75,cluster_phonetic,4
uncoiled,5080,0.75,cluster_phonetic,4
manifests,5081,0.75,cluster_phonetic,4
warps,5082,0.75,cluster_phonetic,4
hidden,5083,0.75,cluster_phonetic,4
ridden,5083,0.75,cluster_phonetic,4
riddles,5084,0.75,cluster_phonetic,4
ducts,5085,0.75,cluster_phonetic,4
flaw,5086,0.75,cluster_phonetic,4
ultr,5087,0.75,cluster_phonetic,4
aab,5088,0.75,cluster_phonetic,4
sewn,5089,0.75,cluster_phonetic,4
runes,5090,0.75,cluster_phonetic,4
kevins,5091,0.75,cluster_phonetic,4
alloyed,5092,0.75,cluster_phonetic,4
techn,5093,0.75,cluster_phonetic,4
keyhole,5094,0.75,cluster_phonetic,4
chrome,5095,0.75,cluster_phonetic,4
tongues,5096,0.75,cluster_phonetic,4
norm,5097,0.75,cluster_phonetic,4
midst,5098,0.75,cluster_phonetic,4
arts,5099,0.75,cluster_phonetic,4
heart's,5099,0.75,cluster_phonetic,4
hearts,5099,0.75,cluster_phonetic,4
thunders,5100,0.75,cluster_phonetic,4
traders,5100,0.75,cluster_phonetic,4
transponders,5100,0.75,cluster_phonetic,4
marinades,5101,0.75,cluster_phonetic,4
sewers,5102,0.75,cluster_phonetic,4
warzone,5103,0.75,cluster_phonetic,4
spectral,5104,0.75,cluster_phonetic,4
mustn't,5105,0.75,cluster_phonetic,4
blend,5106,0.75,cluster_phonetic,4
phoenix,5107,0.75,cluster_phonetic,4
caves,5108,0.75,cluster_phonetic,4
shaves,5108,0.75,cluster_phonetic,4
console,5109,0.75,cluster_phonetic,4
twistin,5110,0.75,cluster_phonetic,4
viscous,5111,0.75,cluster_phonetic,4
encrypted,5112,0.75,cluster_phonetic,4
vandal,5113,0.75,cluster_phonetic,4
unt,5114,0.75,cluster_phonetic,4
krylon,5115,0.75,cluster_phonetic,4
inh,5116,0.75,cluster_phonetic,4
concrete's,5117,0.75,cluster_phonetic,4
dials,5118,0.75,cluster_phonetic,4
tail's,5119,0.75,cluster_phonetic,4
air's,5120,0.75,cluster_phonetic,4
spect,5121,0.75,cluster_phonetic,4
phantom's,5122,0.75,cluster_phonetic,4
dig,5123,0.75,cluster_phonetic,4
graphite,5124,0.75,cluster_phonetic,4
exhalations,5125,0.75,cluster_phonetic,4
storm's,5126,0.75,cluster_phonetic,4
cauld,5127,0.75,cluster_phonetic,4
clutches,5128,0.75,cluster_phonetic,4
touches,5128,0.75,cluster_phonetic,4
they'll,5129,0.75,cluster_phonetic,4
elixirs,5130,0.75,cluster_phonetic,4
stirs,5131,0.75,cluster_phonetic,4
byte,5132,0.75,cluster_phonetic,4
who's,5133,0.75,cluster_phonetic,4
blackest,5134,0.75,cluster_phonetic,4
mask's,5135,0.75,cluster_phonetic,4
malice,5136,0.75,cluster_phonetic,4
lanes,5137,0.75,cluster_phonetic,4
masked,5138,0.75,cluster_phonetic,4
scrambled,5139,0.75,cluster_phonetic,4
tubes,5140,0.75,cluster_phonetic,4
solder's,5141,0.75,cluster_phonetic,4
protos,5142,0.75,cluster_phonetic,4
timepiece,5143,0.75,cluster_phonetic,4
acetates,5144,0.75,cluster_phonetic,4
fume,5145,0.75,cluster_phonetic,4
sewer,5146,0.75,cluster_phonetic,4
ai's,5147,0.75,cluster_phonetic,4
immer,5148,0.75,cluster_phonetic,4
pulls,5149,0.75,cluster_phonetic,4
lifeblood,5150,0.75,cluster_phonetic,4
slabs,5151,0.75,cluster_phonetic,4
forin,5152,0.75,cluster_phonetic,4
murmurs,5153,0.75,cluster_phonetic,4
gales,5154,0.75,cluster_phonetic,4
furnace,5155,0.75,cluster_phonetic,4
fol,5156,0.75,cluster_phonetic,4
plea,5157,0.75,cluster_phonetic,4
portrait,5158,0.75,cluster_phonetic,4
circuits,5159,0.75,cluster_phonetic,4
conduits,5159,0.75,cluster_phonetic,4
foggy,5160,0.75,cluster_phonetic,4
vigil,5161,0.75,cluster_phonetic,4
troubadour,5162,0.75,cluster_phonetic,4
conco,5163,0.75,cluster_phonetic,4
corro,5164,0.75,cluster_phonetic,4
hootin,5165,0.75,cluster_phonetic,4
chem,5166,0.75,cluster_phonetic,4
sub,5167,0.75,cluster_phonetic,4
hustles,5168,0.75,cluster_phonetic,4
i've,5169,0.75,cluster_phonetic,4
world's,5170,0.75,cluster_phonetic,4
historian,5171,0.75,cluster_phonetic,4
intens,5172,0.75,cluster_phonetic,4
hust,5173,0.75,cluster_phonetic,4
reactors,5174,0.75,cluster_phonetic,4
traitors,5174,0.75,cluster_phonetic,4
mirrors,5175,0.75,cluster_phonetic,4
geyser,5176,0.75,cluster_phonetic,4
alloy,5177,0.75,cluster_phonetic,4
howl,5178,0.75,cluster_phonetic,4
sigil,5179,0.75,cluster_phonetic,4
entropy's,5180,0.75,cluster_phonetic,4
beacon,5181,0.75,cluster_phonetic,4
fades,5182,0.75,cluster_phonetic,4
sauce's,5183,0.75,cluster_phonetic,4
vaults,5184,0.75,cluster_phonetic,4
proto,5185,0.75,cluster_phonetic,4
planned,5186,0.75,cluster_phonetic,4
quartz,5187,0.75,cluster_phonetic,4
unspun,5188,0.75,cluster_phonetic,4
dimly,5189,0.75,cluster_phonetic,4
grids,5190,0.75,cluster_phonetic,4
traitor's,5191,0.75,cluster_phonetic,4
shadowy,5192,0.75,cluster_phonetic,4
width,5193,0.75,cluster_phonetic,4
courthouses,5194,0.75,cluster_phonetic,4
lighthouses,5194,0.75,cluster_phonetic,4
grimoire,5195,0.75,cluster_phonetic,4
drifts,5196,0.75,cluster_phonetic,4
rifts,5196,0.75,cluster_phonetic,4
vinegars,5197,0.75,cluster_phonetic,4
counterme,5198,0.75,cluster_phonetic,4
denied,5199,0.75,cluster_phonetic,4
shorelines,5200,0.75,cluster_phonetic,4
broth,5201,0.75,cluster_phonetic,4
cruc,5202,0.75,cluster_phonetic,4
fritz,5203,0.75,cluster_phonetic,4
garde,5204,0.75,cluster_phonetic,4
visa,5205,0.75,cluster_phonetic,4
hopped,5206,0.75,cluster_phonetic,4
cloak,5207,0.75,cluster_phonetic,4
smeltery,5208,0.75,cluster_phonetic,4
coal,5209,0.75,cluster_phonetic,4
folds,5210,0.75,cluster_phonetic,4
silicon,5211,0.75,cluster_phonetic,4
we'll,5212,0.75,cluster_phonetic,4
inc,5213,0.75,cluster_phonetic,4
saturn,5214,0.75,cluster_phonetic,4
archives,5215,0.75,cluster_phonetic,4
refusal,5216,0.75,cluster_phonetic,4
sacred,5217,0.75,cluster_phonetic,4
beakers,5218,0.75,cluster_phonetic,4
spools,5219,0.75,cluster_phonetic,4
floorboard,5220,0.75,cluster_phonetic,4
motherboard,5220,0.75,cluster_phonetic,4
broadcasts,5221,0.75,cluster_phonetic,4
alchemist's,5222,0.75,cluster_phonetic,4
diagrams,5223,0.75,cluster_phonetic,4
catalyst,5224,0.75,cluster_phonetic,4
slitherin,5225,0.75,cluster_phonetic,4
neon,5226,0.75,cluster_phonetic,4
voids,5227,0.75,cluster_phonetic,4
emulsify,5228,0.75,cluster_phonetic,4
unlearned,5229,0.75,cluster_phonetic,4
schemes,5230,0.75,cluster_phonetic,4
landscape,5231,0.75,cluster_phonetic,4
what's,5232,0.75,cluster_phonetic,4
airwaves,5233,0.75,cluster_phonetic,4
tomes,5234,0.75,cluster_phonetic,4
exh,5235,0.75,cluster_phonetic,4
shreds,5236,0.75,cluster_phonetic,4
puppeteer's,5237,0.75,cluster_phonetic,4
scientist,5238,0.75,cluster_phonetic,4
fractal,5239,0.75,cluster_phonetic,4
corridors,5240,0.75,cluster_phonetic,4
lore,5241,0.75,cluster_phonetic,4
fumes,5242,0.75,cluster_phonetic,4
exorc,5243,0.75,cluster_phonetic,4
coins,5244,0.75,cluster_phonetic,4
bulbs,5245,0.75,cluster_phonetic,4
prowl,5246,0.75,cluster_phonetic,4
untailed,5247,0.75,cluster_phonetic,4
gau,5248,0.75,cluster_phonetic,4
masala,5249,0.75,cluster_phonetic,4
cans,5250,0.75,cluster_phonetic,4
chameleon,5251,0.75,cluster_phonetic,4
chambers,5252,0.75,cluster_phonetic,4
plots,5253,0.75,cluster_phonetic,4
crypts,5254,0.75,cluster_phonetic,4
volatile,5255,0.75,cluster_phonetic,4
stormy,5256,0.75,cluster_phonetic,4
doubts,5257,0.75,cluster_phonetic,4
ain,5258,0.75,cluster_phonetic,4
disperser,5259,0.75,cluster_phonetic,4
damned,5260,0.75,cluster_phonetic,4
inkwell,5261,0.75,cluster_phonetic,4
reels,5262,0.75,cluster_phonetic,4
fallen,5263,0.75,cluster_phonetic,4
knuckles,5264,0.75,cluster_phonetic,4
sullied,5265,0.75,cluster_phonetic,4
intertw,5266,0.75,cluster_phonetic,4
tersers,5267,0.75,cluster_phonetic,4
elixir,5268,0.75,cluster_phonetic,4
quagmire,5269,0.75,cluster_phonetic,4
megahertz,5270,0.75,cluster_phonetic,4
spirit's,5271,0.75,cluster_phonetic,4
hallways,5272,0.75,cluster_phonetic,4
lexicons,5273,0.75,cluster_phonetic,4
glitching,5274,0.75,cluster_phonetic,4
lighthouse,5275,0.75,cluster_phonetic,4
flasks,5276,0.75,cluster_phonetic,4
masks,5276,0.75,cluster_phonetic,4
coded,5277,0.75,cluster_phonetic,4
deceived,5278,0.75,cluster_phonetic,4
dooms,5279,0.75,cluster_phonetic,4
disperses,5280,0.75,cluster_phonetic,4
medium,5281,0.75,cluster_phonetic,4
kell,5282,0.75,cluster_phonetic,4
supervillain,5283,0.75,cluster_phonetic,4
unyield,5284,0.75,cluster_phonetic,4
til,5285,0.75,cluster_phonetic,4
myth,5286,0.75,cluster_phonetic,4
mus,5287,0.75,cluster_phonetic,4
dreamin,5288,0.75,cluster_phonetic,4
crucible,5289,0.75,cluster_phonetic,4
maestro,5290,0.75,cluster_phonetic,4
soul's,5291,0.75,cluster_phonetic,4
decrypted,5292,0.75,cluster_phonetic,4
scrolls,5293,0.75,cluster_phonetic,4
jar,5294,0.75,cluster_phonetic,4
compounds,5295,0.75,cluster_phonetic,4
holl,5296,0.75,cluster_phonetic,4
shown,5297,0.75,cluster_phonetic,4
gaps,5298,0.75,cluster_phonetic,4
trans,5299,0.75,cluster_phonetic,4
antenna,5300,0.75,cluster_phonetic,4
blip,5301,0.75,cluster_phonetic,4
etched,5302,0.75,cluster_phonetic,4
dazed,5303,0.75,cluster_phonetic,4
moon's,5304,0.75,cluster_phonetic,4
shadow,5305,0.75,cluster_phonetic,4
entirety,5306,0.75,cluster_phonetic,4
craw,5307,0.75,cluster_phonetic,4
modern,5308,0.75,cluster_phonetic,4
you'll,5309,0.75,cluster_phonetic,4
sigils,5310,0.75,cluster_phonetic,4
sym,5311,0.75,cluster_phonetic,4
circuitry,5312,0.75,cluster_phonetic,4
eth,5313,0.75,cluster_phonetic,4
story's,5314,0.75,cluster_phonetic,4
kaleidoscopic,5315,0.75,cluster_phonetic,4
accord,5316,0.75,cluster_phonetic,4
sauces,5317,0.75,cluster_phonetic,4
keyst,5318,0.75,cluster_phonetic,4
owl,5319,0.75,cluster_phonetic,4
denizens,5320,0.75,cluster_phonetic,4
sorrow,5321,0.75,cluster_phonetic,4
poison's,5322,0.75,cluster_phonetic,4
spices,5323,0.75,cluster_phonetic,4
chasms,5324,0.75,cluster_phonetic,4
synth,5325,0.75,cluster_phonetic,4
herbs,5326,0.75,cluster_phonetic,4
occult,5327,0.75,cluster_phonetic,4
web,5328,0.75,cluster_phonetic,4
reptile,5329,0.75,cluster_phonetic,4
tem,5330,0.75,cluster_phonetic,4
